ID;Приоритет;Ранг миллионника (ориент.);Фед. округ;Субъект РФ;Населённый пункт;Тип учреждения;Название;Адрес;Телефон;Часы приёма доноров;Запись;Виды донаций (подтверждено);Требования к донору;Примечания / проверить;Статус данных;Источник 1;Источник 2 (часы, запись);Дата проверки
BS-0001;1 — город-миллионник;1;ЦФО;г. Москва;Москва;Станция / центр крови (головное учреждение);ГБУЗ «Центр крови им. О.К. Гаврилова ДЗМ» (м. Беговая);ул. Поликарпова, д. 14, корп. 2;+7 (495) 946-19-96;Ежедневно 08:00–13:30, кроме государственных праздников;"Цельная кровь — без записи; тромбоциты — онлайн-запись на donor.mos.ru (слоты открываются за 3 дня в 12:00)";"Цельная кровь; тромбоциты";Паспорт и СНИЛС;В списке НМИЦ учреждение указано по адресу ул. Поликарпова, д. 15 без разбивки по отделениям;Подтверждено по сайту учреждения / Службе крови;https://t.me/s/bloodcenter_dzm?before=7261;https://yadonor.ru/bloodstations/moskva_spkdzm;2026-09-27
BS-0002;1 — город-миллионник;1;ЦФО;г. Москва;Москва;Станция / центр крови (головное учреждение);ГБУЗ «Центр крови им. О.К. Гаврилова ДЗМ» (м. Царицыно);ул. Бакинская, д. 31;+7 (495) 946-19-96;Ежедневно 08:00–13:30, кроме государственных праздников;"Цельная кровь — без записи; тромбоциты — онлайн-запись на donor.mos.ru (слоты открываются за 3 дня в 12:00)";"Цельная кровь; тромбоциты";Паспорт и СНИЛС;В списке НМИЦ учреждение указано по адресу ул. Поликарпова, д. 15 без разбивки по отделениям;Подтверждено по сайту учреждения / Службе крови;https://t.me/s/bloodcenter_dzm?before=7261;https://yadonor.ru/bloodstations/moskva_spkdzm;2026-09-27
BS-0003;1 — город-миллионник;1;ЦФО;г. Москва;Москва;Станция / центр крови (головное учреждение);ГБУЗ «Центр крови им. О.К. Гаврилова ДЗМ» (м. Шаболовская);ул. Шаболовка, д. 57;+7 (495) 946-19-96;Ежедневно 08:00–13:30, кроме государственных праздников;"Цельная кровь — без записи; тромбоциты — онлайн-запись на donor.mos.ru (слоты открываются за 3 дня в 12:00)";"Цельная кровь; тромбоциты";Паспорт и СНИЛС;В списке НМИЦ учреждение указано по адресу ул. Поликарпова, д. 15 без разбивки по отделениям;Подтверждено по сайту учреждения / Службе крови;https://t.me/s/bloodcenter_dzm?before=7261;https://yadonor.ru/bloodstations/moskva_spkdzm;2026-09-27
BS-0004;1 — город-миллионник;1;ЦФО;г. Москва;Москва;Отделение переливания крови в больнице;ГБУЗ «ГКБ им. А.К. Ерамишанцева ДЗМ»;ул. Ленская, д. 15;8 (495) 471-17-36 (9:00–21:00);;;;;;Только список НМИЦ;https://donor.blood.ru/contacts/gde-sdat-krov-v-regionakh.php;;2026-09-27
BS-0005;1 — город-миллионник;1;ЦФО;г. Москва;Москва;Отделение переливания крови в больнице;ГБУЗ «ГКБ им. В.М. Буянова ДЗМ»;ул. Бакинская, д. 26;8 (495) 321-13-27, 8 (495) 321-89-66 (будни 14:00–16:00);;;;;;Только список НМИЦ;https://donor.blood.ru/contacts/gde-sdat-krov-v-regionakh.php;;2026-09-27
BS-0006;1 — город-миллионник;1;ЦФО;г. Москва;Москва;Отделение переливания крови в больнице;ГБУЗ «ГКБ им. Е.О. Мухина ДЗМ»;Федеративный пр-т, д. 17;8 (495) 304-40-21 (будни 8:00–15:00);;;;;;Только список НМИЦ;https://donor.blood.ru/contacts/gde-sdat-krov-v-regionakh.php;;2026-09-27
BS-0007;1 — город-миллионник;1;ЦФО;г. Москва;Москва;Отделение переливания крови в больнице;ГБУЗ «ГКБ № 1 им. Н.И. Пирогова ДЗМ»;Ленинский пр., д. 8;8 (495) 958-61-00 (будни 13:00–15:00);;;;;;Только список НМИЦ;https://donor.blood.ru/contacts/gde-sdat-krov-v-regionakh.php;;2026-09-27
BS-0008;1 — город-миллионник;1;ЦФО;г. Москва;Москва;Отделение переливания крови в больнице;ГБУЗ «ГКБ № 15 им. О.М. Филатова ДЗМ»;ул. Вешняковская, д. 23;8 (495) 375-13-02 (будни 12:00–14:30);;;;;;Только список НМИЦ;https://donor.blood.ru/contacts/gde-sdat-krov-v-regionakh.php;;2026-09-27
BS-0009;1 — город-миллионник;1;ЦФО;г. Москва;Москва;Отделение переливания крови в больнице;ГБУЗ «ГКБ № 51 ДЗМ»;ул. Алябьева, д. 7/33;8 (499) 146-80-24;;;;;;Только список НМИЦ;https://donor.blood.ru/contacts/gde-sdat-krov-v-regionakh.php;;2026-09-27
BS-0010;1 — город-миллионник;1;ЦФО;г. Москва;Москва;Отделение переливания крови в больнице;ГБУЗ «ГКБ № 52 ДЗМ»;ул. Пехотная, д. 3;8 (499) 196-35-33, 8 (968) 009-13-27;;;;;;Только список НМИЦ;https://donor.blood.ru/contacts/gde-sdat-krov-v-regionakh.php;;2026-09-27
BS-0011;1 — город-миллионник;1;ЦФО;г. Москва;Москва;Отделение переливания крови в больнице;ГБУЗ «ГКБ № 67 им. Л.А. Ворохобова ДЗМ»;ул. Саляма Адиля, д. 2/44;8 (495) 530-33-38;;;;;;Только список НМИЦ;https://donor.blood.ru/contacts/gde-sdat-krov-v-regionakh.php;;2026-09-27
BS-0012;1 — город-миллионник;1;ЦФО;г. Москва;Москва;Отделение переливания крови в больнице;ГБУЗ «ММКЦ „Коммунарка“ ДЗМ»;ул. Касаткина, д. 7;8 (495) 683-34-94 (будни 14:00–16:00);;;;;;Только список НМИЦ;https://donor.blood.ru/contacts/gde-sdat-krov-v-regionakh.php;;2026-09-27
BS-0013;1 — город-миллионник;1;ЦФО;г. Москва;Москва;Отделение переливания крови в больнице;ГБУЗ «Морозовская ДГКБ ДЗМ»;4-й Добрынинский пер., д. 1/9;8 (495) 959-88-37, 8 (915) 030-52-27 (будни 8:00–16:00);;;;;;Только список НМИЦ;https://donor.blood.ru/contacts/gde-sdat-krov-v-regionakh.php;;2026-09-27
BS-0014;1 — город-миллионник;1;ЦФО;г. Москва;Москва;Отделение переливания крови в больнице;ГБУЗ «НИИ СП им. Н.В. Склифосовского ДЗМ»;Большая Сухаревская пл., д. 3;8 (495) 621-91-60 (будни 13:00–15:00), 8 (929) 941-65-29 (будни 9:00–15:00);;;;;;Только список НМИЦ;https://donor.blood.ru/contacts/gde-sdat-krov-v-regionakh.php;;2026-09-27
BS-0015;1 — город-миллионник;1;ЦФО;г. Москва;Москва;Отделение переливания крови в больнице;ГБУЗ «Центр планирования семьи и репродукции ДЗМ»;Севастопольский пр-т, д. 24а;8 (495) 331-94-00;;;;;;Только список НМИЦ;https://donor.blood.ru/contacts/gde-sdat-krov-v-regionakh.php;;2026-09-27
BS-0016;1 — город-миллионник;1;ЦФО;г. Москва;Москва;Федеральный центр / вуз (ОПК);МНИОИ им. П.А. Герцена — филиал НМИЦ радиологии;2-й Боткинский пр-д, д. 3;;;;;;;Только список НМИЦ;https://donor.blood.ru/contacts/gde-sdat-krov-v-regionakh.php;;2026-09-27
BS-0017;1 — город-миллионник;1;ЦФО;г. Москва;Москва;Федеральный центр / вуз (ОПК);НМИЦ АГП им. акад. В.И. Кулакова;ул. Академика Опарина, д. 4;;;;;;;Только список НМИЦ;https://donor.blood.ru/contacts/gde-sdat-krov-v-regionakh.php;;2026-09-27
BS-0018;1 — город-миллионник;1;ЦФО;г. Москва;Москва;Федеральный центр / вуз (ОПК);НМИЦ ДГОИ им. Дмитрия Рогачева;ул. Саморы Машела, д. 1;;;;;;;Только список НМИЦ;https://donor.blood.ru/contacts/gde-sdat-krov-v-regionakh.php;;2026-09-27
BS-0019;1 — город-миллионник;1;ЦФО;г. Москва;Москва;Федеральный центр / вуз (ОПК);НМИЦ ССХ им. А.Н. Бакулева;Ленинский пр-т, д. 8;;;;;;;Только список НМИЦ;https://donor.blood.ru/contacts/gde-sdat-krov-v-regionakh.php;;2026-09-27
BS-0020;1 — город-миллионник;1;ЦФО;г. Москва;Москва;Федеральный центр / вуз (ОПК);НМИЦ ТИО им. акад. В.И. Шумакова;ул. Щукинская, д. 1;;;;;;;Только список НМИЦ;https://donor.blood.ru/contacts/gde-sdat-krov-v-regionakh.php;;2026-09-27
BS-0021;1 — город-миллионник;1;ЦФО;г. Москва;Москва;Федеральный центр / вуз (ОПК);НМИЦ гематологии Минздрава России (отделение переливания крови);Новый Зыковский пр-д, д. 4;8 (495) 612-35-33 (пн–пт 9:00–16:00);;;;;;Только список НМИЦ;https://donor.blood.ru/contacts/gde-sdat-krov-v-regionakh.php;;2026-09-27
BS-0022;1 — город-миллионник;1;ЦФО;г. Москва;Москва;Федеральный центр / вуз (ОПК);НМИЦ нейрохирургии им. акад. Н.Н. Бурденко;ул. 4-я Тверская-Ямская, д. 16;;;;;;;Только список НМИЦ;https://donor.blood.ru/contacts/gde-sdat-krov-v-regionakh.php;;2026-09-27
BS-0023;1 — город-миллионник;1;ЦФО;г. Москва;Москва;Федеральный центр / вуз (ОПК);НМИЦ онкологии им. Н.Н. Блохина;Каширское ш., д. 24;;;;;;;Только список НМИЦ;https://donor.blood.ru/contacts/gde-sdat-krov-v-regionakh.php;;2026-09-27
BS-0024;1 — город-миллионник;1;ЦФО;г. Москва;Москва;Федеральный центр / вуз (ОПК);НМИЦ травматологии и ортопедии им. Н.Н. Приорова;ул. Приорова, д. 10;;;;;;;Только список НМИЦ;https://donor.blood.ru/contacts/gde-sdat-krov-v-regionakh.php;;2026-09-27
BS-0025;1 — город-миллионник;1;ЦФО;г. Москва;Москва;Федеральный центр / вуз (ОПК);НМИЦ хирургии им. А.В. Вишневского;ул. Б. Серпуховская, д. 27;;;;;;;Только список НМИЦ;https://donor.blood.ru/contacts/gde-sdat-krov-v-regionakh.php;;2026-09-27
BS-0026;1 — город-миллионник;1;ЦФО;г. Москва;Москва;Федеральный центр / вуз (ОПК);Сеченовский Университет;ул. Трубецкая, д. 8, стр. 2;;;;;;;Только список НМИЦ;https://donor.blood.ru/contacts/gde-sdat-krov-v-regionakh.php;;2026-09-27
BS-0027;1 — город-миллионник;1;ЦФО;г. Москва;Москва (Зеленоград);Отделение переливания крови в больнице;ГБУЗ «ГКБ им. М.П. Кончаловского ДЗМ»;Каштановая аллея, д. 2, стр. 1;8 (499) 734-23-43;;;;;;Только список НМИЦ;https://donor.blood.ru/contacts/gde-sdat-krov-v-regionakh.php;;2026-09-27
BS-0028;1 — город-миллионник;1;ЦФО;Московская область;Москва;Станция / центр крови (головное учреждение);ГБУЗ МО «Московский областной центр крови»;ул. Металлургов, д. 37А;8 (495) 304-02-21;;;;;"Учреждение соседнего региона, расположено в городе; условия для жителей города уточнять";Только список НМИЦ;https://donor.blood.ru/contacts/gde-sdat-krov-v-regionakh.php;;2026-09-27
BS-0029;1 — город-миллионник;1;ЦФО;Московская область;Москва;Отделение переливания крови в больнице;ГБУЗ МО «МОНИКИ им. М.Ф. Владимирского»;ул. Щепкина, д. 61/2;8 (495) 681-83-29, 631-72-82;;;;;"Учреждение соседнего региона, расположено в городе; условия для жителей города уточнять";Только список НМИЦ;https://donor.blood.ru/contacts/gde-sdat-krov-v-regionakh.php;;2026-09-27
BS-0030;1 — город-миллионник;2;СЗФО;Санкт-Петербург;Санкт-Петербург;Станция / центр крови (головное учреждение);СПб ГКУЗ «Городская станция переливания крови»;Московский пр., д. 104, лит. Х;8 (812) 635-68-85, +7 (905) 225-55-50;"Пн–пт 09:00–13:00; первая суббота месяца 09:00–13:00";"Будни — без записи, по донорскому светофору (запись через Госуслуги тоже доступна); суббота — только по записи через Госуслуги";"Цельная кровь; плазма; тромбоциты";;Периодически ограничивает приём первичных доноров — смотреть донорский светофор накануне;Подтверждено по сайту учреждения / Службе крови;https://donor.blood.ru/contacts/gde-sdat-krov-v-regionakh.php;"http://yadonorspb.ru/ ; https://yadonor.ru/bloodstations/yadonorspb ; https://medadvisor.ru/sankt-peterburg/clinic/8856";2026-09-27
BS-0031;1 — город-миллионник;2;СЗФО;Санкт-Петербург;Санкт-Петербург;Отделение переливания крови в больнице;СПб ГБУЗ «Городская Александровская больница»;пр. Солидарности, д. 4;8 (812) 587-60-74, +7 (911) 820-02-36;;;;;;Только список НМИЦ;https://donor.blood.ru/contacts/gde-sdat-krov-v-regionakh.php;;2026-09-27
BS-0032;1 — город-миллионник;2;СЗФО;Санкт-Петербург;Санкт-Петербург;Отделение переливания крови в больнице;СПб ГБУЗ «Городская Мариинская больница»;Литейный пр., д. 56;8 (812) 275-74-55;;;;;;Только список НМИЦ;https://donor.blood.ru/contacts/gde-sdat-krov-v-regionakh.php;;2026-09-27
BS-0033;1 — город-миллионник;2;СЗФО;Санкт-Петербург;Санкт-Петербург;Отделение переливания крови в больнице;СПб ГБУЗ «Городская больница Св. вмч. Георгия»;Северный пр., д. 1, лит. А;8 (812) 576-51-72;;;;;;Только список НМИЦ;https://donor.blood.ru/contacts/gde-sdat-krov-v-regionakh.php;;2026-09-27
BS-0034;1 — город-миллионник;2;СЗФО;Санкт-Петербург;Санкт-Петербург;Отделение переливания крови в больнице;СПб ГБУЗ «Городская больница Св. прмц. Елизаветы»;ул. Вавиловых, д. 14, лит. А;8 (812) 555-06-89;;;;;;Только список НМИЦ;https://donor.blood.ru/contacts/gde-sdat-krov-v-regionakh.php;;2026-09-27
BS-0035;1 — город-миллионник;2;СЗФО;Санкт-Петербург;Санкт-Петербург;Отделение переливания крови в больнице;СПб ГБУЗ «Городская больница № 15»;"ул. Авангардная, д. 4, корп. 8 (по yadonor.ru; в списке НМИЦ — корп. 5)";+7 (911) 764-58-97;;Только по предварительной записи по телефону (в часы приёма доноров запись не ведётся);;;;Подтверждено по сайту учреждения / Службе крови;https://donor.blood.ru/contacts/gde-sdat-krov-v-regionakh.php;https://yadonor.ru/bloodstations/spk1784;2026-09-27
BS-0036;1 — город-миллионник;2;СЗФО;Санкт-Петербург;Санкт-Петербург;Отделение переливания крови в больнице;СПб ГБУЗ «Городская больница № 26»;ул. Костюшко, д. 2;8 (812) 375-30-10;;;;;;Только список НМИЦ;https://donor.blood.ru/contacts/gde-sdat-krov-v-regionakh.php;;2026-09-27
BS-0037;1 — город-миллионник;2;СЗФО;Санкт-Петербург;Санкт-Петербург;Отделение переливания крови в больнице;СПб ГБУЗ «Городская клиническая больница № 31»;пр. Динамо, д. 3;8 (812) 246-00-55;;Онлайн-заявка на сайте больницы;"Цельная кровь; тромбоциты";;;Подтверждено по сайту учреждения / Службе крови;https://donor.blood.ru/contacts/gde-sdat-krov-v-regionakh.php;"https://www.spbsverdlovka.ru/zayavka-donora.html ; https://spbsverdlovka.ru/otdeleniya/sluzhba-krovi/pamyatka-donora/page-9.html";2026-09-27
BS-0038;1 — город-миллионник;2;СЗФО;Санкт-Петербург;Санкт-Петербург;Отделение переливания крови в больнице;СПб ГБУЗ «Городская многопрофильная больница № 2»;Учебный пер., д. 5;8 (812) 338-48-57;;;;;;Только список НМИЦ;https://donor.blood.ru/contacts/gde-sdat-krov-v-regionakh.php;;2026-09-27
BS-0039;1 — город-миллионник;2;СЗФО;Санкт-Петербург;Санкт-Петербург;Отделение переливания крови в больнице;СПб ГБУЗ «Городской клинический онкологический диспансер»;"2-я Березовая аллея, д. 3/5; пр. Ветеранов, д. 56";8 (812) 607-06-71, +7 (963) 315-98-88;;;;;;Только список НМИЦ;https://donor.blood.ru/contacts/gde-sdat-krov-v-regionakh.php;;2026-09-27
BS-0040;1 — город-миллионник;2;СЗФО;Санкт-Петербург;Санкт-Петербург;Федеральный центр / вуз (ОПК);ГБУЗ «СПб КНпЦСВМП(о)» (онкологический);пос. Песочный, ул. Ленинградская, д. 68а, лит. А;8 (812) 573-91-68;;;;;;Только список НМИЦ;https://donor.blood.ru/contacts/gde-sdat-krov-v-regionakh.php;;2026-09-27
BS-0041;1 — город-миллионник;2;СЗФО;Санкт-Петербург;Санкт-Петербург;Федеральный центр / вуз (ОПК);НМИЦ им. В.А. Алмазова;ул. Аккуратова, д. 2;8 (812) 702-37-46;;;;;;Только список НМИЦ;https://donor.blood.ru/contacts/gde-sdat-krov-v-regionakh.php;;2026-09-27
BS-0042;1 — город-миллионник;2;СЗФО;Санкт-Петербург;Санкт-Петербург;Федеральный центр / вуз (ОПК);НМИЦ онкологии им. Н.Н. Петрова;пос. Песочный, ул. Ленинградская, д. 68;8 (812) 439-95-17;;;;;;Только список НМИЦ;https://donor.blood.ru/contacts/gde-sdat-krov-v-regionakh.php;;2026-09-27
BS-0043;1 — город-миллионник;2;СЗФО;Санкт-Петербург;Санкт-Петербург;Федеральный центр / вуз (ОПК);ПСПбГМУ им. И.П. Павлова;ул. Льва Толстого, д. 6-8;8 (812) 429-24-13;;;;;;Только список НМИЦ;https://donor.blood.ru/contacts/gde-sdat-krov-v-regionakh.php;;2026-09-27
BS-0044;1 — город-миллионник;2;СЗФО;Санкт-Петербург;Санкт-Петербург;Федеральный центр / вуз (ОПК);СЗГМУ им. И.И. Мечникова;Пискаревский пр., д. 47, пав. 26, 1 этаж;8 (812) 543-04-52;;;;;;Только список НМИЦ;https://donor.blood.ru/contacts/gde-sdat-krov-v-regionakh.php;;2026-09-27
BS-0045;1 — город-миллионник;2;СЗФО;Санкт-Петербург;Санкт-Петербург;Федеральный центр / вуз (ОПК);ФГБУЗ Клиническая больница № 122 им. Л.Г. Соколова;пр. Луначарского, д. 47;8 (812) 558-65-30;;;;;;Только список НМИЦ;https://donor.blood.ru/contacts/gde-sdat-krov-v-regionakh.php;;2026-09-27
BS-0046;1 — город-миллионник;2;СЗФО;Ленинградская область;Санкт-Петербург;Филиал / подразделение станции;ГКУЗ «ЦКЛО», филиал № 1 (корпус ЛОКБ);пр. Луначарского, д. 45, корп. 2, лит. А;8 (812) 511-09-18;;;;;"Учреждение соседнего региона, расположено в городе; условия для жителей города уточнять";Только список НМИЦ;https://donor.blood.ru/contacts/gde-sdat-krov-v-regionakh.php;;2026-09-27
BS-0047;1 — город-миллионник;3;СФО;Новосибирская область;Новосибирск;Станция / центр крови (головное учреждение);ГБУЗ НСО «Новосибирский клинический центр крови»;ул. Серафимовича, д. 2/1;8 (383) 353-79-60;"Пн–пт, кроме праздников: цельная кровь 08:30–14:30; плазмоцитаферез 08:30–13:30";Плазмоцитаферез — по записи за 1–2 дня по тел. (383) 353-79-03, будни 14:00–16:00;"Цельная кровь; плазма";;По данным yadonor.ru, первичные доноры и доноры с перерывом более года принимаются по вт и чт 11:00–15:00 — уточнить;Подтверждено по сайту учреждения / Службе крови;https://donor.blood.ru/contacts/gde-sdat-krov-v-regionakh.php;"http://nck.su/contacts ; http://nck.su/grafic ; https://yadonor.ru/bloodstations/nck";2026-09-27
BS-0048;1 — город-миллионник;3;СФО;Новосибирская область;Новосибирск;Филиал / подразделение станции;Выездной пункт заготовки крови № 1 (база ГБУЗ НСО «ГКБ № 1»);ул. Залесского, д. 6, к. 7;8 (383) 225-24-21;;;;;;Только список НМИЦ;https://donor.blood.ru/contacts/gde-sdat-krov-v-regionakh.php;;2026-09-27
BS-0049;1 — город-миллионник;3;СФО;Новосибирская область;Новосибирск;Филиал / подразделение станции;Выездной пункт заготовки крови № 4 (база ГБУЗ НСО «Новосибирский городской клинический перинатальный центр»);ул. Лежена, д. 32;8 (383) 267-93-77;;;;;;Только список НМИЦ;https://donor.blood.ru/contacts/gde-sdat-krov-v-regionakh.php;;2026-09-27
BS-0050;1 — город-миллионник;3;СФО;Новосибирская область;Новосибирск;Федеральный центр / вуз (ОПК);НМИЦ им. акад. Е.Н. Мешалкина, ОПК;ул. Речкуновская, д. 15;8 (383) 347-60-66;Пн, ср, чт 08:00–10:00;Возможны ограничения приёма — уточнять по тел. 347-60-81;;Паспорт РФ;;Подтверждено по сайту учреждения / Службе крови;https://donor.blood.ru/contacts/gde-sdat-krov-v-regionakh.php;https://meshalkin.ru/my-zhdem-donorov;2026-09-27
BS-0051;1 — город-миллионник;4;УФО;Свердловская область;Екатеринбург;Станция / центр крови (головное учреждение);ГАУЗ СО «Областная станция переливания крови»;ул. Пальмиро Тольятти, д. 8;8 (343) 212-90-44;"Пн–пт 08:00–13:00; «рабочие субботы» 08:00–16:00";"Будни — по графику; рабочие субботы — только по записи по тел. (343) 212-90-44";;;Анализы можно сдать заранее (пн–пт 08:00–12:00) и прийти на донацию в течение недели (по yadonor.ru);Подтверждено по сайту учреждения / Службе крови;https://donor.blood.ru/contacts/gde-sdat-krov-v-regionakh.php;"https://svblood.ru/contacts/ ; https://svblood.ru/personal/rabochie-subboty/ ; https://yadonor.ru/bloodstations/svblood";2026-09-27
BS-0052;1 — город-миллионник;4;УФО;Свердловская область;Екатеринбург;Федеральный центр / вуз (ОПК);ФГБУ «НИИ охраны материнства и младенчества» Минздрава России;ул. Репина, д. 1;;;;;;;Только список НМИЦ;https://donor.blood.ru/contacts/gde-sdat-krov-v-regionakh.php;;2026-09-27
BS-0053;1 — город-миллионник;5;ПФО;Республика Татарстан;Казань;Станция / центр крови (головное учреждение);ГАУЗ «Республиканский центр крови МЗ РТ»;пр. Победы, д. 85;8 (843) 223-07-79;"Пн–пт 07:30–13:00; сб–вс выходной";;"Цельная кровь; плазма; тромбоциты";Паспорт и СНИЛС;;Подтверждено по сайту учреждения / Службе крови;https://donor.blood.ru/contacts/gde-sdat-krov-v-regionakh.php;"https://t.me/rck_mz_rt ; https://yadonor.ru/bloodstations/rckrt ; https://trt-tv.ru/2025/09/21/gde-sdat-krov-v-kazani-polnyj-spisok-punktov-priema-s-adresami-i-usloviyami-dlya-donorov/";2026-09-27
BS-0054;1 — город-миллионник;5;ПФО;Республика Татарстан;Казань;Отделение переливания крови в больнице;ОПК ГАУЗ «Детская республиканская клиническая больница МЗ РТ»;Оренбургский тракт, д. 140;8 (843) 221-84-88;;;;;;Только список НМИЦ;https://donor.blood.ru/contacts/gde-sdat-krov-v-regionakh.php;;2026-09-27
BS-0055;1 — город-миллионник;5;ПФО;Республика Татарстан;Казань;Отделение переливания крови в больнице;ОПК ГАУЗ «Межрегиональный клинико-диагностический центр»;ул. Карбышева, д. 12а;8 (843) 291-10-97;;;;;;Только список НМИЦ;https://donor.blood.ru/contacts/gde-sdat-krov-v-regionakh.php;;2026-09-27
BS-0056;1 — город-миллионник;5;ПФО;Республика Татарстан;Казань;Отделение переливания крови в больнице;ОПК ГАУЗ «Республиканская клиническая больница МЗ РТ»;Оренбургский тракт, д. 138;8 (843) 231-21-34;;;;;;Только список НМИЦ;https://donor.blood.ru/contacts/gde-sdat-krov-v-regionakh.php;;2026-09-27
BS-0057;1 — город-миллионник;6;СФО;Красноярский край;Красноярск;Станция / центр крови (головное учреждение);КГКУЗ «Красноярский краевой центр крови № 1» (донорский корпус);ул. Партизана Железняка, д. 3з;8 (391) 220-06-09;"Пн, сб 08:00–12:30; вт–пт 08:00–17:30; вс выходной";Доступна запись через Госуслуги;;;Питание заменено денежной компенсацией (нужны банковские реквизиты);Подтверждено по сайту учреждения / Службе крови;https://donor.blood.ru/contacts/gde-sdat-krov-v-regionakh.php;"https://kkck.ru/ ; https://kkck.ru/about-us/";2026-09-27
BS-0058;1 — город-миллионник;7;ПФО;Нижегородская область;Нижний Новгород;Станция / центр крови (головное учреждение);ГБУЗ НО «Нижегородский областной центр крови им. Н.Я. Климовой»;ул. Родионова, д. 194;8 (831) 432-84-27;Пн–пт 08:00–14:30;"По предварительной записи: тел. (831) 432-84-27 (будни 8–14); выездные акции — (831) 438-09-78";;Регистрация (постоянная или временная) в Нижегородской области не менее 120 дней;;Подтверждено по сайту учреждения / Службе крови;https://donor.blood.ru/contacts/gde-sdat-krov-v-regionakh.php;"https://yadonor.ru/bloodstations/nock ; https://2gis.ru/n_novgorod/firm/2674540559794836";2026-09-27
BS-0059;1 — город-миллионник;8;УФО;Челябинская область;Челябинск;Станция / центр крови (головное учреждение);ГБУЗ «Челябинская областная станция переливания крови»;ул. Воровского, д. 68;8 (351) 232-78-88, 232-78-89;;;;;;Только список НМИЦ;https://donor.blood.ru/contacts/gde-sdat-krov-v-regionakh.php;;2026-09-27
BS-0060;1 — город-миллионник;9;ПФО;Республика Башкортостан;Уфа;Станция / центр крови (головное учреждение);ГБУЗ «Республиканская станция переливания крови»;ул. Батырская, д. 41, корп. 1;+7 (347) 216-94-01;Пн–пт 08:00–13:00 (цельная кровь);Строго по записи через Госуслуги;;;"В списке НМИЦ телефон 8 (347) 200-94-01; на сайте станции — 216-94-01";Подтверждено по сайту учреждения / Службе крови;https://donor.blood.ru/contacts/gde-sdat-krov-v-regionakh.php;https://rspkrb.ru/ru/donoru/donor-reception-schedule.html;2026-09-27
BS-0061;1 — город-миллионник;10;ПФО;Самарская область;Самара;Станция / центр крови (головное учреждение);ГБУЗ «Самарская областная клиническая станция переливания крови»;ул. Ново-Садовая, д. 156;8 (846) 334-65-14;;;;;;Только список НМИЦ;https://donor.blood.ru/contacts/gde-sdat-krov-v-regionakh.php;;2026-09-27
BS-0062;1 — город-миллионник;10;ПФО;Самарская область;Самара;Федеральный центр / вуз (ОПК);ФГБОУ ВО «Самарский государственный медицинский университет» Минздрава России;пр-т Карла Маркса, д. 165б;;;;;;;Только список НМИЦ;https://donor.blood.ru/contacts/gde-sdat-krov-v-regionakh.php;;2026-09-27
BS-0063;1 — город-миллионник;11;ЮФО;Ростовская область;Ростов-на-Дону;Станция / центр крови (головное учреждение);ГБУ РО «Станция переливания крови»;ул. Ченцова, д. 71/63б;8 (863) 251-76-42;;;;;;Только список НМИЦ;https://donor.blood.ru/contacts/gde-sdat-krov-v-regionakh.php;;2026-09-27
BS-0064;1 — город-миллионник;12;ЮФО;Краснодарский край;Краснодар;Станция / центр крови (головное учреждение);ГБУЗ «Станция переливания крови» МЗ Краснодарского края;ул. Димитрова, д. 166;8 (861) 233-72-11;"Пн–пт 08:00–11:00; суббота — по графику";Через Госуслуги или по тел. 8 (861) 233-72-11 в будни 13:00–15:00;;"Оригинал паспорта РФ и СНИЛС; электронный паспорт в приложении не принимается";;Подтверждено по сайту учреждения / Службе крови;https://donor.blood.ru/contacts/gde-sdat-krov-v-regionakh.php;https://gbuzspk.ru/8-dlya-donora/12-adresa-i-vremya-raboty-blizhajshikh-punktov-sluzhby-krovi;2026-09-27
BS-0065;1 — город-миллионник;12;ЮФО;Краснодарский край;Краснодар;Отделение переливания крови в больнице;ГБУЗ «Краевая клиническая больница № 2»;ул. Красных Партизан, д. 6/2;8 (861) 222-01-59;;;;;;Только список НМИЦ;https://donor.blood.ru/contacts/gde-sdat-krov-v-regionakh.php;;2026-09-27
BS-0066;1 — город-миллионник;12;ЮФО;Краснодарский край;Краснодар;Отделение переливания крови в больнице;ГБУЗ «НИИ — ККБ № 1 им. проф. С.В. Очаповского»;ул. 1 Мая, д. 167;8 (861) 252-87-54;;;;;;Только список НМИЦ;https://donor.blood.ru/contacts/gde-sdat-krov-v-regionakh.php;;2026-09-27
BS-0067;1 — город-миллионник;13;СФО;Омская область;Омск;Станция / центр крови (головное учреждение);БУЗОО «Центр крови»;"ул. Магистральная, д. 33 (по сайту учреждения; в списке НМИЦ — д. 35)";8 (3812) 67-05-81;Пн–пт 08:00–11:00 (первичные доноры — преимущественно до 10:00);;;;"Адрес по сайту учреждения — д. 33; в списке НМИЦ — д. 35";Подтверждено по сайту учреждения / Службе крови;https://donor.blood.ru/contacts/gde-sdat-krov-v-regionakh.php;https://ck-omsk.ru/services/rezhim-raboty;2026-09-27
BS-0068;1 — город-миллионник;13;СФО;Омская область;Омск;Филиал / подразделение станции;Филиал «Центральный» БУЗОО «Центр крови»;ул. Березовая, д. 3;8 (3812) 27-54-04;Пн–пт 08:00–11:00;;;;;Подтверждено по сайту учреждения / Службе крови;https://donor.blood.ru/contacts/gde-sdat-krov-v-regionakh.php;https://ck-omsk.ru/services/rezhim-raboty;2026-09-27
BS-0069;1 — город-миллионник;13;СФО;Омская область;Омск;Отделение переливания крови в больнице;БУЗОО «БСМП № 1» (филиал «Левобережный» ЦК);ул. Перелета, д. 9;8 (3812) 75-29-20;Пн–пт 08:00–11:00;;;;;Подтверждено по сайту учреждения / Службе крови;https://donor.blood.ru/contacts/gde-sdat-krov-v-regionakh.php;https://ck-omsk.ru/services/rezhim-raboty;2026-09-27
BS-0070;1 — город-миллионник;13;СФО;Омская область;Омск;Отделение переливания крови в больнице;БУЗОО «ГКБ № 1 им. Кабанова А.Н.»;ул. Перелета, д. 7;8 (3812) 74-45-28;;;;;;Только список НМИЦ;https://donor.blood.ru/contacts/gde-sdat-krov-v-regionakh.php;;2026-09-27
BS-0071;1 — город-миллионник;13;СФО;Омская область;Омск;Отделение переливания крови в больнице;БУЗОО «Клинический онкологический диспансер» (филиал «Амурский» ЦК);ул. Завертяева, д. 9, к. 1;"8 (3812) 60-17-45; 8 (950) 335-66-09";Пн–пт 08:00–11:00;;;;;Подтверждено по сайту учреждения / Службе крови;https://donor.blood.ru/contacts/gde-sdat-krov-v-regionakh.php;https://ck-omsk.ru/services/rezhim-raboty;2026-09-27
BS-0072;1 — город-миллионник;13;СФО;Омская область;Омск;Отделение переливания крови в больнице;БУЗОО «Областная детская клиническая больница»;ул. Куйбышева, д. 77;8 (3812) 36-29-20;;;;;;Только список НМИЦ;https://donor.blood.ru/contacts/gde-sdat-krov-v-regionakh.php;;2026-09-27
BS-0073;1 — город-миллионник;14;ЦФО;Воронежская область;Воронеж;Станция / центр крови (головное учреждение);БУЗ ВО «Воронежская областная станция переливания крови» (ныне «Воронежский областной центр крови»);ул. Транспортная, д. 56;8 (473) 237-29-44;;;;;Сайт учреждения называет его «Воронежский областной центр крови»;Только список НМИЦ;https://donor.blood.ru/contacts/gde-sdat-krov-v-regionakh.php;;2026-09-27
BS-0074;1 — город-миллионник;14;ЦФО;Воронежская область;Воронеж;Филиал / подразделение станции;Филиал БСМП БУЗ ВО ВОСПК;пр-т Патриотов, д. 23;8 (473) 272-38-68;;;;;;Только список НМИЦ;https://donor.blood.ru/contacts/gde-sdat-krov-v-regionakh.php;;2026-09-27
BS-0075;1 — город-миллионник;14;ЦФО;Воронежская область;Воронеж;Отделение переливания крови в больнице;БУЗ ВО «Воронежская областная клиническая больница № 1»;Московский пр-т, д. 151;8 (473) 257-97-11;;;;;;Только список НМИЦ;https://donor.blood.ru/contacts/gde-sdat-krov-v-regionakh.php;;2026-09-27
BS-0076;1 — город-миллионник;15;ПФО;Пермский край;Пермь;Станция / центр крови (головное учреждение);ГБУЗ «Пермская краевая станция переливания крови»;ул. Лебедева, д. 54;8 (342) 282-53-21;;;;;;Только список НМИЦ;https://donor.blood.ru/contacts/gde-sdat-krov-v-regionakh.php;;2026-09-27
BS-0077;1 — город-миллионник;16;ЮФО;Волгоградская область;Волгоград;Станция / центр крови (головное учреждение);ГБУЗ «Волгоградский областной центр крови»;ул. Голубинская, д. 9а;8 (8442) 37-69-65;;;;;;Только список НМИЦ;https://donor.blood.ru/contacts/gde-sdat-krov-v-regionakh.php;;2026-09-27
BS-0078;1 — город-миллионник;16;ЮФО;Волгоградская область;Волгоград;Отделение переливания крови в больнице;ГУЗ «ГКБ СМП № 25», ОПК;ул. им. Землячки, д. 74;8 (8442) 59-03-25;;;;;;Только список НМИЦ;https://donor.blood.ru/contacts/gde-sdat-krov-v-regionakh.php;;2026-09-27
BS-0079;1 — город-миллионник;16;ЮФО;Волгоградская область;Волгоград;Отделение переливания крови в больнице;ГУЗ «КБ СМП № 15», ОПК;ул. Андижанская, д. 1А;8 (8442) 35-86-34;;;;;;Только список НМИЦ;https://donor.blood.ru/contacts/gde-sdat-krov-v-regionakh.php;;2026-09-27
BS-0080;1 — город-миллионник;16;ЮФО;Волгоградская область;Волгоград;Отделение переливания крови в больнице;ГУЗ «КБ СМП № 7», ОПК;ул. Казахская, д. 1;8 (8442) 41-03-42;;;;;;Только список НМИЦ;https://donor.blood.ru/contacts/gde-sdat-krov-v-regionakh.php;;2026-09-27
BS-0081;1 — город-миллионник;16;ЮФО;Волгоградская область;Волгоград;Отделение переливания крови в больнице;ГУЗ «Клиническая больница № 4», ОПК;ул. Ополченская, д. 40;8 (8442) 24-61-26;;;;;;Только список НМИЦ;https://donor.blood.ru/contacts/gde-sdat-krov-v-regionakh.php;;2026-09-27
BS-0082;2 — центр субъекта;;СФО;Алтайский край;Барнаул;Станция / центр крови (головное учреждение);КГБУЗ «Алтайский краевой центр крови»;пр. Ленина, д. 197;8 (3852) 77-20-87, 8 (929) 323-16-72;;;;;;Только список НМИЦ;https://donor.blood.ru/contacts/gde-sdat-krov-v-regionakh.php;;2026-09-27
BS-0083;2 — центр субъекта;;ДФО;Амурская область;Благовещенск;Станция / центр крови (головное учреждение);ГБУЗ АО «Амурская областная станция переливания крови»;ул. Театральная, д. 29;8 (4162) 77-46-87;;;;;;Только список НМИЦ;https://donor.blood.ru/contacts/gde-sdat-krov-v-regionakh.php;;2026-09-27
BS-0084;2 — центр субъекта;;СЗФО;Архангельская область;Архангельск;Станция / центр крови (головное учреждение);ГБУЗ АО «Архангельская станция переливания крови»;пр. Ломоносова, д. 311;8 (8182) 27-64-45, 24-84-34;;;;;;Только список НМИЦ;https://donor.blood.ru/contacts/gde-sdat-krov-v-regionakh.php;;2026-09-27
BS-0085;2 — центр субъекта;;ЮФО;Астраханская область;Астрахань;Станция / центр крови (головное учреждение);ГБУЗ АО «Областной центр крови»;ул. Кубанская, д. 1б;8 (8512) 33-35-63, 33-29-37;;;;;;Только список НМИЦ;https://donor.blood.ru/contacts/gde-sdat-krov-v-regionakh.php;;2026-09-27
BS-0086;2 — центр субъекта;;ЮФО;Астраханская область;Астрахань;Отделение переливания крови в больнице;ГБУЗ АО «Александро-Мариинская ОКБ»;ул. Татищева, д. 2;8 (8512) 21-02-71;;;;;;Только список НМИЦ;https://donor.blood.ru/contacts/gde-sdat-krov-v-regionakh.php;;2026-09-27
BS-0087;2 — центр субъекта;;ЮФО;Астраханская область;Астрахань;Отделение переливания крови в больнице;ГБУЗ АО «ГКБ № 3 им. С.М. Кирова»;ул. Хибинская, д. 2;8 (8512) 45-91-35;;;;;;Только список НМИЦ;https://donor.blood.ru/contacts/gde-sdat-krov-v-regionakh.php;;2026-09-27
BS-0088;2 — центр субъекта;;ЦФО;Белгородская область;Белгород;Станция / центр крови (головное учреждение);ОГБУЗ «Центр крови Белгородской области»;ул. Гагарина, д. 11;8 (4722) 34-61-79;;;;;;Только список НМИЦ;https://donor.blood.ru/contacts/gde-sdat-krov-v-regionakh.php;;2026-09-27
BS-0089;2 — центр субъекта;;ЦФО;Брянская область;Брянск;Станция / центр крови (головное учреждение);ГБУЗ «Брянская областная станция переливания крови»;ул. 3-го Июля, д. 48;8 (4832) 64-86-34;;;;;;Только список НМИЦ;https://donor.blood.ru/contacts/gde-sdat-krov-v-regionakh.php;;2026-09-27
BS-0090;2 — центр субъекта;;ЦФО;Владимирская область;Владимир;Станция / центр крови (головное учреждение);ГБУЗ ВО «Областная станция переливания крови»;ул. Студенческая, д. 5;8 (4922) 53-74-57;;;;;;Только список НМИЦ;https://donor.blood.ru/contacts/gde-sdat-krov-v-regionakh.php;;2026-09-27
BS-0091;2 — центр субъекта;;СЗФО;Вологодская область;Вологда;Станция / центр крови (головное учреждение);БУЗ ВО «Вологодская областная станция переливания крови № 1»;ул. Ветошкина, д. 55;8 (8172) 75-05-42, 56-23-22;;;;;;Только список НМИЦ;https://donor.blood.ru/contacts/gde-sdat-krov-v-regionakh.php;;2026-09-27
BS-0092;2 — центр субъекта;;ДФО;Еврейская автономная область;Биробиджан;Станция / центр крови (головное учреждение);ОГБУЗ «Станция переливания крови»;ул. Пионерская, д. 7;8 (42622) 2-05-07;;;;;;Только список НМИЦ;https://donor.blood.ru/contacts/gde-sdat-krov-v-regionakh.php;;2026-09-27
BS-0093;2 — центр субъекта;;ДФО;Забайкальский край;Чита;Станция / центр крови (головное учреждение);ГКУЗ «Краевая станция переливания крови»;ул. Балябина, д. 5;8 (3022) 21-35-23;;;;;;Только список НМИЦ;https://donor.blood.ru/contacts/gde-sdat-krov-v-regionakh.php;;2026-09-27
BS-0094;2 — центр субъекта;;ЦФО;Ивановская область;Иваново;Станция / центр крови (головное учреждение);ОБУЗ «Ивановская областная станция переливания крови»;ул. Парижской Коммуны, д. 5а;8 (4932) 35-65-15;;;;;;Только список НМИЦ;https://donor.blood.ru/contacts/gde-sdat-krov-v-regionakh.php;;2026-09-27
BS-0095;2 — центр субъекта;;ЦФО;Ивановская область;Иваново;Филиал / подразделение станции;Филиал «Ивановский-1»;ул. Любимова, д. 1;8 (4932) 56-33-49;;;;;;Только список НМИЦ;https://donor.blood.ru/contacts/gde-sdat-krov-v-regionakh.php;;2026-09-27
BS-0096;2 — центр субъекта;;ЦФО;Ивановская область;Иваново;Филиал / подразделение станции;Филиал «Ивановский-2»;ул. Любимова, д. 5;8 (4932) 56-54-72;;;;;;Только список НМИЦ;https://donor.blood.ru/contacts/gde-sdat-krov-v-regionakh.php;;2026-09-27
BS-0097;2 — центр субъекта;;СФО;Иркутская область;Иркутск;Станция / центр крови (головное учреждение);ГБУЗ «Иркутская областная станция переливания крови»;ул. Байкальская, д. 122;8 (3952) 22-92-78;;;;;;Только список НМИЦ;https://donor.blood.ru/contacts/gde-sdat-krov-v-regionakh.php;;2026-09-27
BS-0098;2 — центр субъекта;;СКФО;Кабардино-Балкарская Республика;Нальчик;Станция / центр крови (головное учреждение);ГКУЗ «Станция переливания крови» МЗ КБР;ул. Тарчокова, д. 12;8 (8662) 40-54-56;;;;;;Только список НМИЦ;https://donor.blood.ru/contacts/gde-sdat-krov-v-regionakh.php;;2026-09-27
BS-0099;2 — центр субъекта;;СЗФО;Калининградская область;Калининград;Станция / центр крови (головное учреждение);ГБУЗ «Станция переливания крови Калининградской области»;ул. Чкалова, д. 29;8 (4012) 21-55-41;;;;;;Только список НМИЦ;https://donor.blood.ru/contacts/gde-sdat-krov-v-regionakh.php;;2026-09-27
BS-0100;2 — центр субъекта;;СЗФО;Калининградская область;Калининград;Отделение переливания крови в больнице;ГБУЗ «Калининградская областная больница»;ул. Клиническая, д. 74;8 (4012) 57-84-19;;;;;;Только список НМИЦ;https://donor.blood.ru/contacts/gde-sdat-krov-v-regionakh.php;;2026-09-27
BS-0101;2 — центр субъекта;;СЗФО;Калининградская область;Калининград;Отделение переливания крови в больнице;ГБУЗ КО «Центральная городская клиническая больница»;ул. Летняя, д. 3;8 (4012) 64-80-12;;;;;;Только список НМИЦ;https://donor.blood.ru/contacts/gde-sdat-krov-v-regionakh.php;;2026-09-27
BS-0102;2 — центр субъекта;;ЦФО;Калужская область;Калуга;Станция / центр крови (головное учреждение);ГБУЗ КО «Калужская областная станция переливания крови»;ул. М. Горького, д. 71;8 (4842) 73-23-43;;;;;;Только список НМИЦ;https://donor.blood.ru/contacts/gde-sdat-krov-v-regionakh.php;;2026-09-27
BS-0103;2 — центр субъекта;;СКФО;Карачаево-Черкесская Республика;Черкесск;Станция / центр крови (головное учреждение);РГБУЗ «Станция переливания крови»;ул. Пушкинская, д. 67;8 (8782) 26-35-90;;;;;;Только список НМИЦ;https://donor.blood.ru/contacts/gde-sdat-krov-v-regionakh.php;;2026-09-27
BS-0104;2 — центр субъекта;;СФО;Кемеровская область — Кузбасс;Кемерово;Станция / центр крови (головное учреждение);ГКУЗ «Кузбасский центр крови»;Октябрьский пр-т, д. 22;8 (3842) 52-22-74;;;;;;Только список НМИЦ;https://donor.blood.ru/contacts/gde-sdat-krov-v-regionakh.php;;2026-09-27
BS-0105;2 — центр субъекта;;СФО;Кемеровская область — Кузбасс;Кемерово;Отделение переливания крови в больнице;ГАУЗ «Кузбасская клиническая больница скорой медицинской помощи им. М.А. Подгорбунского»;ул. Н. Островского, д. 22;8 (3842) 46-51-10;;;;;;Только список НМИЦ;https://donor.blood.ru/contacts/gde-sdat-krov-v-regionakh.php;;2026-09-27
BS-0106;2 — центр субъекта;;ПФО;Кировская область;Киров;Станция / центр крови (головное учреждение);КОГБУЗ «Кировский центр крови»;ул. Красноармейская, д. 74;8 (8332) 25-45-00;;;;;;Только список НМИЦ;https://donor.blood.ru/contacts/gde-sdat-krov-v-regionakh.php;;2026-09-27
BS-0107;2 — центр субъекта;;ЦФО;Костромская область;Кострома;Станция / центр крови (головное учреждение);ОГБУЗ «Костромская областная станция переливания крови»;пр-т Мира, д. 106;8 (4942) 55-46-91;;;;;;Только список НМИЦ;https://donor.blood.ru/contacts/gde-sdat-krov-v-regionakh.php;;2026-09-27
BS-0108;2 — центр субъекта;;УФО;Курганская область;Курган;Станция / центр крови (головное учреждение);ГКУ «Курганская областная станция переливания крови»;ул. Ленина, д. 40А;8 (3522) 46-21-17;;;;;;Только список НМИЦ;https://donor.blood.ru/contacts/gde-sdat-krov-v-regionakh.php;;2026-09-27
BS-0109;2 — центр субъекта;;ЦФО;Курская область;Курск;Станция / центр крови (головное учреждение);ОБУЗ «Курская областная клиническая станция переливания крови»;ул. Кольцова, д. 11;8 (4712) 54-03-10;;;;;;Только список НМИЦ;https://donor.blood.ru/contacts/gde-sdat-krov-v-regionakh.php;;2026-09-27
BS-0110;2 — центр субъекта;;ЦФО;Липецкая область;Липецк;Станция / центр крови (головное учреждение);ГУЗ «Липецкая областная станция переливания крови»;ул. Космонавтов, д. 11А;8 (4742) 34-15-75;;;;;;Только список НМИЦ;https://donor.blood.ru/contacts/gde-sdat-krov-v-regionakh.php;;2026-09-27
BS-0111;2 — центр субъекта;;ДФО;Магаданская область;Магадан;Отделение переливания крови в больнице;Станция переливания крови ГБУЗ «Магаданская областная больница»;ул. Потапова, д. 2;8 (4132) 62-54-23;;;;;;Только список НМИЦ;https://donor.blood.ru/contacts/gde-sdat-krov-v-regionakh.php;;2026-09-27
BS-0112;2 — центр субъекта;;СЗФО;Мурманская область;Мурманск;Станция / центр крови (головное учреждение);ГОБУЗ «Мурманская областная станция переливания крови»;ул. Павлова, д. 6, корп. 5;8 (8152) 25-02-61, 25-15-78;;;;;;Только список НМИЦ;https://donor.blood.ru/contacts/gde-sdat-krov-v-regionakh.php;;2026-09-27
BS-0113;2 — центр субъекта;;СЗФО;Ненецкий автономный округ;Нарьян-Мар;Отделение переливания крови в больнице;ГБУЗ НАО «Ненецкая окружная больница им. Р.И. Батмановой»;ул. Авиаторов, д. 9Б;регистратура 8 (81853) 4-20-91;;;;;;Только список НМИЦ;https://donor.blood.ru/contacts/gde-sdat-krov-v-regionakh.php;;2026-09-27
BS-0114;2 — центр субъекта;;СЗФО;Новгородская область;Великий Новгород;Станция / центр крови (головное учреждение);ГОБУЗ «Новгородская областная станция переливания крови»;ул. Павла Левитта, д. 16;8 (8162) 64-09-54;;;;;;Только список НМИЦ;https://donor.blood.ru/contacts/gde-sdat-krov-v-regionakh.php;;2026-09-27
BS-0115;2 — центр субъекта;;ПФО;Оренбургская область;Оренбург;Станция / центр крови (головное учреждение);ГБУЗ «Оренбургская областная клиническая станция переливания крови»;ул. Аксакова, д. 32;8 (3532) 67-03-03;;;;;;Только список НМИЦ;https://donor.blood.ru/contacts/gde-sdat-krov-v-regionakh.php;;2026-09-27
BS-0116;2 — центр субъекта;;ЦФО;Орловская область;Орёл;Станция / центр крови (головное учреждение);БУЗ ОО «Орловская станция переливания крови»;Наугорское шоссе, д. 2;8 (4862) 41-75-89;;;;;;Только список НМИЦ;https://donor.blood.ru/contacts/gde-sdat-krov-v-regionakh.php;;2026-09-27
BS-0117;2 — центр субъекта;;ПФО;Пензенская область;Пенза;Станция / центр крови (головное учреждение);ГБУЗ «Пензенский областной клинический центр крови»;ул. Клары Цеткин, д. 41а;8 (8412) 45-51-10;;;;;;Только список НМИЦ;https://donor.blood.ru/contacts/gde-sdat-krov-v-regionakh.php;;2026-09-27
BS-0118;2 — центр субъекта;;ДФО;Приморский край;Владивосток;Станция / центр крови (головное учреждение);ГБУЗ «Краевая станция переливания крови»;ул. Октябрьская, д. 6;8 (423) 245-93-77;;;;;;Только список НМИЦ;https://donor.blood.ru/contacts/gde-sdat-krov-v-regionakh.php;;2026-09-27
BS-0119;2 — центр субъекта;;СЗФО;Псковская область;Псков;Станция / центр крови (головное учреждение);ГБУЗ ПО «Станция переливания крови Псковской области»;Интернациональный пер., д. 4;8 (8112) 57-75-39;;;;;;Только список НМИЦ;https://donor.blood.ru/contacts/gde-sdat-krov-v-regionakh.php;;2026-09-27
BS-0120;2 — центр субъекта;;ЮФО;Республика Адыгея;Майкоп;Станция / центр крови (головное учреждение);ГУЗ РА «Адыгейская республиканская станция переливания крови»;ул. 12 Марта, д. 163;8 (8772) 55-71-69;;;;;;Только список НМИЦ;https://donor.blood.ru/contacts/gde-sdat-krov-v-regionakh.php;;2026-09-27
BS-0121;2 — центр субъекта;;СФО;Республика Алтай;Горно-Алтайск;Станция / центр крови (головное учреждение);КУЗ РА «Станция переливания крови»;ул. Шоссейная, д. 23;8 (38822) 4-93-32;;;;;;Только список НМИЦ;https://donor.blood.ru/contacts/gde-sdat-krov-v-regionakh.php;;2026-09-27
BS-0122;2 — центр субъекта;;ДФО;Республика Бурятия;Улан-Удэ;Станция / центр крови (головное учреждение);ГБУЗ «Бурятская республиканская станция переливания крови»;ул. Пирогова, д. 7А;8 (3012) 43-72-34, 43-68-21;;;;;;Только список НМИЦ;https://donor.blood.ru/contacts/gde-sdat-krov-v-regionakh.php;;2026-09-27
BS-0123;2 — центр субъекта;;СКФО;Республика Дагестан;Махачкала;Станция / центр крови (головное учреждение);ГБУ РД «Республиканская станция переливания крови»;ул. Джамалутдина Атаева, д. 3;+7 (8722) 63-75-92;;;;;;Только список НМИЦ;https://donor.blood.ru/contacts/gde-sdat-krov-v-regionakh.php;;2026-09-27
BS-0124;2 — центр субъекта;;СКФО;Республика Дагестан;Махачкала;Отделение переливания крови в больнице;ГБУ РД «Детская республиканская клиническая больница им. Н.М. Кураева», ОПК;ул. Магомедова, д. 2а;8 (8722) 5-86-26;;;;;;Только список НМИЦ;https://donor.blood.ru/contacts/gde-sdat-krov-v-regionakh.php;;2026-09-27
BS-0125;2 — центр субъекта;;СКФО;Республика Ингушетия;Назрань;Станция / центр крови (головное учреждение);ГБУ «Республиканская станция переливания крови»;ул. Муталиева, д. 11;8 (8732) 22-22-84;;;;;;Только список НМИЦ;https://donor.blood.ru/contacts/gde-sdat-krov-v-regionakh.php;;2026-09-27
BS-0126;2 — центр субъекта;;ЮФО;Республика Калмыкия;Элиста;Станция / центр крови (головное учреждение);БУ РК «Центр крови Республики Калмыкия»;ул. Пушкина, д. 52;8 (84722) 4-36-60;;;;;;Только список НМИЦ;https://donor.blood.ru/contacts/gde-sdat-krov-v-regionakh.php;;2026-09-27
BS-0127;2 — центр субъекта;;СЗФО;Республика Карелия;Петрозаводск;Станция / центр крови (головное учреждение);ГБУЗ РК «Республиканская станция переливания крови»;ул. Пирогова, д. 4а;8 (8142) 76-42-65;;;;;;Только список НМИЦ;https://donor.blood.ru/contacts/gde-sdat-krov-v-regionakh.php;;2026-09-27
BS-0128;2 — центр субъекта;;СЗФО;Республика Коми;Сыктывкар;Станция / центр крови (головное учреждение);ГУ «Республиканская станция переливания крови»;Октябрьский пр-т, д. 59А;8 (8212) 28-60-13;;;;;;Только список НМИЦ;https://donor.blood.ru/contacts/gde-sdat-krov-v-regionakh.php;;2026-09-27
BS-0129;2 — центр субъекта;;ЮФО;Республика Крым;Симферополь;Станция / центр крови (головное учреждение);ГБУЗ РК «Центр крови»;ул. Киевская, д. 37/2;8 (978) 917-20-25, 8 (978) 935-51-31;;;;;;Только список НМИЦ;https://donor.blood.ru/contacts/gde-sdat-krov-v-regionakh.php;;2026-09-27
BS-0130;2 — центр субъекта;;ПФО;Республика Марий Эл;Йошкар-Ола;Станция / центр крови (головное учреждение);ГБУ РМЭ «Республиканская станция переливания крови»;ул. Пролетарская, д. 66;8 (8362) 45-43-81, 42-37-54;;;;;;Только список НМИЦ;https://donor.blood.ru/contacts/gde-sdat-krov-v-regionakh.php;;2026-09-27
BS-0131;2 — центр субъекта;;ПФО;Республика Мордовия;Саранск;Станция / центр крови (головное учреждение);ГБУЗ РМ «Мордовская республиканская станция переливания крови»;ул. Дальняя, д. 3А;8 (8342) 24-64-86;;;;;;Только список НМИЦ;https://donor.blood.ru/contacts/gde-sdat-krov-v-regionakh.php;;2026-09-27
BS-0132;2 — центр субъекта;;ДФО;Республика Саха (Якутия);Якутск;Станция / центр крови (головное учреждение);ГБУ РС(Я) «Станция переливания крови»;ул. Петра Алексеева, д. 87;8 (4112) 43-21-96;;;;;;Только список НМИЦ;https://donor.blood.ru/contacts/gde-sdat-krov-v-regionakh.php;;2026-09-27
BS-0133;2 — центр субъекта;;ДФО;Республика Саха (Якутия);Якутск;Отделение переливания крови в больнице;ГБУ РС(Я) «Республиканская больница №1 — Национальный центр медицины»;Сергеляхское шоссе, 4 км;8 (4112) 39-54-72;;;;;;Только список НМИЦ;https://donor.blood.ru/contacts/gde-sdat-krov-v-regionakh.php;;2026-09-27
BS-0134;2 — центр субъекта;;СКФО;Республика Северная Осетия — Алания;Владикавказ;Станция / центр крови (головное учреждение);ГБУЗ «Республиканская станция переливания крови» МЗ РСО-А;ул. Барбашова, д. 37;+7 (8672) 52-24-17;;;;;;Только список НМИЦ;https://donor.blood.ru/contacts/gde-sdat-krov-v-regionakh.php;;2026-09-27
BS-0135;2 — центр субъекта;;СФО;Республика Тыва;Кызыл;Станция / центр крови (головное учреждение);ГБУЗ РТ «Станция переливания крови»;ул. Чульдум, д. 1;;;;;;;Только список НМИЦ;https://donor.blood.ru/contacts/gde-sdat-krov-v-regionakh.php;;2026-09-27
BS-0136;2 — центр субъекта;;СФО;Республика Хакасия;Абакан;Станция / центр крови (головное учреждение);ГКУЗ РХ «Республиканский центр крови»;ул. Хакасская, д. 26;8 (3902) 34-33-52;;;;;;Только список НМИЦ;https://donor.blood.ru/contacts/gde-sdat-krov-v-regionakh.php;;2026-09-27
BS-0137;2 — центр субъекта;;ЦФО;Рязанская область;Рязань;Станция / центр крови (головное учреждение);ГУ РО «Областная станция переливания крови»;ул. Спортивная, д. 7;8 (4912) 44-17-74;;;;;;Только список НМИЦ;https://donor.blood.ru/contacts/gde-sdat-krov-v-regionakh.php;;2026-09-27
BS-0138;2 — центр субъекта;;ЦФО;Рязанская область;Рязань;Отделение переливания крови в больнице;ГБУ РО «Областная клиническая больница»;ул. Интернациональная, д. 3а;8 (4912) 36-86-88;;;;;;Только список НМИЦ;https://donor.blood.ru/contacts/gde-sdat-krov-v-regionakh.php;;2026-09-27
BS-0139;2 — центр субъекта;;ПФО;Саратовская область;Саратов;Станция / центр крови (головное учреждение);ГУЗ «Саратовская областная станция переливания крови»;ул. Гвардейская, д. 27;8 (8452) 74-28-36;;;;;;Только список НМИЦ;https://donor.blood.ru/contacts/gde-sdat-krov-v-regionakh.php;;2026-09-27
BS-0140;2 — центр субъекта;;ДФО;Сахалинская область;Южно-Сахалинск;Станция / центр крови (головное учреждение);ГБУЗ «Областная станция переливания крови»;пр. Мира, д. 430/1;8 (4242) 75-36-39;;;;;;Только список НМИЦ;https://donor.blood.ru/contacts/gde-sdat-krov-v-regionakh.php;;2026-09-27
BS-0141;2 — центр субъекта;;ЦФО;Смоленская область;Смоленск;Станция / центр крови (головное учреждение);ОГУЗ «Смоленский центр крови»;ул. Ковтюха, д. 6;8 (4812) 38-10-17;;;;;;Только список НМИЦ;https://donor.blood.ru/contacts/gde-sdat-krov-v-regionakh.php;;2026-09-27
BS-0142;2 — центр субъекта;;СКФО;Ставропольский край;Ставрополь;Станция / центр крови (головное учреждение);ГБУЗ «Ставропольская краевая станция переливания крови»;ул. Лермонтова, д. 205;8 (8652) 71-63-04;;;;;;Только список НМИЦ;https://donor.blood.ru/contacts/gde-sdat-krov-v-regionakh.php;;2026-09-27
BS-0143;2 — центр субъекта;;ЦФО;Тамбовская область;Тамбов;Станция / центр крови (головное учреждение);ГБУЗ «Тамбовская областная станция переливания крови»;ул. Б. Васильева, д. 3;8 (4752) 47-25-44;;;;;;Только список НМИЦ;https://donor.blood.ru/contacts/gde-sdat-krov-v-regionakh.php;;2026-09-27
BS-0144;2 — центр субъекта;;ЦФО;Тверская область;Тверь;Станция / центр крови (головное учреждение);ГБУЗ ТО «Станция переливания крови»;ул. Тамары Ильиной, д. 20;8(482258) 74-32;;;;;Телефон в источнике, вероятно, с ошибкой — проверить;Только список НМИЦ;https://donor.blood.ru/contacts/gde-sdat-krov-v-regionakh.php;;2026-09-27
BS-0145;2 — центр субъекта;;ЦФО;Тверская область;Тверь;Отделение переливания крови в больнице;ГБУЗ ТО «Областная клиническая больница», ОПК;Петербургское шоссе, д. 105;8 (4822) 77-53-17;;;;;;Только список НМИЦ;https://donor.blood.ru/contacts/gde-sdat-krov-v-regionakh.php;;2026-09-27
BS-0146;2 — центр субъекта;;СФО;Томская область;Томск;Станция / центр крови (головное учреждение);ОГБУЗ «Томский региональный центр крови»;ул. Вершинина, д. 45;;;;;;;Только список НМИЦ;https://donor.blood.ru/contacts/gde-sdat-krov-v-regionakh.php;;2026-09-27
BS-0147;2 — центр субъекта;;ЦФО;Тульская область;Тула;Станция / центр крови (головное учреждение);ГУЗ «Тульская областная станция переливания крови»;ул. Ф. Энгельса, д. 56;8 (4872) 36-72-89, доб. 2;;;;;;Только список НМИЦ;https://donor.blood.ru/contacts/gde-sdat-krov-v-regionakh.php;;2026-09-27
BS-0148;2 — центр субъекта;;ЦФО;Тульская область;Тула;Филиал / подразделение станции;ГУЗ «ТОСПК» (подразделение);ул. Майская, д. 3;8 (4872) 36-72-89, доб. 2;;;;;;Только список НМИЦ;https://donor.blood.ru/contacts/gde-sdat-krov-v-regionakh.php;;2026-09-27
BS-0149;2 — центр субъекта;;УФО;Тюменская область;Тюмень;Станция / центр крови (головное учреждение);ГБУЗ ТО «Областная станция переливания крови»;ул. Энергетиков, д. 35;8 (3452) 68-20-25;;;;;;Только список НМИЦ;https://donor.blood.ru/contacts/gde-sdat-krov-v-regionakh.php;;2026-09-27
BS-0150;2 — центр субъекта;;ПФО;Удмуртская Республика;Ижевск;Станция / центр крови (головное учреждение);БУЗ УР «Республиканская станция переливания крови МЗ УР»;Воткинское шоссе, д. 79;8 (951) 213-21-41;;;;;;Только список НМИЦ;https://donor.blood.ru/contacts/gde-sdat-krov-v-regionakh.php;;2026-09-27
BS-0151;2 — центр субъекта;;ПФО;Удмуртская Республика;Ижевск;Отделение переливания крови в больнице;БУЗ УР «Первая республиканская клиническая больница МЗ УР»;Воткинское шоссе, д. 57;8 (3412) 46-80-67;;;;;;Только список НМИЦ;https://donor.blood.ru/contacts/gde-sdat-krov-v-regionakh.php;;2026-09-27
BS-0152;2 — центр субъекта;;ПФО;Ульяновская область;Ульяновск;Станция / центр крови (головное учреждение);ГУЗ «Ульяновская областная станция переливания крови»;ул. III Интернационала, д. 13/96;8 (8422) 32-42-15, 32-14-87;;;;;;Только список НМИЦ;https://donor.blood.ru/contacts/gde-sdat-krov-v-regionakh.php;;2026-09-27
BS-0153;2 — центр субъекта;;ДФО;Хабаровский край;Хабаровск;Станция / центр крови (головное учреждение);КГБУЗ «Краевая станция переливания крови»;ул. Волочаевская, д. 46;8 (4212) 36-60-39;;;;;;Только список НМИЦ;https://donor.blood.ru/contacts/gde-sdat-krov-v-regionakh.php;;2026-09-27
BS-0154;2 — центр субъекта;;УФО;Ханты-Мансийский автономный округ — Югра;Сургут;Станция / центр крови (головное учреждение);КУ ХМАО-Югры «Станция переливания крови»;проезд Дружбы, д. 4;8 (3462) 37-68-09, доб. 118;;;;;;Только список НМИЦ;https://donor.blood.ru/contacts/gde-sdat-krov-v-regionakh.php;;2026-09-27
BS-0155;2 — центр субъекта;;СКФО;Чеченская Республика;Грозный;Станция / центр крови (головное учреждение);ГБУ «Республиканская станция переливания крови»;ул. Субры Кишиевой, д. 47;8 (8712) 21-20-40;;;;;;Только список НМИЦ;https://donor.blood.ru/contacts/gde-sdat-krov-v-regionakh.php;;2026-09-27
BS-0156;2 — центр субъекта;;ПФО;Чувашская Республика;Чебоксары;Станция / центр крови (головное учреждение);БУ ЧР «Республиканская станция переливания крови» МЗ ЧР;ул. Пирогова, д. 9;8 (8352) 45-37-05, 45-34-03;;;;;;Только список НМИЦ;https://donor.blood.ru/contacts/gde-sdat-krov-v-regionakh.php;;2026-09-27
BS-0157;2 — центр субъекта;;ДФО;Чукотский автономный округ;Анадырь;Отделение переливания крови в больнице;ГБУЗ «Чукотская окружная больница»;ул. Ленина, д. 1;8 (42722) 2-32-27;;;;;Город в источнике не указан (только «Чукотский АО, ул. Ленина, 1»);Только список НМИЦ;https://donor.blood.ru/contacts/gde-sdat-krov-v-regionakh.php;;2026-09-27
BS-0158;2 — центр субъекта;;УФО;Ямало-Ненецкий автономный округ;Салехард;Отделение переливания крови в больнице;ГБУЗ «Салехардская окружная клиническая больница»;ул. Мира, д. 39;8 (34922) 4-48-53;;;;;;Только список НМИЦ;https://donor.blood.ru/contacts/gde-sdat-krov-v-regionakh.php;;2026-09-27
BS-0159;2 — центр субъекта;;ЦФО;Ярославская область;Ярославль;Станция / центр крови (головное учреждение);ГБУЗ ЯО «Областная станция переливания крови»;Тутаевское шоссе, д. 95в;8 (4852) 54-03-45;;;;;;Только список НМИЦ;https://donor.blood.ru/contacts/gde-sdat-krov-v-regionakh.php;;2026-09-27
BS-0160;2 — центр субъекта;;ЦФО;Ярославская область;Ярославль;Отделение переливания крови в больнице;ГБУЗ ЯО «Областная клиническая больница»;ул. Яковлевская, д. 7;8 (4852) 58-91-74;;;;;;Только список НМИЦ;https://donor.blood.ru/contacts/gde-sdat-krov-v-regionakh.php;;2026-09-27
BS-0161;2 — центр субъекта;;ЮФО;г. Севастополь;Севастополь;Станция / центр крови (головное учреждение);ГБУЗС «Центр крови»;ул. Адмирала Октябрьского, д. 19/2;8 (978) 044-30-52;;;;;;Только список НМИЦ;https://donor.blood.ru/contacts/gde-sdat-krov-v-regionakh.php;;2026-09-27
BS-0162;2 — центр субъекта;;СЗФО;Ленинградская область;Тосно;Станция / центр крови (головное учреждение);ГКУЗ «Центр крови Ленинградской области»;шоссе Барыбина, д. 29а;;;;;;;Только список НМИЦ;https://donor.blood.ru/contacts/gde-sdat-krov-v-regionakh.php;;2026-09-27
BS-0163;3 — другой город / район;;СФО;Алтайский край;Бийск;Филиал / подразделение станции;Филиал КГБУЗ «Алтайский краевой центр крови» в г. Бийске;пер. Марьянова, д. 44;8 (3854) 43-58-43;;;;;;Только список НМИЦ;https://donor.blood.ru/contacts/gde-sdat-krov-v-regionakh.php;;2026-09-27
BS-0164;3 — другой город / район;;СФО;Алтайский край;Камень-на-Оби;Отделение переливания крови в больнице;КГБУЗ «Каменская ЦРБ»;ул. Гоголя, д. 91;8 (38584) 3-57-08;;;;;;Только список НМИЦ;https://donor.blood.ru/contacts/gde-sdat-krov-v-regionakh.php;;2026-09-27
BS-0165;3 — другой город / район;;СФО;Алтайский край;Рубцовск;Филиал / подразделение станции;Филиал КГБУЗ «Алтайский краевой центр крови» в г. Рубцовске;Рубцовский пр-т, д. 35а;8 (38557) 4-61-97;;;;;;Только список НМИЦ;https://donor.blood.ru/contacts/gde-sdat-krov-v-regionakh.php;;2026-09-27
BS-0166;3 — другой город / район;;СФО;Алтайский край;Славгород;Отделение переливания крови в больнице;КГБУЗ «Славгородская ЦРБ»;с. Славгородское, ул. Ленина, д. 288;8 (38568) 5-22-61;;;;;;Только список НМИЦ;https://donor.blood.ru/contacts/gde-sdat-krov-v-regionakh.php;;2026-09-27
BS-0167;3 — другой город / район;;ЮФО;Астраханская область;Ахтубинск;Отделение переливания крови в больнице;ГБУЗ АО «Ахтубинская районная больница»;ул. Саратовская, д. 38;8 (85141) 5-40-60;;;;;;Только список НМИЦ;https://donor.blood.ru/contacts/gde-sdat-krov-v-regionakh.php;;2026-09-27
BS-0168;3 — другой город / район;;ЦФО;Белгородская область;Губкин;Филиал / подразделение станции;ОГБУЗ «Центр крови БО», ОЗК «г. Губкин»;ул. Дзержинского, д. 94;8 (47241) 7-01-25;;;;;;Только список НМИЦ;https://donor.blood.ru/contacts/gde-sdat-krov-v-regionakh.php;;2026-09-27
BS-0169;3 — другой город / район;;ЦФО;Белгородская область;Новый Оскол;Филиал / подразделение станции;ОГБУЗ «Центр крови БО», ОЗК «г. Новый Оскол»;ул. Ливенская, д. 122;8 (47233) 4-11-75;;;;;;Только список НМИЦ;https://donor.blood.ru/contacts/gde-sdat-krov-v-regionakh.php;;2026-09-27
BS-0170;3 — другой город / район;;ЦФО;Белгородская область;Старый Оскол;Филиал / подразделение станции;ОГБУЗ «Центр крови БО», ОЗК «г. Старый Оскол»;м-н Буденного, д. 24;8 (4725) 42-09-25;;;;;;Только список НМИЦ;https://donor.blood.ru/contacts/gde-sdat-krov-v-regionakh.php;;2026-09-27
BS-0171;3 — другой город / район;;ЦФО;Владимирская область;Вязники;Филиал / подразделение станции;ГБУЗ ВО «ОСПК», отделение заготовки крови;ул. Вокзальная, д. 4а;8 (49233) 3-22-60;;;;;;Только список НМИЦ;https://donor.blood.ru/contacts/gde-sdat-krov-v-regionakh.php;;2026-09-27
BS-0172;3 — другой город / район;;ЦФО;Владимирская область;Муром;Отделение переливания крови в больнице;ГБУЗ ВО «Муромская городская больница № 3»;ул. Войкова, д. 11А;8 (49234) 3-18-72;;;;;;Только список НМИЦ;https://donor.blood.ru/contacts/gde-sdat-krov-v-regionakh.php;;2026-09-27
BS-0173;3 — другой город / район;;ЮФО;Волгоградская область;Волжский;Филиал / подразделение станции;Филиал № 2 ГБУЗ «ВОЦК»;ул. Пушкина, д. 93;8 (8443) 56-86-20;;;;;;Только список НМИЦ;https://donor.blood.ru/contacts/gde-sdat-krov-v-regionakh.php;;2026-09-27
BS-0174;3 — другой город / район;;ЮФО;Волгоградская область;Камышин;Филиал / подразделение станции;Филиал № 1 ГБУЗ «ВОЦК»;11-й квартал, д. 6;8 (8445) 79-30-91;;;;;;Только список НМИЦ;https://donor.blood.ru/contacts/gde-sdat-krov-v-regionakh.php;;2026-09-27
BS-0175;3 — другой город / район;;ЮФО;Волгоградская область;Михайловка;Филиал / подразделение станции;Филиал № 3 ГБУЗ «ВОЦК»;ул. Щорса, д. 2;8 (8446) 32-35-75;;;;;;Только список НМИЦ;https://donor.blood.ru/contacts/gde-sdat-krov-v-regionakh.php;;2026-09-27
BS-0176;3 — другой город / район;;ЮФО;Волгоградская область;Урюпинск;Филиал / подразделение станции;Филиал № 4 ГБУЗ «ВОЦК»;ул. Весенняя, д. 2;8 (8442) 23-81-77;;;;;;Только список НМИЦ;https://donor.blood.ru/contacts/gde-sdat-krov-v-regionakh.php;;2026-09-27
BS-0177;3 — другой город / район;;СЗФО;Вологодская область;Великий Устюг;Филиал / подразделение станции;Филиал БУЗ ВО «ВОСПК № 1»;ул. Водников, д. 2;8 (81738) 2-32-62;;;;;;Только список НМИЦ;https://donor.blood.ru/contacts/gde-sdat-krov-v-regionakh.php;;2026-09-27
BS-0178;3 — другой город / район;;СЗФО;Вологодская область;Череповец;Станция / центр крови (головное учреждение);БУЗ ВО «Станция переливания крови № 2»;ул. К. Беляева, д. 51;8 (8202) 26-88-12, 26-10-11;;;;;;Только список НМИЦ;https://donor.blood.ru/contacts/gde-sdat-krov-v-regionakh.php;;2026-09-27
BS-0179;3 — другой город / район;;ЦФО;Воронежская область;Бобров;Филиал / подразделение станции;Филиал Бобровский БУЗ ВО ВОСПК;ул. Гагарина, д. 333;8 (47350) 4-82-14;;;;;;Только список НМИЦ;https://donor.blood.ru/contacts/gde-sdat-krov-v-regionakh.php;;2026-09-27
BS-0180;3 — другой город / район;;ЦФО;Воронежская область;Борисоглебск;Филиал / подразделение станции;Филиал Борисоглебский БУЗ ВО ВОСПК;ул. Свободы, д. 206;8 (47354) 2-66-17;;;;;;Только список НМИЦ;https://donor.blood.ru/contacts/gde-sdat-krov-v-regionakh.php;;2026-09-27
BS-0181;3 — другой город / район;;ЦФО;Воронежская область;Калач;Филиал / подразделение станции;Филиал Калачеевский БУЗ ВО ВОСПК;ул. Борцов Революции, д. 20;8 (47363) 2-21-57;;;;;;Только список НМИЦ;https://donor.blood.ru/contacts/gde-sdat-krov-v-regionakh.php;;2026-09-27
BS-0182;3 — другой город / район;;ЦФО;Воронежская область;Острогожск;Филиал / подразделение станции;Филиал Острогожский БУЗ ВО ВОСПК;ул. Октябрьская, д. 99;8 (47375) 4-19-26;;;;;;Только список НМИЦ;https://donor.blood.ru/contacts/gde-sdat-krov-v-regionakh.php;;2026-09-27
BS-0183;3 — другой город / район;;ЦФО;Воронежская область;Павловск;Филиал / подразделение станции;Филиал Павловский БУЗ ВО ВОСПК;пер. Лесной, д. 1а;8 (47362) 3-18-10;;;;;;Только список НМИЦ;https://donor.blood.ru/contacts/gde-sdat-krov-v-regionakh.php;;2026-09-27
BS-0184;3 — другой город / район;;ЦФО;Воронежская область;Россошь;Филиал / подразделение станции;Филиал Россошанский БУЗ ВО ВОСПК;ул. Белинского, д. 27;8 (47396) 2-05-10;;;;;;Только список НМИЦ;https://donor.blood.ru/contacts/gde-sdat-krov-v-regionakh.php;;2026-09-27
BS-0185;3 — другой город / район;;ЦФО;Ивановская область;Вичуга;Филиал / подразделение станции;Вичугский филиал;ул. Ульяновская, д. 12;8 (49354) 2-46-56;;;;;;Только список НМИЦ;https://donor.blood.ru/contacts/gde-sdat-krov-v-regionakh.php;;2026-09-27
BS-0186;3 — другой город / район;;ЦФО;Ивановская область;Кинешма;Филиал / подразделение станции;Кинешемский филиал;ул. Гагарина, д. 2А;8 (49331) 2-37-93;;;;;;Только список НМИЦ;https://donor.blood.ru/contacts/gde-sdat-krov-v-regionakh.php;;2026-09-27
BS-0187;3 — другой город / район;;ЦФО;Ивановская область;Фурманов;Филиал / подразделение станции;Фурмановский филиал;ул. Тимирязева, д. 1;8 (49341) 2-10-50;;;;;;Только список НМИЦ;https://donor.blood.ru/contacts/gde-sdat-krov-v-regionakh.php;;2026-09-27
BS-0188;3 — другой город / район;;ЦФО;Ивановская область;Шуя;Филиал / подразделение станции;Шуйский филиал;ул. 1-я Металлистов, д. 1В;8 (49351) 3-85-63;;;;;;Только список НМИЦ;https://donor.blood.ru/contacts/gde-sdat-krov-v-regionakh.php;;2026-09-27
BS-0189;3 — другой город / район;;ЦФО;Ивановская область;Южа;Филиал / подразделение станции;Южский филиал;ул. Советская, д. 13;8 (49347) 2-17-94;;;;;;Только список НМИЦ;https://donor.blood.ru/contacts/gde-sdat-krov-v-regionakh.php;;2026-09-27
BS-0190;3 — другой город / район;;СФО;Иркутская область;Ангарск;Филиал / подразделение станции;ГБУЗ ИОСПК, филиал № 4;квартал 95, д. 13;8 (3955) 67-89-37;;;;;;Только список НМИЦ;https://donor.blood.ru/contacts/gde-sdat-krov-v-regionakh.php;;2026-09-27
BS-0191;3 — другой город / район;;СФО;Иркутская область;Братск;Филиал / подразделение станции;ГБУЗ ИОСПК, филиал № 3;ж/р Центральный, ул. 40 лет Победы, д. 6;8 (3953) 42-09-25;;;;;;Только список НМИЦ;https://donor.blood.ru/contacts/gde-sdat-krov-v-regionakh.php;;2026-09-27
BS-0192;3 — другой город / район;;СФО;Иркутская область;Саянск;Филиал / подразделение станции;ГБУЗ ИОСПК, филиал № 1;мкр. Благовещенский, д. 5А;8 (39553) 5-24-84;;;;;;Только список НМИЦ;https://donor.blood.ru/contacts/gde-sdat-krov-v-regionakh.php;;2026-09-27
BS-0193;3 — другой город / район;;СФО;Иркутская область;Усолье-Сибирское;Филиал / подразделение станции;ГБУЗ ИОСПК, филиал № 6;ул. Шевченко, д. 7;8 (39543) 6-71-60;;;;;;Только список НМИЦ;https://donor.blood.ru/contacts/gde-sdat-krov-v-regionakh.php;;2026-09-27
BS-0194;3 — другой город / район;;СФО;Иркутская область;Усть-Илимск;Филиал / подразделение станции;ГБУЗ ИОСПК, филиал № 5;ул. Карла Маркса, д. 22А;8 (39535) 5-72-31;;;;;;Только список НМИЦ;https://donor.blood.ru/contacts/gde-sdat-krov-v-regionakh.php;;2026-09-27
BS-0195;3 — другой город / район;;ЦФО;Калужская область;Обнинск;Федеральный центр / вуз (ОПК);МРНЦ им. А.Ф. Цыба — филиал НМИЦ радиологии;ул. Королева, д. 4;8 (48439) 9-31-03;;;;;;Только список НМИЦ;https://donor.blood.ru/contacts/gde-sdat-krov-v-regionakh.php;;2026-09-27
BS-0196;3 — другой город / район;;СФО;Кемеровская область — Кузбасс;Анжеро-Судженск;Филиал / подразделение станции;Анжеро-Судженский филиал ГКУЗ «Кузбасский центр крови»;ул. Менделеева, д. 73;8 (38453) 5-18-90;;;;;;Только список НМИЦ;https://donor.blood.ru/contacts/gde-sdat-krov-v-regionakh.php;;2026-09-27
BS-0197;3 — другой город / район;;СФО;Кемеровская область — Кузбасс;Белово;Филиал / подразделение станции;Беловский филиал ГКУЗ «Кузбасский центр крови»;ул. Юности, д. 18;8 (38452) 2-31-81;;;;;;Только список НМИЦ;https://donor.blood.ru/contacts/gde-sdat-krov-v-regionakh.php;;2026-09-27
BS-0198;3 — другой город / район;;СФО;Кемеровская область — Кузбасс;Новокузнецк;Филиал / подразделение станции;Новокузнецкий филиал ГКУЗ «Кузбасский центр крови»;ул. Кутузова, д. 19;8 (3843) 79-69-71;;;;;;Только список НМИЦ;https://donor.blood.ru/contacts/gde-sdat-krov-v-regionakh.php;;2026-09-27
BS-0199;3 — другой город / район;;СФО;Кемеровская область — Кузбасс;Новокузнецк;Отделение переливания крови в больнице;ГБУЗ «Кузбасская детская клиническая больница им. проф. Ю.Е. Малаховского»;ул. Димитрова, д. 33;8 (3843) 73-49-49;;;;;;Только список НМИЦ;https://donor.blood.ru/contacts/gde-sdat-krov-v-regionakh.php;;2026-09-27
BS-0200;3 — другой город / район;;СФО;Кемеровская область — Кузбасс;Прокопьевск;Филиал / подразделение станции;Прокопьевский филиал ГКУЗ «Кузбасский центр крови»;пр-т Шахтеров, д. 13;8 (3846) 61-47-49;;;;;;Только список НМИЦ;https://donor.blood.ru/contacts/gde-sdat-krov-v-regionakh.php;;2026-09-27
BS-0201;3 — другой город / район;;ПФО;Кировская область;Вятские Поляны;Филиал / подразделение станции;КОГБУЗ «Кировский центр крови», Вятскополянское ОПК;ул. Лермонтова, д. 2;8 (83334) 6-45-55, 8 (922) 938-02-93;;;;;;Только список НМИЦ;https://donor.blood.ru/contacts/gde-sdat-krov-v-regionakh.php;;2026-09-27
BS-0202;3 — другой город / район;;ПФО;Кировская область;Зуевка;Филиал / подразделение станции;КОГБУЗ «Кировский центр крови», Зуевское ОПК;ул. Исполкомовская, д. 109;8 (922) 938-03-01;;;;;;Только список НМИЦ;https://donor.blood.ru/contacts/gde-sdat-krov-v-regionakh.php;;2026-09-27
BS-0203;3 — другой город / район;;ПФО;Кировская область;Кирово-Чепецк;Филиал / подразделение станции;КОГБУЗ «Кировский центр крови», Кирово-Чепецкое ОПК;ул. Созонтова, д. 3;8 (83361) 4-88-39, 8 (922) 938-03-21;;;;;;Только список НМИЦ;https://donor.blood.ru/contacts/gde-sdat-krov-v-regionakh.php;;2026-09-27
BS-0204;3 — другой город / район;;ПФО;Кировская область;Омутнинск;Филиал / подразделение станции;КОГБУЗ «Кировский центр крови», Омутнинское ОПК;ул. Спортивная, д. 1;8 (83352) 2-49-43, 8 (922) 938-03-24;;;;;;Только список НМИЦ;https://donor.blood.ru/contacts/gde-sdat-krov-v-regionakh.php;;2026-09-27
BS-0205;3 — другой город / район;;ПФО;Кировская область;Уржум;Филиал / подразделение станции;КОГБУЗ «Кировский центр крови», Уржумское ОПК;ул. Елкина, д. 91;8 (83363) 2-17-13, 8 (922) 938-03-28;;;;;;Только список НМИЦ;https://donor.blood.ru/contacts/gde-sdat-krov-v-regionakh.php;;2026-09-27
BS-0206;3 — другой город / район;;ПФО;Кировская область;Яранск;Филиал / подразделение станции;КОГБУЗ «Кировский центр крови», Яранское ОПК;ул. Халтурина, д. 5А;8 (83367) 2-14-73, 8 (922) 938-02-32;;;;;;Только список НМИЦ;https://donor.blood.ru/contacts/gde-sdat-krov-v-regionakh.php;;2026-09-27
BS-0207;3 — другой город / район;;ЦФО;Костромская область;Буй;Отделение переливания крови в больнице;ОГБУЗ «Буйская ЦРБ»;ул. 9-го Января, д. 42;8 (49435) 4-29-66;;;;;;Только список НМИЦ;https://donor.blood.ru/contacts/gde-sdat-krov-v-regionakh.php;;2026-09-27
BS-0208;3 — другой город / район;;ЦФО;Костромская область;Галич;Отделение переливания крови в больнице;ОГБУЗ «Галичская окружная больница»;ул. Фестивальная, д. 1;8 (49437) 2-26-94, 2-10-05;;;;;;Только список НМИЦ;https://donor.blood.ru/contacts/gde-sdat-krov-v-regionakh.php;;2026-09-27
BS-0209;3 — другой город / район;;ЦФО;Костромская область;Шарья;Отделение переливания крови в больнице;ОГБУЗ «Шарьинская окружная больница им. Каверина В.Ф.»;ул. им. Хирурга Крылова, д. 1;8 (49449) 5-41-82;;;;;;Только список НМИЦ;https://donor.blood.ru/contacts/gde-sdat-krov-v-regionakh.php;;2026-09-27
BS-0210;3 — другой город / район;;ЮФО;Краснодарский край;Анапа;Отделение переливания крови в больнице;ГБУЗ «Городская больница города Анапы»;ул. Крымская, д. 24;8 (86133) 5-61-23;;;;;;Только список НМИЦ;https://donor.blood.ru/contacts/gde-sdat-krov-v-regionakh.php;;2026-09-27
BS-0211;3 — другой город / район;;ЮФО;Краснодарский край;Армавир;Филиал / подразделение станции;Армавирский филиал ГБУЗ СПК;ул. Ленина, д. 107/1;8 (86137) 3-92-10;;;;;;Только список НМИЦ;https://donor.blood.ru/contacts/gde-sdat-krov-v-regionakh.php;;2026-09-27
BS-0212;3 — другой город / район;;ЮФО;Краснодарский край;Белореченск;Филиал / подразделение станции;Белореченский филиал ГБУЗ СПК;ул. Толстого, д. 160;8 (86155) 3-32-77;;;;;;Только список НМИЦ;https://donor.blood.ru/contacts/gde-sdat-krov-v-regionakh.php;;2026-09-27
BS-0213;3 — другой город / район;;ЮФО;Краснодарский край;Геленджик;Отделение переливания крови в больнице;ГБУЗ «Городская больница города-курорта Геленджик»;ул. Луначарского, д. 176;8 (86141) 3-38-37;;;;;;Только список НМИЦ;https://donor.blood.ru/contacts/gde-sdat-krov-v-regionakh.php;;2026-09-27
BS-0214;3 — другой город / район;;ЮФО;Краснодарский край;Ейск;Филиал / подразделение станции;Ейский филиал ГБУЗ СПК;ул. Энгельса, д. 156;8 (86132) 3-20-23;;;;;;Только список НМИЦ;https://donor.blood.ru/contacts/gde-sdat-krov-v-regionakh.php;;2026-09-27
BS-0215;3 — другой город / район;;ЮФО;Краснодарский край;Кореновск;Филиал / подразделение станции;Кореновский филиал ГБУЗ СПК;ул. Новые Планы, д. 8;8 (86142) 4-07-59;;;;;;Только список НМИЦ;https://donor.blood.ru/contacts/gde-sdat-krov-v-regionakh.php;;2026-09-27
BS-0216;3 — другой город / район;;ЮФО;Краснодарский край;Кропоткин;Отделение переливания крови в больнице;ГБУЗ «Городская больница города Кропоткина» (в источнике — «ГБ № 1 г. Сочи»);пер. Восточный, д. 62;8 (86138) 7-06-71;;;;;В источнике название и адрес, вероятно, перепутаны с ГБ № 1 г. Сочи — город указан по адресу;Только список НМИЦ;https://donor.blood.ru/contacts/gde-sdat-krov-v-regionakh.php;;2026-09-27
BS-0217;3 — другой город / район;;ЮФО;Краснодарский край;Крымск;Отделение переливания крови в больнице;ГБУЗ «Крымская ЦРБ»;ул. Горная, д. 15;8 (86131) 2-70-27;;;;;;Только список НМИЦ;https://donor.blood.ru/contacts/gde-sdat-krov-v-regionakh.php;;2026-09-27
BS-0218;3 — другой город / район;;ЮФО;Краснодарский край;Новокубанск;Отделение переливания крови в больнице;ГБУЗ «Новокубанская ЦРБ»;ул. К. Маркса, д. 59;8 (86195) 3-18-05;;;;;;Только список НМИЦ;https://donor.blood.ru/contacts/gde-sdat-krov-v-regionakh.php;;2026-09-27
BS-0219;3 — другой город / район;;ЮФО;Краснодарский край;Новороссийск;Филиал / подразделение станции;Новороссийский филиал ГБУЗ СПК;ул. Видова, д. 87а;8 (8617) 21-14-58;;;;;;Только список НМИЦ;https://donor.blood.ru/contacts/gde-sdat-krov-v-regionakh.php;;2026-09-27
BS-0220;3 — другой город / район;;ЮФО;Краснодарский край;Приморско-Ахтарск;Отделение переливания крови в больнице;ГБУЗ «Приморско-Ахтарская ЦРБ им. Кравченко Н.Г.»;ул. Комиссара Шевченко, д. 99;8 (86143) 2-02-47;;;;;;Только список НМИЦ;https://donor.blood.ru/contacts/gde-sdat-krov-v-regionakh.php;;2026-09-27
BS-0221;3 — другой город / район;;ЮФО;Краснодарский край;Сочи;Филиал / подразделение станции;Сочинский филиал ГБУЗ СПК;ул. Дагомысская, д. 42/7;8 (8622) 61-23-77;;;;;;Только список НМИЦ;https://donor.blood.ru/contacts/gde-sdat-krov-v-regionakh.php;;2026-09-27
BS-0222;3 — другой город / район;;ЮФО;Краснодарский край;Сочи;Отделение переливания крови в больнице;ГБУЗ «Городская больница № 1 г. Сочи» (в источнике — «ГБ г. Кропоткина»);ул. Энтузиастов, д. 17;8 (8622) 70-44-79;;;;;В источнике название и адрес, вероятно, перепутаны с ГБ г. Кропоткина — город указан по адресу;Только список НМИЦ;https://donor.blood.ru/contacts/gde-sdat-krov-v-regionakh.php;;2026-09-27
BS-0223;3 — другой город / район;;ЮФО;Краснодарский край;Темрюк;Отделение переливания крови в больнице;ГБУЗ «Темрюкская ЦРБ»;ул. Октябрьская, д. 184;8 (86148) 5-22-03;;;;;;Только список НМИЦ;https://donor.blood.ru/contacts/gde-sdat-krov-v-regionakh.php;;2026-09-27
BS-0224;3 — другой город / район;;ЮФО;Краснодарский край;Тимашевск;Отделение переливания крови в больнице;ГБУЗ «Тимашевская ЦРБ»;ул. Ленина, д. 175;8 (86130) 4-10-93;;;;;;Только список НМИЦ;https://donor.blood.ru/contacts/gde-sdat-krov-v-regionakh.php;;2026-09-27
BS-0225;3 — другой город / район;;ЮФО;Краснодарский край;Туапсе;Отделение переливания крови в больнице;ГБУЗ «Туапсинская ЦРБ № 1»;ул. Армавирская, д. 2;8 (86167) 2-39-46;;;;;;Только список НМИЦ;https://donor.blood.ru/contacts/gde-sdat-krov-v-regionakh.php;;2026-09-27
BS-0226;3 — другой город / район;;ЮФО;Краснодарский край;пгт Мостовской;Отделение переливания крови в больнице;ГБУЗ «Мостовская ЦРБ»;ул. Красная, д. 93;8 (86192) 5-29-93;;;;;;Только список НМИЦ;https://donor.blood.ru/contacts/gde-sdat-krov-v-regionakh.php;;2026-09-27
BS-0227;3 — другой город / район;;ЮФО;Краснодарский край;ст. Каневская;Отделение переливания крови в больнице;ГБУЗ «Каневская ЦРБ»;ул. Больничная, д. 108;8 (86164) 4-18-13;;;;;;Только список НМИЦ;https://donor.blood.ru/contacts/gde-sdat-krov-v-regionakh.php;;2026-09-27
BS-0228;3 — другой город / район;;ЮФО;Краснодарский край;ст. Новопокровская;Отделение переливания крови в больнице;ГБУЗ «Новопокровская ЦРБ»;ул. Калинина, д. 191;8 (86149) 7-18-04;;;;;;Только список НМИЦ;https://donor.blood.ru/contacts/gde-sdat-krov-v-regionakh.php;;2026-09-27
BS-0229;3 — другой город / район;;ЮФО;Краснодарский край;ст. Фастовецкая;Отделение переливания крови в больнице;ГБУЗ «Тихорецкая ЦРБ»;ул. Ленина, д. 2;8 (86196) 4-53-83;;;;;;Только список НМИЦ;https://donor.blood.ru/contacts/gde-sdat-krov-v-regionakh.php;;2026-09-27
BS-0230;3 — другой город / район;;СФО;Красноярский край;Ачинск;Филиал / подразделение станции;КГКУЗ «ККЦК № 1» (подразделение);24 квартал, д. 10;8 (39151) 7-00-27;;;;;;Только список НМИЦ;https://donor.blood.ru/contacts/gde-sdat-krov-v-regionakh.php;;2026-09-27
BS-0231;3 — другой город / район;;СФО;Красноярский край;Канск;Филиал / подразделение станции;КГКУЗ «ККЦК № 1» (подразделение);ул. Парижской Коммуны, д. 65;8 (39161) 3-54-33;;;;;;Только список НМИЦ;https://donor.blood.ru/contacts/gde-sdat-krov-v-regionakh.php;;2026-09-27
BS-0232;3 — другой город / район;;СФО;Красноярский край;Лесосибирск;Филиал / подразделение станции;КГКУЗ «ККЦК № 1» (подразделение);ул. Привокзальная, д. 73а;8 (39145) 6-53-43;;;;;;Только список НМИЦ;https://donor.blood.ru/contacts/gde-sdat-krov-v-regionakh.php;;2026-09-27
BS-0233;3 — другой город / район;;СФО;Красноярский край;Минусинск;Филиал / подразделение станции;КГКУЗ «ККЦК № 1» (подразделение);ул. Абаканская, д. 52а;8 (39132) 4-08-87;;;;;;Только список НМИЦ;https://donor.blood.ru/contacts/gde-sdat-krov-v-regionakh.php;;2026-09-27
BS-0234;3 — другой город / район;;СФО;Красноярский край;Норильск;Филиал / подразделение станции;КГКУЗ «ККЦК № 1» (подразделение);ул. Московская, д. 13;8 (3919) 34-94-45;;;;;;Только список НМИЦ;https://donor.blood.ru/contacts/gde-sdat-krov-v-regionakh.php;;2026-09-27
BS-0235;3 — другой город / район;;УФО;Курганская область;Шадринск;Филиал / подразделение станции;Шадринское отделение ГКУ «КОСПК»;ул. Михайловская, д. 112;8 (35253) 7-45-33;;;;;;Только список НМИЦ;https://donor.blood.ru/contacts/gde-sdat-krov-v-regionakh.php;;2026-09-27
BS-0236;3 — другой город / район;;СЗФО;Мурманская область;Апатиты;Отделение переливания крови в больнице;ГОБУЗ «Апатитско-Кировская центральная больница», ОПК;ул. Космонавтов, д. 21;8 (81531) 4-67-29;;;;;;Только список НМИЦ;https://donor.blood.ru/contacts/gde-sdat-krov-v-regionakh.php;;2026-09-27
BS-0237;3 — другой город / район;;СЗФО;Мурманская область;Мончегорск;Отделение переливания крови в больнице;ГОАУЗ «Мончегорская центральная районная больница»;пр. Кирова, д. 6;8 (956) 170-86-91;;;;;;Только список НМИЦ;https://donor.blood.ru/contacts/gde-sdat-krov-v-regionakh.php;;2026-09-27
BS-0238;3 — другой город / район;;СЗФО;Новгородская область;Боровичи;Станция / центр крови (головное учреждение);ГОБУЗ «Боровичская станция переливания крови»;ул. Подбельского, д. 23;8 (81664) 4-24-61;;;;;;Только список НМИЦ;https://donor.blood.ru/contacts/gde-sdat-krov-v-regionakh.php;;2026-09-27
BS-0239;3 — другой город / район;;СЗФО;Новгородская область;Старая Русса;Отделение переливания крови в больнице;ГОБУЗ «Старорусская ЦРБ»;ул. Гостинодворская, д. 50;8 (81652) 5-17-95;;;;;;Только список НМИЦ;https://donor.blood.ru/contacts/gde-sdat-krov-v-regionakh.php;;2026-09-27
BS-0240;3 — другой город / район;;СФО;Новосибирская область;Бердск;Отделение переливания крови в больнице;ГБУЗ НСО «Бердская ЦГБ», ОПК;ул. Боровая, д. 96;8 (38341) 4-34-26;;;;;;Только список НМИЦ;https://donor.blood.ru/contacts/gde-sdat-krov-v-regionakh.php;;2026-09-27
BS-0241;3 — другой город / район;;СФО;Новосибирская область;Искитим;Отделение переливания крови в больнице;ГБУЗ НСО «Искитимская ЦГБ», ОПК;ул. Коротеева, д. 24;8 (38343) 2-39-33;;;;;;Только список НМИЦ;https://donor.blood.ru/contacts/gde-sdat-krov-v-regionakh.php;;2026-09-27
BS-0242;3 — другой город / район;;СФО;Новосибирская область;Карасук;Отделение переливания крови в больнице;ГБУЗ НСО «Карасукская ЦРБ», ОПК;ул. Гагарина, д. 1А;8 (38355) 3-31-19;;;;;;Только список НМИЦ;https://donor.blood.ru/contacts/gde-sdat-krov-v-regionakh.php;;2026-09-27
BS-0243;3 — другой город / район;;СФО;Новосибирская область;Каргат;Отделение переливания крови в больнице;ГБУЗ НСО «Каргатская ЦРБ», ОПК;ул. Трудовая, д. 30;8 (38365) 2-25-31;;;;;;Только список НМИЦ;https://donor.blood.ru/contacts/gde-sdat-krov-v-regionakh.php;;2026-09-27
BS-0244;3 — другой город / район;;СФО;Новосибирская область;Куйбышев;Филиал / подразделение станции;Филиал ГБУЗ НСО «НКЦК»;ул. Володарского, д. 61;8 (38362) 6-22-04;;;;;;Только список НМИЦ;https://donor.blood.ru/contacts/gde-sdat-krov-v-regionakh.php;;2026-09-27
BS-0245;3 — другой город / район;;СФО;Новосибирская область;Купино;Отделение переливания крови в больнице;ГБУЗ НСО «Купинская ЦРБ», ОПК;ул. Лесная, д. 1;8 (38358) 2-38-13;;;;;;Только список НМИЦ;https://donor.blood.ru/contacts/gde-sdat-krov-v-regionakh.php;;2026-09-27
BS-0246;3 — другой город / район;;СФО;Новосибирская область;Татарск;Отделение переливания крови в больнице;ГБУЗ НСО «Татарская ЦРБ им. 70-летия Новосибирской области», ОПК;ул. Смирновская, д. 109;8 (38364) 2-08-88;;;;;;Только список НМИЦ;https://donor.blood.ru/contacts/gde-sdat-krov-v-regionakh.php;;2026-09-27
BS-0247;3 — другой город / район;;СФО;Новосибирская область;р.п. Краснозерское;Отделение переливания крови в больнице;ГБУЗ НСО «Краснозерская ЦРБ», ОПК;ул. Ленина, д. 81;8 (38357) 4-31-37;;;;;;Только список НМИЦ;https://donor.blood.ru/contacts/gde-sdat-krov-v-regionakh.php;;2026-09-27
BS-0248;3 — другой город / район;;СФО;Новосибирская область;р.п. Сузун;Отделение переливания крови в больнице;ГБУЗ НСО «Сузунская ЦРБ», ОПК;ул. Партизанская, д. 214;8 (38346) 2-24-73;;;;;;Только список НМИЦ;https://donor.blood.ru/contacts/gde-sdat-krov-v-regionakh.php;;2026-09-27
BS-0249;3 — другой город / район;;СФО;Новосибирская область;р.п. Чистоозерное;Отделение переливания крови в больнице;ГБУЗ НСО «Чистоозерная ЦРБ», ОПК;ул. Зонова, д. 6;8 (38368) 9-16-89;;;;;;Только список НМИЦ;https://donor.blood.ru/contacts/gde-sdat-krov-v-regionakh.php;;2026-09-27
BS-0250;3 — другой город / район;;СФО;Омская область;Исилькуль;Отделение переливания крови в больнице;БУЗОО «Исилькульская ЦРБ»;ул. Тельмана, д. 187;8 (38173) 2-12-47;;;;;;Только список НМИЦ;https://donor.blood.ru/contacts/gde-sdat-krov-v-regionakh.php;;2026-09-27
BS-0251;3 — другой город / район;;СФО;Омская область;Калачинск;Филиал / подразделение станции;Филиал Калачинский БУЗОО «Центр крови»;ул. Больничная, д. 14;55-23-830 (как на сайте);Вт–ср 08:00–11:00;;;;"Нет в списке НМИЦ; есть на сайте Центра крови";Подтверждено по сайту учреждения / Службе крови;https://ck-omsk.ru/services/rezhim-raboty;;2026-09-27
BS-0252;3 — другой город / район;;СФО;Омская область;Тара;Отделение переливания крови в больнице;БУЗОО «Тарская ЦРБ»;ул. Советская, д. 75;8 (38171) 2-02-88;;;;;;Только список НМИЦ;https://donor.blood.ru/contacts/gde-sdat-krov-v-regionakh.php;;2026-09-27
BS-0253;3 — другой город / район;;СФО;Омская область;р.п. Шербакуль;Филиал / подразделение станции;Филиал Шербакульский БУЗОО «Центр крови»;ул. Гуртьева, д. 52;8 (38177) 2-33-66;Пн–вт 08:00–11:00;;;;;Подтверждено по сайту учреждения / Службе крови;https://donor.blood.ru/contacts/gde-sdat-krov-v-regionakh.php;https://ck-omsk.ru/services/rezhim-raboty;2026-09-27
BS-0254;3 — другой город / район;;ПФО;Оренбургская область;Бузулук;Филиал / подразделение станции;Филиал — Бузулукская станция переливания крови;4 мкр., д. 1;8 (3534) 27-65-62;;;;;;Только список НМИЦ;https://donor.blood.ru/contacts/gde-sdat-krov-v-regionakh.php;;2026-09-27
BS-0255;3 — другой город / район;;ПФО;Оренбургская область;Орск;Филиал / подразделение станции;Филиал — Орская станция переливания крови;ул. Ленинского Комсомола, д. 24а;8 (3537) 21-03-71;;;;;;Только список НМИЦ;https://donor.blood.ru/contacts/gde-sdat-krov-v-regionakh.php;;2026-09-27
BS-0256;3 — другой город / район;;ЦФО;Орловская область;Ливны;Филиал / подразделение станции;БУЗ ОО «Орловская СПК» (подразделение);ул. Капитана Филиппова, д. 64А;8 (48677) 2-02-93;;;;;;Только список НМИЦ;https://donor.blood.ru/contacts/gde-sdat-krov-v-regionakh.php;;2026-09-27
BS-0257;3 — другой город / район;;ЦФО;Орловская область;Мценск;Филиал / подразделение станции;БУЗ ОО «Орловская СПК» (подразделение);ул. 20 Июля, д. 2А;8 (48646) 4-03-93;;;;;;Только список НМИЦ;https://donor.blood.ru/contacts/gde-sdat-krov-v-regionakh.php;;2026-09-27
BS-0258;3 — другой город / район;;ПФО;Пермский край;Березники;Отделение переливания крови в больнице;ГБУЗ ПК «Краевая больница им. ак. Вагнера Е.А.»;ул. Ленина, д. 22а;8 (3424) 20-10-48, доп. 972;;;;;;Только список НМИЦ;https://donor.blood.ru/contacts/gde-sdat-krov-v-regionakh.php;;2026-09-27
BS-0259;3 — другой город / район;;ПФО;Пермский край;Кунгур;Филиал / подразделение станции;Кунгурский филиал ГБУЗ «ПКСПК»;ул. Красногвардейцев, д. 45г;8 (34271) 2-69-61;;;;;;Только список НМИЦ;https://donor.blood.ru/contacts/gde-sdat-krov-v-regionakh.php;;2026-09-27
BS-0260;3 — другой город / район;;ПФО;Пермский край;Лысьва;Отделение переливания крови в больнице;ГБУЗ ПК «Городская больница Лысьвенского городского округа»;ул. Гайдара, д. 1;8 (34249) 3-55-20;;;;;;Только список НМИЦ;https://donor.blood.ru/contacts/gde-sdat-krov-v-regionakh.php;;2026-09-27
BS-0261;3 — другой город / район;;ПФО;Пермский край;Чайковский;Отделение переливания крови в больнице;ГБУЗ ПК «Чайковская центральная городская больница»;ул. Мира, д. 49;8 (34241) 2-39-90;;;;;;Только список НМИЦ;https://donor.blood.ru/contacts/gde-sdat-krov-v-regionakh.php;;2026-09-27
BS-0262;3 — другой город / район;;ДФО;Приморский край;Арсеньев;Филиал / подразделение станции;ГБУЗ «Краевая станция переливания крови» (подразделение);ул. Ломоносова, д. 11;8 (42361) 4-45-01;;;;;;Только список НМИЦ;https://donor.blood.ru/contacts/gde-sdat-krov-v-regionakh.php;;2026-09-27
BS-0263;3 — другой город / район;;ДФО;Приморский край;Дальнегорск;Филиал / подразделение станции;ГБУЗ «Краевая станция переливания крови» (подразделение);пр-т 50 лет Октября, д. 94;8 (42373) 2-77-64;;;;;;Только список НМИЦ;https://donor.blood.ru/contacts/gde-sdat-krov-v-regionakh.php;;2026-09-27
BS-0264;3 — другой город / район;;ДФО;Приморский край;Лесозаводск;Филиал / подразделение станции;ГБУЗ «Краевая станция переливания крови» (подразделение);ул. 9-го Января, д. 102;8 (42355) 2-91-66;;;;;;Только список НМИЦ;https://donor.blood.ru/contacts/gde-sdat-krov-v-regionakh.php;;2026-09-27
BS-0265;3 — другой город / район;;ДФО;Приморский край;Находка;Филиал / подразделение станции;ГБУЗ «Краевая станция переливания крови» (подразделение);ул. Пирогова, д. 3;8 (4236) 62-75-25;;;;;;Только список НМИЦ;https://donor.blood.ru/contacts/gde-sdat-krov-v-regionakh.php;;2026-09-27
BS-0266;3 — другой город / район;;ДФО;Приморский край;Уссурийск;Филиал / подразделение станции;ГБУЗ «Краевая станция переливания крови» (подразделение);ул. Некрасова, д. 119;8 (4234) 33-55-53;;;;;;Только список НМИЦ;https://donor.blood.ru/contacts/gde-sdat-krov-v-regionakh.php;;2026-09-27
BS-0267;3 — другой город / район;;СЗФО;Псковская область;Великие Луки;Филиал / подразделение станции;Филиал «Великолукский» ГБУЗ ПО «СПК Псковской области»;ул. Больничная, д. 4;8 (8115) 33-74-03;;;;;;Только список НМИЦ;https://donor.blood.ru/contacts/gde-sdat-krov-v-regionakh.php;;2026-09-27
BS-0268;3 — другой город / район;;ПФО;Республика Башкортостан;Белорецк;Филиал / подразделение станции;Филиал ГБУЗ РСПК в г. Белорецк;ул. 5 Июля, д. 4;+7 (347) 216-94-03;Пн–пт 08:00–12:00;;;;"Телефон по сайту РСПК; в списке НМИЦ — 200-94-0x";Подтверждено по сайту учреждения / Службе крови;https://donor.blood.ru/contacts/gde-sdat-krov-v-regionakh.php;https://rspkrb.ru/ru/donoru/donor-reception-schedule.html;2026-09-27
BS-0269;3 — другой город / район;;ПФО;Республика Башкортостан;Бирск;Филиал / подразделение станции;Филиал ГБУЗ РСПК в г. Бирск;ул. Коммунистическая, д. 120;+7 (347) 216-94-03;Пн–пт 08:00–12:00;;;;"Телефон по сайту РСПК; в списке НМИЦ — 200-94-0x";Подтверждено по сайту учреждения / Службе крови;https://donor.blood.ru/contacts/gde-sdat-krov-v-regionakh.php;https://rspkrb.ru/ru/donoru/donor-reception-schedule.html;2026-09-27
BS-0270;3 — другой город / район;;ПФО;Республика Башкортостан;Кумертау;Филиал / подразделение станции;Филиал ГБУЗ РСПК в г. Кумертау;ул. Машиностроителей, д. 7/1;+7 (347) 216-94-03;Пн–пт 09:00–12:00, дни уточнять;;;;"Телефон по сайту РСПК; в списке НМИЦ — 200-94-0x";Подтверждено по сайту учреждения / Службе крови;https://donor.blood.ru/contacts/gde-sdat-krov-v-regionakh.php;https://rspkrb.ru/ru/donoru/donor-reception-schedule.html;2026-09-27
BS-0271;3 — другой город / район;;ПФО;Республика Башкортостан;Нефтекамск;Филиал / подразделение станции;Филиал ГБУЗ РСПК в г. Нефтекамск;ул. Парковая, д. 31;+7 (347) 216-94-03;Пн–пт 08:00–12:00;;;;"Телефон по сайту РСПК; в списке НМИЦ — 200-94-0x";Подтверждено по сайту учреждения / Службе крови;https://donor.blood.ru/contacts/gde-sdat-krov-v-regionakh.php;https://rspkrb.ru/ru/donoru/donor-reception-schedule.html;2026-09-27
BS-0272;3 — другой город / район;;ПФО;Республика Башкортостан;Октябрьский;Филиал / подразделение станции;Филиал ГБУЗ РСПК в г. Октябрьский;ул. Островского, д. 3;+7 (347) 216-94-03;Пн–пт 08:00–12:00;;;;"Телефон по сайту РСПК; в списке НМИЦ — 200-94-0x";Подтверждено по сайту учреждения / Службе крови;https://donor.blood.ru/contacts/gde-sdat-krov-v-regionakh.php;https://rspkrb.ru/ru/donoru/donor-reception-schedule.html;2026-09-27
BS-0273;3 — другой город / район;;ПФО;Республика Башкортостан;Стерлитамак;Филиал / подразделение станции;Филиал ГБУЗ РСПК в г. Стерлитамак;ул. Коммунистическая, д. 89а;+7 (347) 216-94-03;Пн–пт 08:00–12:00;;;;"Телефон по сайту РСПК; в списке НМИЦ — 200-94-0x";Подтверждено по сайту учреждения / Службе крови;https://donor.blood.ru/contacts/gde-sdat-krov-v-regionakh.php;https://rspkrb.ru/ru/donoru/donor-reception-schedule.html;2026-09-27
BS-0274;3 — другой город / район;;ДФО;Республика Бурятия;пгт Нижнеангарск;Филиал / подразделение станции;Филиал ГБУЗ «Бурятская РСПК»;ул. 50-летия Октября, д. 4;8 (30130) 47-783;;;;;;Только список НМИЦ;https://donor.blood.ru/contacts/gde-sdat-krov-v-regionakh.php;;2026-09-27
BS-0275;3 — другой город / район;;СКФО;Республика Дагестан;Дербент;Отделение переливания крови в больнице;ГБУ РД «ЦГБ г. Дербент», ОПК;ул. Буйнакского, д. 43;+7 (928) 520-77-47;;;;;;Только список НМИЦ;https://donor.blood.ru/contacts/gde-sdat-krov-v-regionakh.php;;2026-09-27
BS-0276;3 — другой город / район;;СКФО;Республика Дагестан;Кизилюрт;Отделение переливания крови в больнице;ГБУ РД «ЦГБ г. Кизилюрт», ОПК;ул. Аскерханова, д. 11;+7 (928) 538-18-36;;;;;;Только список НМИЦ;https://donor.blood.ru/contacts/gde-sdat-krov-v-regionakh.php;;2026-09-27
BS-0277;3 — другой город / район;;СКФО;Республика Дагестан;Хасавюрт;Филиал / подразделение станции;ГБУ РД «РСПК», отдел заготовки крови (филиал);ул. Нурадилова, д. 116;8 (8722) 63-75-92;;;;;;Только список НМИЦ;https://donor.blood.ru/contacts/gde-sdat-krov-v-regionakh.php;;2026-09-27
BS-0278;3 — другой город / район;;СЗФО;Республика Карелия;Беломорск;Отделение переливания крови в больнице;ГБУЗ РК «Беломорская ЦРБ»;ул. Мерецкова, д. 6;8 (964) 317-50-09;;;;;;Только список НМИЦ;https://donor.blood.ru/contacts/gde-sdat-krov-v-regionakh.php;;2026-09-27
BS-0279;3 — другой город / район;;СЗФО;Республика Карелия;Костомукша;Отделение переливания крови в больнице;ГБУЗ РК «Межрайонная больница № 1»;ул. Мира, д. 9;8 (81459) 7-12-06;;;;;;Только список НМИЦ;https://donor.blood.ru/contacts/gde-sdat-krov-v-regionakh.php;;2026-09-27
BS-0280;3 — другой город / район;;СЗФО;Республика Карелия;Сортавала;Отделение переливания крови в больнице;ГБУЗ РК «Сортавальская ЦРБ»;ул. Спортивная, д. 1;8 (81430) 4-73-04;;;;;;Только список НМИЦ;https://donor.blood.ru/contacts/gde-sdat-krov-v-regionakh.php;;2026-09-27
BS-0281;3 — другой город / район;;ЮФО;Республика Крым;Евпатория;Филиал / подразделение станции;Евпаторийский филиал ГБУЗ РК «Центр крови»;пр-т Победы, д. 22;8 (978) 994-96-40;;;;;;Только список НМИЦ;https://donor.blood.ru/contacts/gde-sdat-krov-v-regionakh.php;;2026-09-27
BS-0282;3 — другой город / район;;ЮФО;Республика Крым;Керчь;Филиал / подразделение станции;Керченский филиал ГБУЗ РК «Центр крови»;ул. Карла Маркса, д. 31;8 (978) 917-20-28;;;;;;Только список НМИЦ;https://donor.blood.ru/contacts/gde-sdat-krov-v-regionakh.php;;2026-09-27
BS-0283;3 — другой город / район;;ЮФО;Республика Крым;Саки;Филиал / подразделение станции;Сакский филиал ГБУЗ РК «Центр крови»;ул. Лобозова, д. 22;8 (978) 994-96-38;;;;;;Только список НМИЦ;https://donor.blood.ru/contacts/gde-sdat-krov-v-regionakh.php;;2026-09-27
BS-0284;3 — другой город / район;;ЮФО;Республика Крым;Ялта;Филиал / подразделение станции;Ялтинский филиал ГБУЗ РК «Центр крови»;ул. Свердлова, д. 14;8 (978) 917-20-21;;;;;;Только список НМИЦ;https://donor.blood.ru/contacts/gde-sdat-krov-v-regionakh.php;;2026-09-27
BS-0285;3 — другой город / район;;ДФО;Республика Саха (Якутия);Алдан;Отделение переливания крови в больнице;ГБУ РС(Я) «Алданская ЦРБ»;ул. Комарова, д. 27в;8 (41145) 3-28-18;;;;;;Только список НМИЦ;https://donor.blood.ru/contacts/gde-sdat-krov-v-regionakh.php;;2026-09-27
BS-0286;3 — другой город / район;;ДФО;Республика Саха (Якутия);Ленск;Отделение переливания крови в больнице;ГБУ РС(Я) «Ленская ЦРБ»;ул. Первомайская, д. 34;8 (41137) 4-36-96;;;;;;Только список НМИЦ;https://donor.blood.ru/contacts/gde-sdat-krov-v-regionakh.php;;2026-09-27
BS-0287;3 — другой город / район;;ДФО;Республика Саха (Якутия);Мирный;Отделение переливания крови в больнице;ГБУ РС(Я) «Мирнинская ЦРБ»;ул. Павлова, д. 1;8 (41136) 3-08-18;;;;;;Только список НМИЦ;https://donor.blood.ru/contacts/gde-sdat-krov-v-regionakh.php;;2026-09-27
BS-0288;3 — другой город / район;;ДФО;Республика Саха (Якутия);Нерюнгри;Отделение переливания крови в больнице;ГБУ РС(Я) «Нерюнгринская ЦРБ»;пр. Ленина, д. 25, корп. 2;8 (41147) 6-10-22;;;;;;Только список НМИЦ;https://donor.blood.ru/contacts/gde-sdat-krov-v-regionakh.php;;2026-09-27
BS-0289;3 — другой город / район;;ДФО;Республика Саха (Якутия);пос. Айхал;Отделение переливания крови в больнице;ГБУ РС(Я) «Айхальская ГБ»;ул. Юбилейная, д. 9 (также г. Удачный, мкр. Новый город);8 (924) 161-64-20;;;;;;Только список НМИЦ;https://donor.blood.ru/contacts/gde-sdat-krov-v-regionakh.php;;2026-09-27
BS-0290;3 — другой город / район;;ДФО;Республика Саха (Якутия);с. Верхневилюйск;Отделение переливания крови в больнице;ГБУ РС(Я) «Верхневилюйская ЦРБ»;ул. Ленина, д. 4, корп. А;8 (41133) 4-14-83;;;;;;Только список НМИЦ;https://donor.blood.ru/contacts/gde-sdat-krov-v-regionakh.php;;2026-09-27
BS-0291;3 — другой город / район;;ДФО;Республика Саха (Якутия);с. Майя;Отделение переливания крови в больнице;ГБУ РС(Я) «Мегино-Кангаласская ЦРБ»;ул. Советская, д. 21;8 (41143) 4-17-40;;;;;;Только список НМИЦ;https://donor.blood.ru/contacts/gde-sdat-krov-v-regionakh.php;;2026-09-27
BS-0292;3 — другой город / район;;СКФО;Республика Северная Осетия — Алания;Моздок;Отделение переливания крови в больнице;ГБУЗ «Моздокская ЦРБ», ОПК;ул. Мира, д. 2;8 (8673) 63-17-32;;;;;;Только список НМИЦ;https://donor.blood.ru/contacts/gde-sdat-krov-v-regionakh.php;;2026-09-27
BS-0293;3 — другой город / район;;ПФО;Республика Татарстан;Альметьевск;Филиал / подразделение станции;Филиал ГАУЗ «РЦК МЗ РТ» в г. Альметьевске;ул. Ленина, д. 157;8 (8553) 33-12-75;;;;;;Только список НМИЦ;https://donor.blood.ru/contacts/gde-sdat-krov-v-regionakh.php;;2026-09-27
BS-0294;3 — другой город / район;;ПФО;Республика Татарстан;Набережные Челны;Филиал / подразделение станции;Филиал ГАУЗ «РЦК МЗ РТ» в г. Набережные Челны;ул. Гидростроителей, д. 19;8 (8552) 70-00-10;;;;;;Только список НМИЦ;https://donor.blood.ru/contacts/gde-sdat-krov-v-regionakh.php;;2026-09-27
BS-0295;3 — другой город / район;;ПФО;Республика Татарстан;Нижнекамск;Филиал / подразделение станции;Филиал ГАУЗ «РЦК МЗ РТ» в г. Нижнекамске;ул. Менделеева, д. 32;8 (8555) 36-92-97;;;;;;Только список НМИЦ;https://donor.blood.ru/contacts/gde-sdat-krov-v-regionakh.php;;2026-09-27
BS-0296;3 — другой город / район;;СФО;Республика Тыва;Ак-Довурак;Отделение переливания крови в больнице;ОПК ГБУЗ РТ «Барун-Хемчикский ММЦ»;ул. Центральная, д. 18;8 (39433) 2-12-54;;;;;;Только список НМИЦ;https://donor.blood.ru/contacts/gde-sdat-krov-v-regionakh.php;;2026-09-27
BS-0297;3 — другой город / район;;СФО;Республика Тыва;Туран;Отделение переливания крови в больнице;ОПК ГБУЗ РТ «Пий-Хемская ЦКБ»;ул. Космонавтов, д. 12;8 (39435) 2-13-10;;;;;;Только список НМИЦ;https://donor.blood.ru/contacts/gde-sdat-krov-v-regionakh.php;;2026-09-27
BS-0298;3 — другой город / район;;СФО;Республика Тыва;Чадан;Отделение переливания крови в больнице;ОПК ГБУЗ РТ «Дзун-Хемчикский ММЦ»;ул. Ленина, д. 74;8 (39434) 2-10-12;;;;;;Только список НМИЦ;https://donor.blood.ru/contacts/gde-sdat-krov-v-regionakh.php;;2026-09-27
BS-0299;3 — другой город / район;;СФО;Республика Тыва;Шагонар;Отделение переливания крови в больнице;ОПК ГБУЗ РТ «Улуг-Хемский ММЦ»;ул. Октябрьская, д. 46;8 (39436) 2-11-75;;;;;;Только список НМИЦ;https://donor.blood.ru/contacts/gde-sdat-krov-v-regionakh.php;;2026-09-27
BS-0300;3 — другой город / район;;СФО;Республика Тыва;с. Бай-Хаак;Отделение переливания крови в больнице;ОПК ГБУЗ РТ «Тандинская ЦКБ»;ул. Советская, д. 112;8 (39437) 2-13-32;;;;;;Только список НМИЦ;https://donor.blood.ru/contacts/gde-sdat-krov-v-regionakh.php;;2026-09-27
BS-0301;3 — другой город / район;;СФО;Республика Тыва;с. Самагалтай;Отделение переливания крови в больнице;ОПК ГБУЗ РТ «Тес-Хемская ЦКБ»;ул. А.Ч. Кунаа, д. 53;8 (39428) 2-11-31;;;;;;Только список НМИЦ;https://donor.blood.ru/contacts/gde-sdat-krov-v-regionakh.php;;2026-09-27
BS-0302;3 — другой город / район;;СФО;Республика Тыва;с. Сарыг-Сеп;Отделение переливания крови в больнице;ОПК ГБУЗ РТ «Каа-Хемская ЦКБ»;ул. Енисейская, д. 135;8 (39432) 2-22-93;;;;;;Только список НМИЦ;https://donor.blood.ru/contacts/gde-sdat-krov-v-regionakh.php;;2026-09-27
BS-0303;3 — другой город / район;;СФО;Республика Хакасия;Саяногорск;Отделение переливания крови в больнице;ГБУЗ РХ «Саяногорская межрайонная больница»;ул. Шушенская, д. 2а;8 (39042) 6-81-71;;;;;;Только список НМИЦ;https://donor.blood.ru/contacts/gde-sdat-krov-v-regionakh.php;;2026-09-27
BS-0304;3 — другой город / район;;СФО;Республика Хакасия;Черногорск;Отделение переливания крови в больнице;ГБУЗ РХ «Черногорская межрайонная больница»;ул. Чайковского, д. 9;8 (39031) 2-28-69;;;;;;Только список НМИЦ;https://donor.blood.ru/contacts/gde-sdat-krov-v-regionakh.php;;2026-09-27
BS-0305;3 — другой город / район;;ЮФО;Ростовская область;Белая Калитва;Филиал / подразделение станции;ОПК ГБУ РО «СПК» в Белокалитвинском районе;ул. Заводская, д. 10;8 (86383) 4-18-68;;;;;;Только список НМИЦ;https://donor.blood.ru/contacts/gde-sdat-krov-v-regionakh.php;;2026-09-27
BS-0306;3 — другой город / район;;ЮФО;Ростовская область;Волгодонск;Филиал / подразделение станции;ОПК ГБУ РО «СПК» в г. Волгодонске;ул. Маршала Кошевого, д. 23;8 (8639) 23-14-92;;;;;;Только список НМИЦ;https://donor.blood.ru/contacts/gde-sdat-krov-v-regionakh.php;;2026-09-27
BS-0307;3 — другой город / район;;ЮФО;Ростовская область;Миллерово;Филиал / подразделение станции;ОПК ГБУ РО «СПК» в Миллеровском районе;ул. 3-го Интернационала, д. 60;8 (86385) 2-10-63;;;;;;Только список НМИЦ;https://donor.blood.ru/contacts/gde-sdat-krov-v-regionakh.php;;2026-09-27
BS-0308;3 — другой город / район;;ЮФО;Ростовская область;Сальск;Филиал / подразделение станции;ОПК ГБУ РО «СПК» в Сальском районе;ул. Павлова, д. 2;8 (86372) 7-22-69;;;;;;Только список НМИЦ;https://donor.blood.ru/contacts/gde-sdat-krov-v-regionakh.php;;2026-09-27
BS-0309;3 — другой город / район;;ЮФО;Ростовская область;Таганрог;Филиал / подразделение станции;ОПК ГБУ РО «СПК» в г. Таганроге;пер. Каркасный, д. 5А;8 (8634) 62-36-25;;;;;;Только список НМИЦ;https://donor.blood.ru/contacts/gde-sdat-krov-v-regionakh.php;;2026-09-27
BS-0310;3 — другой город / район;;ЮФО;Ростовская область;Шахты;Филиал / подразделение станции;ОПК ГБУ РО «СПК» в г. Шахты;пр. Ленинского Комсомола, д. 58;8 (8636) 23-00-45;;;;;;Только список НМИЦ;https://donor.blood.ru/contacts/gde-sdat-krov-v-regionakh.php;;2026-09-27
BS-0311;3 — другой город / район;;ПФО;Самарская область;Сызрань;Филиал / подразделение станции;ГБУЗ «СОКСПК», подразделение в г. Сызрань;ул. Солнечная, д. 40;8(464)354805;;;;;Телефон в источнике, вероятно, с ошибкой — проверить;Только список НМИЦ;https://donor.blood.ru/contacts/gde-sdat-krov-v-regionakh.php;;2026-09-27
BS-0312;3 — другой город / район;;ПФО;Самарская область;Тольятти;Филиал / подразделение станции;ГБУЗ «СОКСПК», подразделение в г. Тольятти;Московский пр-т, д. 19;8(882)374420;;;;;Телефон в источнике, вероятно, с ошибкой — проверить;Только список НМИЦ;https://donor.blood.ru/contacts/gde-sdat-krov-v-regionakh.php;;2026-09-27
BS-0313;3 — другой город / район;;ДФО;Сахалинская область;Александровск-Сахалинский;Отделение переливания крови в больнице;ГБУЗ «Александровск-Сахалинская ЦРБ»;ул. Ленина, д. 48А;8 (42434) 4-40-44;;;;;;Только список НМИЦ;https://donor.blood.ru/contacts/gde-sdat-krov-v-regionakh.php;;2026-09-27
BS-0314;3 — другой город / район;;ДФО;Сахалинская область;Долинск;Отделение переливания крови в больнице;ГБУЗ «Долинская ЦРБ»;ул. Севастьянова, д. 1А;8 (42442) 2-41-05;;;;;;Только список НМИЦ;https://donor.blood.ru/contacts/gde-sdat-krov-v-regionakh.php;;2026-09-27
BS-0315;3 — другой город / район;;ДФО;Сахалинская область;Корсаков;Отделение переливания крови в больнице;ГБУЗ «Корсаковская ЦРБ»;ул. Федько, д. 2;8 (42435) 2-23-55;;;;;;Только список НМИЦ;https://donor.blood.ru/contacts/gde-sdat-krov-v-regionakh.php;;2026-09-27
BS-0316;3 — другой город / район;;ДФО;Сахалинская область;Макаров;Отделение переливания крови в больнице;ГБУЗ «Макаровская ЦРБ»;ул. Школьная, д. 50;8 (42443) 5-06-48;;;;;;Только список НМИЦ;https://donor.blood.ru/contacts/gde-sdat-krov-v-regionakh.php;;2026-09-27
BS-0317;3 — другой город / район;;ДФО;Сахалинская область;Невельск;Отделение переливания крови в больнице;ГБУЗ «Невельская ЦРБ»;ул. Физкультурная, д. 1;8 (42436) 6-56-99;;;;;;Только список НМИЦ;https://donor.blood.ru/contacts/gde-sdat-krov-v-regionakh.php;;2026-09-27
BS-0318;3 — другой город / район;;ДФО;Сахалинская область;Оха;Отделение переливания крови в больнице;ГБУЗ «Охинская ЦРБ»;ул. Карла Маркса, д. 54;8 (42437) 3-06-20;;;;;;Только список НМИЦ;https://donor.blood.ru/contacts/gde-sdat-krov-v-regionakh.php;;2026-09-27
BS-0319;3 — другой город / район;;ДФО;Сахалинская область;Поронайск;Отделение переливания крови в больнице;ГБУЗ «Поронайская ЦРБ»;ул. Восточная, д. 162А;8 (42431) 5-01-19;;;;;;Только список НМИЦ;https://donor.blood.ru/contacts/gde-sdat-krov-v-regionakh.php;;2026-09-27
BS-0320;3 — другой город / район;;ДФО;Сахалинская область;Томари;Отделение переливания крови в больнице;ГБУЗ «Томаринская ЦРБ»;ул. Садовая, д. 50;8 (42446) 2-69-62, доб. 104;;;;;;Только список НМИЦ;https://donor.blood.ru/contacts/gde-sdat-krov-v-regionakh.php;;2026-09-27
BS-0321;3 — другой город / район;;ДФО;Сахалинская область;Углегорск;Отделение переливания крови в больнице;ГБУЗ «Углегорская ЦРБ»;ул. Красноармейская, д. 18;8 (42432) 4-58-26;;;;;;Только список НМИЦ;https://donor.blood.ru/contacts/gde-sdat-krov-v-regionakh.php;;2026-09-27
BS-0322;3 — другой город / район;;ДФО;Сахалинская область;Холмск;Отделение переливания крови в больнице;ГБУЗ «Холмская ЦРБ»;ул. Капитанская, д. 2А;8 (42433) 5-80-78;;;;;;Только список НМИЦ;https://donor.blood.ru/contacts/gde-sdat-krov-v-regionakh.php;;2026-09-27
BS-0323;3 — другой город / район;;ДФО;Сахалинская область;пгт Ноглики;Отделение переливания крови в больнице;ГБУЗ «Ногликская ЦРБ»;ул. Советская, д. 44;8 (42444) 9-68-15;;;;;;Только список НМИЦ;https://donor.blood.ru/contacts/gde-sdat-krov-v-regionakh.php;;2026-09-27
BS-0324;3 — другой город / район;;ДФО;Сахалинская область;пгт Смирных;Отделение переливания крови в больнице;ГБУЗ «Смирныховская ЦРБ»;ул. Чехова, д. 11Б;8 (42452) 4-19-61;;;;;;Только список НМИЦ;https://donor.blood.ru/contacts/gde-sdat-krov-v-regionakh.php;;2026-09-27
BS-0325;3 — другой город / район;;ДФО;Сахалинская область;пгт Тымовское;Отделение переливания крови в больнице;ГБУЗ «Тымовская ЦРБ»;ул. Кировская, д. 84;8 (42447) 2-29-78;;;;;;Только список НМИЦ;https://donor.blood.ru/contacts/gde-sdat-krov-v-regionakh.php;;2026-09-27
BS-0326;3 — другой город / район;;УФО;Свердловская область;Асбест;Филиал / подразделение станции;Отделение заготовки крови ГАУЗ СО «ОСПК»;Больничный городок, д. 3;8 (34365) 7-84-71;;;;;;Только список НМИЦ;https://donor.blood.ru/contacts/gde-sdat-krov-v-regionakh.php;;2026-09-27
BS-0327;3 — другой город / район;;УФО;Свердловская область;Верхняя Пышма;Филиал / подразделение станции;Отделение заготовки крови ГАУЗ СО «ОСПК»;ул. Чайковского, д. 32;+7 (922) 104-18-36;;;;;;Только список НМИЦ;https://donor.blood.ru/contacts/gde-sdat-krov-v-regionakh.php;;2026-09-27
BS-0328;3 — другой город / район;;УФО;Свердловская область;Каменск-Уральский;Филиал / подразделение станции;ОСП № 1 ГАУЗ СО «ОСПК»;ул. Лечебная, д. 7;8 (3439) 35-09-61;;;;;;Только список НМИЦ;https://donor.blood.ru/contacts/gde-sdat-krov-v-regionakh.php;;2026-09-27
BS-0329;3 — другой город / район;;УФО;Свердловская область;Камышлов;Филиал / подразделение станции;Отделение заготовки крови ГАУЗ СО «ОСПК»;ул. Куйбышева, д. 114;8 (3437) 52-34-95;;;;;;Только список НМИЦ;https://donor.blood.ru/contacts/gde-sdat-krov-v-regionakh.php;;2026-09-27
BS-0330;3 — другой город / район;;УФО;Свердловская область;Краснотурьинск;Филиал / подразделение станции;ОСП № 4 ГАУЗ СО «ОСПК»;ул. Фурманова, д. 3;8 (34384) 3-32-94;;;;;;Только список НМИЦ;https://donor.blood.ru/contacts/gde-sdat-krov-v-regionakh.php;;2026-09-27
BS-0331;3 — другой город / район;;УФО;Свердловская область;Нижний Тагил;Филиал / подразделение станции;ОСП № 3 ГАУЗ СО «ОСПК»;ул. Циолковского, д. 23;8 (3435) 47-80-72;;;;;;Только список НМИЦ;https://donor.blood.ru/contacts/gde-sdat-krov-v-regionakh.php;;2026-09-27
BS-0332;3 — другой город / район;;УФО;Свердловская область;Первоуральск;Филиал / подразделение станции;ОСП № 2 ГАУЗ СО «ОСПК»;ул. Медиков, д. 10;8 (3439) 66-77-37;;;;;;Только список НМИЦ;https://donor.blood.ru/contacts/gde-sdat-krov-v-regionakh.php;;2026-09-27
BS-0333;3 — другой город / район;;УФО;Свердловская область;Сухой Лог;Филиал / подразделение станции;Отделение заготовки крови ГАУЗ СО «ОСПК»;ул. Горького, д. 1;8 (3437) 34-35-30;;;;;;Только список НМИЦ;https://donor.blood.ru/contacts/gde-sdat-krov-v-regionakh.php;;2026-09-27
BS-0334;3 — другой город / район;;СКФО;Ставропольский край;Пятигорск;Филиал / подразделение станции;Пятигорский филиал ГБУЗ «СКСПК»;пр. Кирова, д. 43 (вход для доноров с ул. Власова, 12);8 (8793) 33-47-58;;;;;;Только список НМИЦ;https://donor.blood.ru/contacts/gde-sdat-krov-v-regionakh.php;;2026-09-27
BS-0335;3 — другой город / район;;ЦФО;Тверская область;Вышний Волочек;Филиал / подразделение станции;ГБУЗ ТО «СПК», Вышневолоцкое отделение;ул. Садовая, д. 8;8 (48233) 6-20-96;;;;;;Только список НМИЦ;https://donor.blood.ru/contacts/gde-sdat-krov-v-regionakh.php;;2026-09-27
BS-0336;3 — другой город / район;;ЦФО;Тверская область;Кашин;Отделение переливания крови в больнице;ГБУЗ ТО «Кашинская ЦРБ», ОПК;ул. Вонжинская, д. 2;8 (48234) 2-08-36;;;;;;Только список НМИЦ;https://donor.blood.ru/contacts/gde-sdat-krov-v-regionakh.php;;2026-09-27
BS-0337;3 — другой город / район;;ЦФО;Тверская область;Ржев;Филиал / подразделение станции;ГБУЗ ТО «СПК», Ржевское отделение;ул. Ленина, д. 6;8 (48232) 2-17-35;;;;;;Только список НМИЦ;https://donor.blood.ru/contacts/gde-sdat-krov-v-regionakh.php;;2026-09-27
BS-0338;3 — другой город / район;;СФО;Томская область;Колпашево;Отделение переливания крови в больнице;ОГБУЗ «Колпашевская РБ», ОПК;ул. Советский Север, д. 45;8 (952) 152-83-71;;;;;;Только список НМИЦ;https://donor.blood.ru/contacts/gde-sdat-krov-v-regionakh.php;;2026-09-27
BS-0339;3 — другой город / район;;СФО;Томская область;Стрежевой;Отделение переливания крови в больнице;ОГАУЗ «Стрежевская городская больница», ОПК;ул. Строителей, д. 1;8 (38259) 3-90-47;;;;;;Только список НМИЦ;https://donor.blood.ru/contacts/gde-sdat-krov-v-regionakh.php;;2026-09-27
BS-0340;3 — другой город / район;;СФО;Томская область;с. Каргасок;Отделение переливания крови в больнице;ОГБУЗ «Каргасокская РБ», ОПК;ул. Красноармейская, д. 66;8 (38253) 2-14-45;;;;;;Только список НМИЦ;https://donor.blood.ru/contacts/gde-sdat-krov-v-regionakh.php;;2026-09-27
BS-0341;3 — другой город / район;;ЦФО;Тульская область;Ефремов;Филиал / подразделение станции;ГУЗ «ТОСПК» (подразделение);ул. Дружбы, д. 9Б;8 (48741) 5-56-10, доб. 2;;;;;;Только список НМИЦ;https://donor.blood.ru/contacts/gde-sdat-krov-v-regionakh.php;;2026-09-27
BS-0342;3 — другой город / район;;ЦФО;Тульская область;Новомосковск;Филиал / подразделение станции;ГУЗ «ТОСПК» (подразделение);ул. Чапаева, д. 12А;8 (48762) 6-28-67, доб. 2;;;;;;Только список НМИЦ;https://donor.blood.ru/contacts/gde-sdat-krov-v-regionakh.php;;2026-09-27
BS-0343;3 — другой город / район;;УФО;Тюменская область;Ишим;Филиал / подразделение станции;Ишимский филиал ГБУЗ ТО «ОСПК»;ул. Паровозная, д. 131;8 (34551) 2-52-12;;;;;;Только список НМИЦ;https://donor.blood.ru/contacts/gde-sdat-krov-v-regionakh.php;;2026-09-27
BS-0344;3 — другой город / район;;УФО;Тюменская область;Тобольск;Филиал / подразделение станции;Тобольский филиал ГБУЗ ТО «ОСПК»;ул. Красноармейская, д. 4/1;8 (3456) 22-67-50;;;;;;Только список НМИЦ;https://donor.blood.ru/contacts/gde-sdat-krov-v-regionakh.php;;2026-09-27
BS-0345;3 — другой город / район;;ПФО;Удмуртская Республика;Глазов;Отделение переливания крови в больнице;БУЗ УР «Глазовская межрайонная больница МЗ УР»;ул. Мира, д. 22;8 (34141) 3-68-10;;;;;;Только список НМИЦ;https://donor.blood.ru/contacts/gde-sdat-krov-v-regionakh.php;;2026-09-27
BS-0346;3 — другой город / район;;ПФО;Удмуртская Республика;Можга;Отделение переливания крови в больнице;БУЗ УР «Можгинская районная больница МЗ УР»;ул. Сюгаильская, д. 19;8 (34139) 3-04-38;;;;;;Только список НМИЦ;https://donor.blood.ru/contacts/gde-sdat-krov-v-regionakh.php;;2026-09-27
BS-0347;3 — другой город / район;;ДФО;Хабаровский край;Комсомольск-на-Амуре;Филиал / подразделение станции;КГБУЗ «Краевая станция переливания крови» (подразделение);ул. Севастопольская, д. 53;8 (4217) 54-32-80;;;;;;Только список НМИЦ;https://donor.blood.ru/contacts/gde-sdat-krov-v-regionakh.php;;2026-09-27
BS-0348;3 — другой город / район;;УФО;Ханты-Мансийский автономный округ — Югра;Белоярский;Отделение переливания крови в больнице;БУ «Белоярская районная больница»;ул. Барсукова, д. 6;8 (34670) 2-08-50;;;;;;Только список НМИЦ;https://donor.blood.ru/contacts/gde-sdat-krov-v-regionakh.php;;2026-09-27
BS-0349;3 — другой город / район;;УФО;Ханты-Мансийский автономный округ — Югра;Когалым;Отделение переливания крови в больнице;БУ «Когалымская городская больница»;ул. Молодежная, д. 19;8 (34667) 2-23-20;;;;;;Только список НМИЦ;https://donor.blood.ru/contacts/gde-sdat-krov-v-regionakh.php;;2026-09-27
BS-0350;3 — другой город / район;;УФО;Ханты-Мансийский автономный округ — Югра;Нефтеюганск;Филиал / подразделение станции;КУ «СПК», филиал в г. Нефтеюганске;16-й мкр., зд. 12, пом. 1;+7 (3463) 25-66-46;;;;;;Только список НМИЦ;https://donor.blood.ru/contacts/gde-sdat-krov-v-regionakh.php;;2026-09-27
BS-0351;3 — другой город / район;;УФО;Ханты-Мансийский автономный округ — Югра;Нижневартовск;Филиал / подразделение станции;КУ «СПК», филиал в г. Нижневартовске;ул. Пермская, д. 1Б;8 (3466) 45-82-49;;;;;;Только список НМИЦ;https://donor.blood.ru/contacts/gde-sdat-krov-v-regionakh.php;;2026-09-27
BS-0352;3 — другой город / район;;УФО;Ханты-Мансийский автономный округ — Югра;Нягань;Отделение переливания крови в больнице;БУ «Няганьская окружная больница»;ул. Загородных, д. 12;8 (34672) 3-96-73;;;;;;Только список НМИЦ;https://donor.blood.ru/contacts/gde-sdat-krov-v-regionakh.php;;2026-09-27
BS-0353;3 — другой город / район;;УФО;Ханты-Мансийский автономный округ — Югра;Радужный;Отделение переливания крови в больнице;БУ «Радужнинская городская больница»;1 мкр., стр. 42/1;8 (34668) 3-35-33;;;;;;Только список НМИЦ;https://donor.blood.ru/contacts/gde-sdat-krov-v-regionakh.php;;2026-09-27
BS-0354;3 — другой город / район;;УФО;Ханты-Мансийский автономный округ — Югра;Советский;Отделение переливания крови в больнице;БУ «Советская районная больница»;ул. Киевская, д. 33;8 (34675) 3-15-73;;;;;;Только список НМИЦ;https://donor.blood.ru/contacts/gde-sdat-krov-v-regionakh.php;;2026-09-27
BS-0355;3 — другой город / район;;УФО;Ханты-Мансийский автономный округ — Югра;Урай;Отделение переливания крови в больнице;БУ «Урайская городская клиническая больница»;ул. Пионеров, д. 1;8 (3467) 62-11-23;;;;;;Только список НМИЦ;https://donor.blood.ru/contacts/gde-sdat-krov-v-regionakh.php;;2026-09-27
BS-0356;3 — другой город / район;;УФО;Ханты-Мансийский автономный округ — Югра;Ханты-Мансийск;Отделение переливания крови в больнице;БУ «Окружная клиническая больница»;ул. Калинина, д. 40;8 (3467) 39-00-35;;;;;;Только список НМИЦ;https://donor.blood.ru/contacts/gde-sdat-krov-v-regionakh.php;;2026-09-27
BS-0357;3 — другой город / район;;УФО;Челябинская область;Златоуст;Филиал / подразделение станции;Златоустовское отделение ГБУЗ «ЧОСПК»;пр-т Гагарина, 8 линия, д. 4;8 (351) 365-32-33;;;;;;Только список НМИЦ;https://donor.blood.ru/contacts/gde-sdat-krov-v-regionakh.php;;2026-09-27
BS-0358;3 — другой город / район;;УФО;Челябинская область;Магнитогорск;Филиал / подразделение станции;Магнитогорское отделение ГБУЗ «ЧОСПК»;пр-т К. Маркса, д. 160;8 (351) 934-52-13;;;;;;Только список НМИЦ;https://donor.blood.ru/contacts/gde-sdat-krov-v-regionakh.php;;2026-09-27
BS-0359;3 — другой город / район;;УФО;Челябинская область;Миасс;Филиал / подразделение станции;Миасское отделение ГБУЗ «ЧОСПК»;пр-т Автозаводцев, д. 36;8 (351) 357-07-95;;;;;;Только список НМИЦ;https://donor.blood.ru/contacts/gde-sdat-krov-v-regionakh.php;;2026-09-27
BS-0360;3 — другой город / район;;УФО;Челябинская область;Сатка;Филиал / подразделение станции;Саткинское отделение ГБУЗ «ЧОСПК»;ул. Куйбышева, д. 15;8 (351) 613-33-44;;;;;;Только список НМИЦ;https://donor.blood.ru/contacts/gde-sdat-krov-v-regionakh.php;;2026-09-27
BS-0361;3 — другой город / район;;УФО;Челябинская область;Южноуральск;Филиал / подразделение станции;Южноуральское отделение ГБУЗ «ЧОСПК»;ул. Строителей, д. 21;+7 (951) 789-97-03;;;;;;Только список НМИЦ;https://donor.blood.ru/contacts/gde-sdat-krov-v-regionakh.php;;2026-09-27
BS-0362;3 — другой город / район;;ДФО;Чукотский автономный округ;Билибино;Отделение переливания крови в больнице;Филиал ГБУЗ «ЧОБ» — Билибинская районная больница, ОПК;ул. Приисковая, д. 12;8 (42738) 2-64-32;;;;;;Только список НМИЦ;https://donor.blood.ru/contacts/gde-sdat-krov-v-regionakh.php;;2026-09-27
BS-0363;3 — другой город / район;;ДФО;Чукотский автономный округ;Певек;Отделение переливания крови в больнице;Филиал ГБУЗ «ЧОБ» — Чаунская районная больница, ОПК;ул. Куваева, д. 17;;;;;;;Только список НМИЦ;https://donor.blood.ru/contacts/gde-sdat-krov-v-regionakh.php;;2026-09-27
BS-0364;3 — другой город / район;;УФО;Ямало-Ненецкий автономный округ;Губкинский;Отделение переливания крови в больнице;Губкинская городская больница, ОПК;мкр. 10, д. 1;"8 (34936) 3-45-48; 3-68-93";;;;;;Только список НМИЦ;https://donor.blood.ru/contacts/gde-sdat-krov-v-regionakh.php;;2026-09-27
BS-0365;3 — другой город / район;;УФО;Ямало-Ненецкий автономный округ;Лабытнанги;Отделение переливания крови в больнице;ГБУЗ ЯНАО «Лабытнангская городская больница», ОПК;ул. Дзержинского, д. 27;8 (34992) 5-08-35;;;;;;Только список НМИЦ;https://donor.blood.ru/contacts/gde-sdat-krov-v-regionakh.php;;2026-09-27
BS-0366;3 — другой город / район;;УФО;Ямало-Ненецкий автономный округ;Муравленко;Отделение переливания крови в больнице;Муравленковская городская больница, ОПК;ул. Ленина, д. 1;"8 (34938) 27-4-80; 4-15-16";;;;;;Только список НМИЦ;https://donor.blood.ru/contacts/gde-sdat-krov-v-regionakh.php;;2026-09-27
BS-0367;3 — другой город / район;;УФО;Ямало-Ненецкий автономный округ;Надым;Отделение переливания крови в больнице;Надымская ЦРБ, ОПК;ул. Сенькина, д. 2;8 (3499) 53-42-10;;;;;;Только список НМИЦ;https://donor.blood.ru/contacts/gde-sdat-krov-v-regionakh.php;;2026-09-27
BS-0368;3 — другой город / район;;УФО;Ямало-Ненецкий автономный округ;Новый Уренгой;Отделение переливания крови в больнице;Новоуренгойская ЦГБ, ОПК;ул. Геологоразведчиков, д. 7;8 (3494) 94-54-64;;;;;;Только список НМИЦ;https://donor.blood.ru/contacts/gde-sdat-krov-v-regionakh.php;;2026-09-27
BS-0369;3 — другой город / район;;УФО;Ямало-Ненецкий автономный округ;Ноябрьск;Отделение переливания крови в больнице;Ноябрьская ЦГБ, ОПК;ул. Муравленко, д. 42б;8 (3496) 32-56-27;;;;;;Только список НМИЦ;https://donor.blood.ru/contacts/gde-sdat-krov-v-regionakh.php;;2026-09-27
BS-0370;3 — другой город / район;;УФО;Ямало-Ненецкий автономный округ;Тарко-Сале;Отделение переливания крови в больнице;Тарко-Салинская ЦРБ, ОПК;ул. Набережная, д. 1;8 (34997) 6-11-62;;;;;;Только список НМИЦ;https://donor.blood.ru/contacts/gde-sdat-krov-v-regionakh.php;;2026-09-27
BS-0371;3 — другой город / район;;ЦФО;Ярославская область;Рыбинск;Станция / центр крови (головное учреждение);ГБУЗ ЯО «Рыбинская станция переливания крови»;ул. Солнечная, д. 59;8 (4855) 55-84-61;;;;;;Только список НМИЦ;https://donor.blood.ru/contacts/gde-sdat-krov-v-regionakh.php;;2026-09-27
BS-0372;3 — другой город / район;;СЗФО;Ленинградская область;Выборг;Филиал / подразделение станции;ГКУЗ «ЦКЛО», филиал № 2;Приморское шоссе, д. 32;8 (81378) 25-125;;;;;;Только список НМИЦ;https://donor.blood.ru/contacts/gde-sdat-krov-v-regionakh.php;;2026-09-27
BS-0373;3 — другой город / район;;СЗФО;Ленинградская область;Гатчина;Филиал / подразделение станции;ГКУЗ «ЦКЛО», стационарный донорский пункт;ул. Рощинская, д. 15б;8 (81371) 35-157;;;;;;Только список НМИЦ;https://donor.blood.ru/contacts/gde-sdat-krov-v-regionakh.php;;2026-09-27
BS-0374;3 — другой город / район;;СЗФО;Ленинградская область;Тихвин;Филиал / подразделение станции;ГКУЗ «ЦКЛО», филиал № 3;ул. Карла Маркса, д. 68;8 (81367) 77-302;;;;;;Только список НМИЦ;https://donor.blood.ru/contacts/gde-sdat-krov-v-regionakh.php;;2026-09-27
BS-0375;3 — другой город / район;;ЦФО;Московская область;Балашиха;Отделение переливания крови в больнице;ГБУЗ МО «Московский областной онкологический диспансер»;ул. Карбышева, д. 6;8 (495) 521-56-38;;;;;;Только список НМИЦ;https://donor.blood.ru/contacts/gde-sdat-krov-v-regionakh.php;;2026-09-27
BS-0376;3 — другой город / район;;ЦФО;Московская область;Волоколамск;Отделение переливания крови в больнице;ГБУЗ МО «Волоколамская ЦРБ»;Рижское шоссе, д. 41;8 (496) 362-13-80, 362-40-95;;;;;;Только список НМИЦ;https://donor.blood.ru/contacts/gde-sdat-krov-v-regionakh.php;;2026-09-27
BS-0377;3 — другой город / район;;ЦФО;Московская область;Воскресенск;Филиал / подразделение станции;ГБУЗ МО «МОЦК», ОСП Воскресенск;Больничный пр-д, д. 5;8 (496) 442-64-64, 442-64-53;;;;;;Только список НМИЦ;https://donor.blood.ru/contacts/gde-sdat-krov-v-regionakh.php;;2026-09-27
BS-0378;3 — другой город / район;;ЦФО;Московская область;Дмитров;Отделение переливания крови в больнице;ГБУЗ МО «Дмитровская ОБ»;ул. Больничная, д. 7;8 (496) 223-57-40;;;;;;Только список НМИЦ;https://donor.blood.ru/contacts/gde-sdat-krov-v-regionakh.php;;2026-09-27
BS-0379;3 — другой город / район;;ЦФО;Московская область;Егорьевск;Отделение переливания крови в больнице;ГБУЗ МО «Егорьевская ЦРБ»;ул. Жукова Гора, д. 19;8 (496) 404-35-01;;;;;;Только список НМИЦ;https://donor.blood.ru/contacts/gde-sdat-krov-v-regionakh.php;;2026-09-27
BS-0380;3 — другой город / район;;ЦФО;Московская область;Жуковский;Отделение переливания крови в больнице;ГБУЗ МО «Жуковская ГКБ»;ул. Фрунзе, д. 1;8 (495) 556-99-50;;;;;;Только список НМИЦ;https://donor.blood.ru/contacts/gde-sdat-krov-v-regionakh.php;;2026-09-27
BS-0381;3 — другой город / район;;ЦФО;Московская область;Зарайск;Отделение переливания крови в больнице;ГБУЗ МО «Зарайская ЦРБ»;ул. Октябрьская, д. 5;8 (496) 662-43-98;;;;;;Только список НМИЦ;https://donor.blood.ru/contacts/gde-sdat-krov-v-regionakh.php;;2026-09-27
BS-0382;3 — другой город / район;;ЦФО;Московская область;Ивантеевка;Отделение переливания крови в больнице;ГБУЗ МО «Ивантеевская ЦГБ»;ул. Первомайская, д. 39;8 (496) 536-17-20, 536-16-79;;;;;;Только список НМИЦ;https://donor.blood.ru/contacts/gde-sdat-krov-v-regionakh.php;;2026-09-27
BS-0383;3 — другой город / район;;ЦФО;Московская область;Кашира;Отделение переливания крови в больнице;ГБУЗ МО «Каширская ЦРБ»;ул. Южная, д. 1;8 (496) 692-26-39;;;;;;Только список НМИЦ;https://donor.blood.ru/contacts/gde-sdat-krov-v-regionakh.php;;2026-09-27
BS-0384;3 — другой город / район;;ЦФО;Московская область;Клин;Отделение переливания крови в больнице;ГБУЗ МО «Клинская ОБ»;ул. Победы, вл. 2;8 (496) 247-00-21;;;;;;Только список НМИЦ;https://donor.blood.ru/contacts/gde-sdat-krov-v-regionakh.php;;2026-09-27
BS-0385;3 — другой город / район;;ЦФО;Московская область;Коломна;Отделение переливания крови в больнице;ГБУЗ МО «Коломенская ЦРБ»;ул. Октябрьской Революции, д. 318;8 (496) 612-34-74;;;;;;Только список НМИЦ;https://donor.blood.ru/contacts/gde-sdat-krov-v-regionakh.php;;2026-09-27
BS-0386;3 — другой город / район;;ЦФО;Московская область;Королёв;Отделение переливания крови в больнице;ГБУЗ МО «Королёвская ГБ»;ул. Октябрьская, д. 30;8 (495) 511-84-53;;;;;;Только список НМИЦ;https://donor.blood.ru/contacts/gde-sdat-krov-v-regionakh.php;;2026-09-27
BS-0387;3 — другой город / район;;ЦФО;Московская область;Красногорск;Отделение переливания крови в больнице;ГБУЗ МО «Красногорская ГБ № 1»;ул. Карбышева, д. 4;8 (495) 563-82-00;;;;;;Только список НМИЦ;https://donor.blood.ru/contacts/gde-sdat-krov-v-regionakh.php;;2026-09-27
BS-0388;3 — другой город / район;;ЦФО;Московская область;Луховицы;Отделение переливания крови в больнице;ГБУЗ МО «Луховицкая ЦРБ»;ул. Мира, д. 17а;8 (496) 636-24-68;;;;;;Только список НМИЦ;https://donor.blood.ru/contacts/gde-sdat-krov-v-regionakh.php;;2026-09-27
BS-0389;3 — другой город / район;;ЦФО;Московская область;Люберцы;Отделение переливания крови в больнице;ГБУЗ МО «Люберецкая ОБ»;Октябрьский пр-т, д. 64;8 (495) 559-63-22;;;;;;Только список НМИЦ;https://donor.blood.ru/contacts/gde-sdat-krov-v-regionakh.php;;2026-09-27
BS-0390;3 — другой город / район;;ЦФО;Московская область;Можайск;Отделение переливания крови в больнице;ГБУЗ МО «Можайская ЦРБ»;ул. Амбулаторная, д. 1;8 (496) 382-26-32;;;;;;Только список НМИЦ;https://donor.blood.ru/contacts/gde-sdat-krov-v-regionakh.php;;2026-09-27
BS-0391;3 — другой город / район;;ЦФО;Московская область;Мытищи;Отделение переливания крови в больнице;ГБУЗ МО «Мытищинская ГКБ»;ул. Коминтерна, вл. 24, стр. 15;8 (495) 586-41-66;;;;;;Только список НМИЦ;https://donor.blood.ru/contacts/gde-sdat-krov-v-regionakh.php;;2026-09-27
BS-0392;3 — другой город / район;;ЦФО;Московская область;Наро-Фоминск;Отделение переливания крови в больнице;ГБУЗ МО «Наро-Фоминская ОБ»;ул. Школьная, д. 1;8 (496) 343-19-10;;;;;;Только список НМИЦ;https://donor.blood.ru/contacts/gde-sdat-krov-v-regionakh.php;;2026-09-27
BS-0393;3 — другой город / район;;ЦФО;Московская область;Ногинск;Отделение переливания крови в больнице;ГБУЗ МО «Ногинская ЦРБ»;ул. Октябрьская, д. 85Д;8 (496) 514-33-98;;;;;;Только список НМИЦ;https://donor.blood.ru/contacts/gde-sdat-krov-v-regionakh.php;;2026-09-27
BS-0394;3 — другой город / район;;ЦФО;Московская область;Одинцово;Отделение переливания крови в больнице;ГБУЗ МО «Одинцовская ОБ»;Можайское шоссе, д. 55е;8 (495) 596-27-00;;;;;;Только список НМИЦ;https://donor.blood.ru/contacts/gde-sdat-krov-v-regionakh.php;;2026-09-27
BS-0395;3 — другой город / район;;ЦФО;Московская область;Орехово-Зуево;Филиал / подразделение станции;ГБУЗ МО «МОЦК», ОСП Орехово-Зуево;ул. Барышникова, д. 13/5;8 (496) 425-77-36, 425-77-90;;;;;;Только список НМИЦ;https://donor.blood.ru/contacts/gde-sdat-krov-v-regionakh.php;;2026-09-27
BS-0396;3 — другой город / район;;ЦФО;Московская область;Подольск;Филиал / подразделение станции;ГБУЗ МО «МОЦК», ОСП Подольск;ул. Кирова, д. 9;8 (496) 754-10-94;;;;;;Только список НМИЦ;https://donor.blood.ru/contacts/gde-sdat-krov-v-regionakh.php;;2026-09-27
BS-0397;3 — другой город / район;;ЦФО;Московская область;Пушкино;Отделение переливания крови в больнице;ГБУЗ МО «МОБ им. проф. Розанова В.Н.»;ул. Авиационная, д. 35, корп. 3;8 (496) 539-30-70, доб. 1002;;;;;;Только список НМИЦ;https://donor.blood.ru/contacts/gde-sdat-krov-v-regionakh.php;;2026-09-27
BS-0398;3 — другой город / район;;ЦФО;Московская область;Раменское;Отделение переливания крови в больнице;ГБУЗ МО «Раменская ОБ»;ул. Махова, д. 14;8 (496) 463-47-58;;;;;;Только список НМИЦ;https://donor.blood.ru/contacts/gde-sdat-krov-v-regionakh.php;;2026-09-27
BS-0399;3 — другой город / район;;ЦФО;Московская область;Сергиев Посад;Отделение переливания крови в больнице;ГБУЗ МО «Сергиево-Посадская РБ»;Ново-Угличское ш., д. 62а;8 (496) 542-29-52;;;;;;Только список НМИЦ;https://donor.blood.ru/contacts/gde-sdat-krov-v-regionakh.php;;2026-09-27
BS-0400;3 — другой город / район;;ЦФО;Московская область;Серпухов;Отделение переливания крови в больнице;ГБУЗ МО «Серпуховская ЦРБ»;ул. Комсомольская, д. 4;8 (496) 775-34-04;;;;;;Только список НМИЦ;https://donor.blood.ru/contacts/gde-sdat-krov-v-regionakh.php;;2026-09-27
BS-0401;3 — другой город / район;;ЦФО;Московская область;Ступино;Отделение переливания крови в больнице;ГБУЗ МО «Ступинская ОКБ»;ул. Чайковского, вл. 7, корп. 1;8 (496) 642-00-96, 642-43-71;;;;;;Только список НМИЦ;https://donor.blood.ru/contacts/gde-sdat-krov-v-regionakh.php;;2026-09-27
BS-0402;3 — другой город / район;;ЦФО;Московская область;Химки;Отделение переливания крови в больнице;ГБУЗ МО «Химкинская ОБ»;ул. Чкалова, д. 2/21;8 (495) 575-85-58;;;;;;Только список НМИЦ;https://donor.blood.ru/contacts/gde-sdat-krov-v-regionakh.php;;2026-09-27
BS-0403;3 — другой город / район;;ЦФО;Московская область;Чехов;Отделение переливания крови в больнице;ГБУЗ МО «Чеховская ОБ»;ул. Московская, вл. 85;8 (496) 726-81-01;;;;;;Только список НМИЦ;https://donor.blood.ru/contacts/gde-sdat-krov-v-regionakh.php;;2026-09-27
BS-0404;3 — другой город / район;;ЦФО;Московская область;Щелково;Филиал / подразделение станции;ГБУЗ МО «МОЦК», ОСП Щелково;ул. Новая Фабрика, д. 8;8 (496) 561-38-91;;;;;;Только список НМИЦ;https://donor.blood.ru/contacts/gde-sdat-krov-v-regionakh.php;;2026-09-27
BS-0405;3 — другой город / район;;ЦФО;Московская область;Электросталь;Отделение переливания крови в больнице;ГБУЗ МО «Электростальская ЦГБ»;ул. Пушкина, д. 3;8 (496) 574-71-09;;;;;;Только список НМИЦ;https://donor.blood.ru/contacts/gde-sdat-krov-v-regionakh.php;;2026-09-27
