{"type":"FeatureCollection","features":[{"type":"Feature","properties":{"id":"r1","name":"Республика Бурятия","sourceName":"Бурятия","disputed":false},"geometry":{"type":"MultiPolygon","coordinates":[[[[99.230567,52.963186],[99.231227,52.868699],[99.170972,52.864426],[98.937518,52.937471],[98.850266,52.832802],[98.926469,52.801695],[98.96174,52.715559],[98.941329,52.671743],[98.785657,52.604331],[98.81837,52.548486],[98.712557,52.458622],[98.63053,52.415023],[98.667217,52.36707],[98.64871,52.278185],[98.744508,52.290051],[98.988249,52.16508],[98.969217,52.1434],[99.025,52.0634],[99.1214,52.0238],[99.2379,52.0101],[99.2963,51.9553],[99.4562,51.9482],[99.4661,51.9259],[99.7478,51.9037],[99.8643,51.7698],[100.0578,51.7304],[100.2027,51.7382],[100.4311,51.7256],[100.4692,51.7422],[100.6497,51.7263],[100.726,51.6776],[100.9693,51.6153],[101.0134,51.5687],[101.2487,51.542],[101.3923,51.4501],[101.5001,51.5002],[101.7523,51.4548],[101.8919,51.4046],[102.0466,51.3888],[102.1177,51.3591],[102.1862,51.2915],[102.1166,51.2808],[102.1484,51.0694],[102.199,51.0347],[102.2447,50.8892],[102.2178,50.8148],[102.2833,50.7867],[102.3411,50.7188],[102.3109,50.6766],[102.4444,50.642],[102.5482,50.5768],[102.6114,50.499],[102.6512,50.4063],[102.7563,50.3804],[102.9298,50.31],[103.2311,50.3222],[103.2762,50.2806],[103.2623,50.1995],[103.4131,50.2142],[103.7207,50.1316],[103.8395,50.1932],[104.0182,50.1517],[104.1428,50.1455],[104.2721,50.203],[104.387,50.3097],[104.5608,50.3068],[104.7025,50.366],[104.7981,50.3434],[104.9034,50.4113],[105.1185,50.3922],[105.3526,50.4798],[105.4256,50.4445],[105.5201,50.4612],[105.6,50.4328],[105.8211,50.4397],[105.8812,50.4168],[106.0665,50.3998],[106.0918,50.3375],[106.1804,50.3404],[106.2581,50.3036],[106.5093,50.3483],[106.8096,50.3018],[107.0157,50.1959],[107.0168,50.1563],[107.1112,50.043],[107.2371,49.9888],[107.3342,50.0065],[107.3969,49.9755],[107.5591,49.9848],[107.6496,49.9619],[107.759212,49.971554],[107.790663,50.061952],[107.734021,50.153214],[107.941416,50.241707],[107.967331,50.321736],[108.016512,50.346547],[108.110622,50.305489],[108.206819,50.411713],[108.339359,50.393902],[108.530548,50.472065],[108.654183,50.464604],[108.683387,50.54036],[108.535443,50.538194],[108.480485,50.583103],[108.278786,50.639365],[108.181822,50.649003],[108.069356,50.73881],[108.097351,50.784698],[108.215531,50.828505],[108.330447,50.99959],[108.341118,51.062878],[108.453526,51.052886],[108.561342,51.120566],[108.557588,51.17786],[108.375583,51.25607],[108.462478,51.295736],[108.479155,51.387533],[108.618639,51.408569],[108.635208,51.488003],[108.679036,51.504815],[108.785628,51.437992],[108.920459,51.431544],[109.026317,51.478432],[109.225135,51.365903],[109.422078,51.431482],[109.597111,51.453292],[109.792196,51.516021],[109.834017,51.552891],[110.048233,51.623071],[110.183925,51.594042],[110.293146,51.602495],[110.426613,51.520746],[110.521932,51.499919],[110.687543,51.508567],[110.778413,51.581751],[110.872508,51.614728],[110.84181,51.675205],[110.933459,51.722001],[111.000971,51.724921],[111.014541,51.79132],[111.149232,51.832889],[111.288817,51.839701],[111.315622,51.870204],[111.462437,51.871232],[111.732801,51.997311],[111.774875,52.069585],[112.00637,52.209806],[112.069747,52.282547],[112.177772,52.302828],[112.192062,52.251191],[112.305501,52.244955],[112.381304,52.202993],[112.511075,52.249215],[112.546581,52.346365],[112.680258,52.354375],[112.735468,52.326659],[112.905982,52.333427],[112.981963,52.376365],[113.093361,52.402749],[113.152477,52.452545],[113.488178,52.469431],[113.590877,52.448327],[113.640318,52.529455],[113.912555,52.640163],[113.960309,52.627381],[114.077388,52.66222],[114.227221,52.812848],[114.253673,52.933586],[114.316606,52.978211],[114.325716,53.041399],[114.206541,53.06724],[114.141656,53.107782],[114.205566,53.17746],[114.104554,53.183163],[113.97283,53.235556],[113.925698,53.285684],[113.937326,53.358602],[113.826728,53.41774],[113.882472,53.516155],[113.824245,53.630769],[113.967153,53.643506],[114.003458,53.727496],[114.24374,53.744249],[114.351143,53.77394],[114.363925,53.814216],[114.51207,53.814304],[114.577312,53.882428],[114.753329,53.947756],[114.864106,53.951484],[114.984912,53.999681],[115.012518,54.073642],[115.143888,54.118111],[115.161819,54.189431],[115.249162,54.207561],[115.341298,54.267231],[115.500362,54.31454],[115.501694,54.37421],[115.596138,54.410469],[116.189165,54.511567],[116.343168,54.509192],[116.483058,54.484205],[116.52673,54.519021],[116.720588,54.529272],[116.771717,54.589542],[116.74571,54.662903],[116.814945,54.672955],[116.848854,54.76924],[116.918977,54.828643],[116.87504,54.87622],[116.836253,55.031198],[116.755746,55.117608],[116.62278,55.144371],[116.472505,55.229117],[116.377619,55.379369],[116.106803,55.343843],[115.974102,55.355582],[115.902383,55.409705],[115.875046,55.603273],[115.908067,55.650583],[115.828624,55.676457],[115.864485,55.743051],[115.83697,55.856333],[115.904963,55.926943],[115.779897,55.986148],[115.764721,56.17723],[115.675782,56.280727],[115.671789,56.391546],[115.795792,56.441252],[115.69336,56.486321],[115.67836,56.572132],[115.500035,56.577015],[115.420681,56.5955],[115.43302,56.666531],[115.555691,56.693825],[115.614453,56.771381],[115.586138,56.826036],[115.616496,56.908207],[115.729827,56.962428],[115.935983,57.03225],[116.045866,57.046631],[116.099516,57.095463],[116.250508,57.138381],[116.107856,57.241266],[115.845042,57.24828],[115.653909,57.12056],[115.329419,57.096246],[115.256601,57.119593],[115.069984,57.112084],[115.06688,57.010205],[114.829728,56.816326],[114.839769,56.761427],[114.748582,56.700529],[114.61168,56.673304],[114.40596,56.66804],[114.157627,56.697082],[114.075664,56.606652],[114.001131,56.562754],[113.85827,56.520305],[113.788065,56.613572],[113.465105,56.671585],[113.322493,56.630184],[113.221356,56.658071],[113.138009,56.644092],[113.07874,56.682779],[112.866245,56.685793],[112.873837,56.723066],[112.734447,56.75958],[112.679139,56.856946],[112.738001,56.948522],[112.680348,56.965787],[112.550479,56.946112],[112.402457,56.857649],[112.217937,56.857332],[112.083403,56.956536],[111.876303,56.951835],[111.831171,56.912777],[111.680897,57.000444],[111.615676,57.01114],[111.609594,57.102289],[111.499414,57.117463],[111.333906,56.969545],[111.342361,56.896154],[111.24157,56.892394],[111.202212,56.84152],[111.11212,56.822805],[110.982002,56.874279],[110.837142,56.84103],[110.756987,56.887228],[110.629337,56.836687],[110.500766,56.85542],[110.508202,56.895323],[110.388608,56.911903],[110.270846,56.952484],[110.216932,56.930371],[110.106397,56.970138],[110.013516,56.975784],[109.886764,56.898718],[109.846152,56.846413],[109.853111,56.77911],[109.768487,56.707834],[109.6879,56.69595],[109.550381,56.741103],[109.423648,56.738455],[109.232027,56.650954],[109.142796,56.679836],[108.981358,56.631163],[108.903861,56.58077],[108.770375,56.572232],[108.740097,56.504686],[108.608517,56.407937],[108.549329,56.332141],[108.61132,56.270767],[108.80515,56.234776],[108.922169,56.123171],[108.953405,56.02863],[109.034617,55.99671],[109.239913,55.994201],[109.246675,55.923688],[109.080875,55.911808],[108.969228,55.938905],[108.904161,55.87729],[108.823035,55.848072],[108.781577,55.751346],[108.775659,55.61104],[108.682294,55.605975],[108.704029,55.499434],[108.639338,55.489723],[108.671484,55.31776],[108.708738,55.25283],[108.784639,55.23297],[108.796959,55.166257],[108.697524,55.062726],[108.695175,54.979171],[108.760949,54.932696],[108.718257,54.900716],[108.726168,54.794738],[108.701884,54.656122],[108.631518,54.545774],[109.068144,54.426243],[109.001352,54.335516],[108.635572,54.00124],[108.451478,53.848489],[108.297403,53.673511],[108.013798,53.235626],[106.999934,52.716939],[106.172533,52.361055],[105.773819,51.956291],[105.602595,51.851716],[105.308535,51.748854],[105.004265,51.688857],[104.601498,51.631356],[104.587705,51.622183],[104.672738,51.337817],[104.561907,51.286236],[104.487061,51.321742],[104.360285,51.277501],[104.196914,51.284058],[104.149776,51.242453],[104.038335,51.220758],[103.919139,51.151402],[103.810084,51.130227],[103.800815,51.434838],[103.586472,51.490601],[103.538632,51.470984],[103.338496,51.446557],[103.241083,51.506176],[103.237511,51.570173],[103.181311,51.619315],[103.179308,51.722303],[103.226932,51.80512],[103.077015,51.856441],[103.059328,51.90225],[102.926365,51.912237],[102.858141,51.968611],[102.764301,51.994902],[102.67046,52.060686],[102.515452,52.234572],[102.393482,52.263629],[102.301198,52.229981],[102.153423,52.282259],[102.008523,52.21201],[101.926968,52.220832],[101.926164,52.317848],[101.691714,52.416919],[101.677511,52.475645],[101.56973,52.505183],[101.457069,52.5704],[101.416426,52.632261],[101.278001,52.6513],[101.214722,52.698883],[101.127042,52.714552],[101.053911,52.764134],[100.91058,52.783194],[100.81369,52.864509],[100.599521,52.95031],[100.539923,53.036178],[100.377597,53.104531],[100.344661,53.17038],[100.407308,53.194145],[100.421104,53.249162],[100.331765,53.288921],[100.265894,53.372066],[100.123869,53.342594],[100.090411,53.304125],[99.977837,53.326257],[99.851758,53.286982],[99.871363,53.228474],[99.716792,53.149556],[99.530766,53.105663],[99.372187,53.101895],[99.369922,53.034086],[99.230567,52.963186]]]]}},{"type":"Feature","properties":{"id":"r2","name":"Карачаево-Черкесская Республика","sourceName":"Карачаево-Черкесская республика","disputed":false},"geometry":{"type":"MultiPolygon","coordinates":[[[[41.736821,44.473134],[41.693904,44.409881],[41.633695,44.377892],[41.74398,44.268377],[41.698912,44.171185],[41.637668,44.117428],[41.550784,44.096158],[41.538583,44.044665],[41.47975,44.000926],[41.308807,43.997952],[41.264029,44.094959],[41.084788,44.094713],[40.954853,44.14107],[40.891276,44.142995],[40.935459,44.017353],[40.885749,43.944623],[40.802972,43.917742],[40.722806,43.7949],[40.756861,43.749115],[40.712826,43.685883],[40.713602,43.532771],[40.878765,43.485127],[40.950818,43.418533],[41.219206,43.381026],[41.287373,43.337717],[41.365941,43.370041],[41.422595,43.314047],[41.545421,43.26887],[41.588846,43.234733],[41.80388,43.202273],[41.866791,43.244063],[42.040998,43.187409],[42.095582,43.214035],[42.336226,43.219685],[42.414023,43.256817],[42.403016,43.392464],[42.474425,43.529916],[42.456074,43.621092],[42.60262,43.656208],[42.681373,43.716046],[42.678289,43.809695],[42.646519,43.827188],[42.660201,43.937436],[42.584567,44.026377],[42.502637,44.026397],[42.480224,43.966421],[42.376245,43.972467],[42.303408,44.029137],[42.335165,44.132512],[42.44137,44.168431],[42.608568,44.31185],[42.553418,44.368318],[42.478497,44.324628],[42.341392,44.310887],[42.217269,44.347838],[42.029404,44.35275],[41.9218,44.40993],[41.933232,44.496139],[41.736821,44.473134]]]]}},{"type":"Feature","properties":{"id":"r3","name":"Сахалинская область","sourceName":"Сахалинская область","disputed":false},"geometry":{"type":"MultiPolygon","coordinates":[[[[145.987479,43.369275],[146.005913,43.360583],[146.016252,43.37376],[145.987479,43.369275]]],[[[146.178942,43.505024],[146.133017,43.548439],[146.08139,43.532895],[146.116688,43.458625],[146.178942,43.505024]]],[[[146.10087,43.432454],[146.048083,43.430359],[146.08109,43.413179],[146.10087,43.432454]]],[[[145.898437,43.418565],[145.955216,43.424929],[145.93772,43.448891],[145.898813,43.448137],[145.898437,43.418565]]],[[[146.33299,43.618811],[146.350786,43.639058],[146.310499,43.639592],[146.33299,43.618811]]],[[[146.862947,43.874848],[146.792339,43.879361],[146.716296,43.830955],[146.586554,43.805925],[146.586781,43.747419],[146.676199,43.707419],[146.778599,43.757703],[146.903082,43.84384],[146.862947,43.874848]]],[[[145.546875,43.654267],[145.575504,43.842957],[145.652182,43.909449],[145.789108,43.948318],[145.79592,43.988933],[145.864382,44.033255],[145.941585,44.151773],[146.024736,44.177403],[146.100882,44.257827],[146.295959,44.275874],[146.390785,44.361606],[146.533341,44.380238],[146.540785,44.434791],[146.350118,44.416674],[146.240798,44.454616],[146.172427,44.514437],[146.0788,44.471128],[145.99142,44.322599],[145.88718,44.24953],[145.8558,44.201751],[145.744258,44.104614],[145.747266,44.063336],[145.472167,43.898075],[145.404508,43.840441],[145.433907,43.719344],[145.54759,43.729442],[145.546875,43.654267]]],[[[146.953325,44.427237],[147.02515,44.517689],[147.108985,44.569082],[147.209121,44.567917],[147.282776,44.657815],[147.384545,44.745393],[147.495061,44.786531],[147.597351,44.853774],[147.673926,45.002023],[147.787811,44.947417],[147.902546,44.960935],[147.98386,45.003622],[148.095462,45.109973],[148.267039,45.184906],[148.31465,45.220412],[148.492322,45.254274],[148.637355,45.333867],[148.843139,45.336887],[148.87667,45.388419],[148.827694,45.433338],[148.890466,45.485419],[148.867673,45.535048],[148.784726,45.555358],[148.654604,45.538591],[148.486484,45.420075],[148.443194,45.350852],[148.342805,45.290507],[148.128792,45.256778],[148.008971,45.290096],[147.963754,45.420552],[147.899014,45.42698],[147.84871,45.364257],[147.871711,45.226834],[147.729484,45.190888],[147.692061,45.096582],[147.53266,45.07422],[147.516246,45.000408],[147.383667,44.911648],[147.263223,44.864526],[147.19265,44.796934],[147.191272,44.706882],[147.121351,44.647197],[147.03239,44.639046],[147.026265,44.599023],[146.875295,44.498637],[146.858556,44.452946],[146.953325,44.427237]]],[[[154.6875,49.267986],[154.827771,49.297917],[154.849131,49.350135],[154.807708,49.440523],[154.836693,49.505954],[154.88765,49.530771],[154.893423,49.60887],[154.777443,49.58738],[154.70224,49.465966],[154.612851,49.359879],[154.62166,49.282791],[154.6875,49.267986]]],[[[154.468131,49.759376],[154.479702,49.807936],[154.39876,49.803302],[154.385837,49.752955],[154.468131,49.759376]]],[[[144.67425,48.64275],[144.689,48.78975],[144.66575,48.8815],[144.42525,49.0115],[144.281,49.24475],[144.21475,49.48075],[144.24,49.50025],[144.1335,49.617],[144.121,49.75475],[144.00225,49.94575],[143.99775,50.01875],[143.88175,50.1635],[143.78525,50.33325],[143.699,50.5805],[143.6945,50.675],[143.62025,50.94875],[143.53425,51.2045],[143.48125,51.32225],[143.43675,51.49525],[143.341,51.70625],[143.22775,51.8665],[143.148,51.8785],[143.10775,51.941],[143.179,51.9865],[143.14025,52.13175],[143.143,52.222],[143.17825,52.317],[143.28325,52.45275],[143.3165,52.58225],[143.32325,52.8065],[143.33675,52.832],[143.24675,53.21875],[143.14675,53.426],[142.923955,53.781554],[142.89219,53.956312],[142.977662,54.035142],[142.97225,54.141],[142.7875,54.3085],[142.72589,54.420721],[142.66289,54.411497],[142.64872,54.345777],[142.525015,54.299631],[142.33125,54.26725],[142.41275,54.15775],[142.69325,53.94625],[142.6935,53.86925],[142.585,53.71775],[142.60175,53.6795],[142.476,53.66025],[142.63925,53.54175],[142.56625,53.50875],[142.4915,53.41925],[142.4155,53.37575],[142.26975,53.36775],[142.22675,53.42075],[142.2455,53.4985],[142.2045,53.534],[141.8595,53.431],[141.77375,53.4195],[141.75725,53.36975],[141.82925,53.16225],[141.92,53.05775],[141.8895,52.923],[141.857,52.88375],[141.84875,52.76425],[141.81975,52.722],[141.8245,52.54925],[141.767,52.46275],[141.65225,52.39175],[141.6425,52.226],[141.692,52.15225],[141.63275,52.10125],[141.66525,51.9895],[141.63775,51.8765],[141.76025,51.84175],[141.825,51.786],[141.75525,51.705],[141.8785,51.5995],[142.074,51.47725],[142.08275,51.39675],[142.16925,51.318],[142.1955,51.20975],[142.24925,51.155],[142.25575,51.06625],[142.22675,50.9905],[142.116,50.8925],[142.0905,50.716],[142.04325,50.53625],[142.0985,50.428],[142.14975,50.37325],[142.142,50.29775],[142.17125,50.1375],[142.172,50.04525],[142.1375,49.89325],[142.167,49.8045],[142.1295,49.45425],[142.06925,49.33925],[142.092,49.22875],[142.0305,49.14625],[142.04,49.088],[141.97675,48.87325],[141.917,48.843],[141.84775,48.7665],[141.872,48.676],[141.96375,48.54725],[142.06875,48.434],[142.14325,48.325],[142.16775,48.21125],[142.172,48.09475],[142.20175,47.984],[142.1745,47.93275],[142.08675,47.8605],[142.07775,47.803],[141.96175,47.62],[141.97075,47.43775],[141.96475,47.30075],[142.050488,47.195401],[142.057288,47.076953],[142.00675,46.948],[141.80975,46.60025],[141.83575,46.445],[141.89275,46.295],[141.933,46.086],[141.922651,46.04352],[142.02675,45.93175],[142.17175,46.016],[142.2375,46.16325],[142.249,46.273],[142.35075,46.456],[142.405543,46.586474],[142.454036,46.65065],[142.553831,46.711804],[142.726098,46.736511],[142.77025,46.608],[142.8807,46.626774],[143.055,46.597],[143.15,46.60625],[143.25225,46.553],[143.33575,46.47125],[143.33025,46.426],[143.422,46.21325],[143.397,46.099],[143.467,46.10125],[143.45975,46.18125],[143.506,46.22325],[143.56375,46.34525],[143.56825,46.41025],[143.49975,46.65975],[143.51025,46.71525],[143.47625,46.82625],[143.3725,46.79275],[143.30025,46.79875],[143.16925,46.85275],[143.091,46.919],[143.019,47.07725],[143.043,47.1465],[143.017,47.25075],[142.9365,47.35725],[142.75225,47.446],[142.691,47.49925],[142.59075,47.6255],[142.526,47.77775],[142.50975,47.89575],[142.5455,48.076],[142.71275,48.44],[142.7515,48.557],[142.861,48.7525],[142.9795,48.89825],[142.97975,48.97225],[142.947,49.0575],[143.02825,49.168],[143.14825,49.239],[143.2925,49.287],[143.41975,49.308],[143.618,49.31675],[144.0025,49.265],[144.1375,49.219],[144.23875,49.1385],[144.33925,49.0335],[144.4005,49.0165],[144.56325,48.891],[144.652,48.78025],[144.67425,48.64275]]],[[[154.494572,49.084273],[154.591039,49.092085],[154.597724,49.130066],[154.517136,49.164996],[154.45178,49.156093],[154.494572,49.084273]]],[[[154.04324,48.733117],[154.072105,48.777977],[154.168406,48.815371],[154.22375,48.887996],[154.09544,48.887748],[154.08834,48.811155],[153.994465,48.77534],[154.04324,48.733117]]],[[[154.009946,48.937754],[153.960911,48.96817],[153.906332,48.964766],[153.916491,48.924177],[154.009946,48.937754]]],[[[153.503757,48.988506],[153.47437,48.991194],[153.467419,48.976866],[153.50105,48.970955],[153.503757,48.988506]]],[[[152.78825,47.519421],[152.801188,47.501749],[152.828268,47.512831],[152.818519,47.524088],[152.78825,47.519421]]],[[[153.032848,47.710934],[153.062065,47.779369],[153.0109,47.797848],[152.9683,47.75143],[153.032848,47.710934]]],[[[153.2608,48.300515],[153.240051,48.300946],[153.247263,48.282469],[153.269974,48.291136],[153.2608,48.300515]]],[[[153.281483,48.077773],[153.293281,48.066462],[153.299826,48.073624],[153.281483,48.077773]]],[[[153.28125,48.042957],[153.225772,48.112769],[153.171308,48.07862],[153.28125,48.042957]]],[[[154.98402,50.185641],[155.013368,50.200194],[154.98195,50.213039],[154.953057,50.20007],[154.98402,50.185641]]],[[[156.410086,50.643935],[156.513569,50.764623],[156.482115,50.868536],[156.385251,50.846],[156.254901,50.773012],[156.201804,50.772297],[156.182927,50.683909],[156.273718,50.635183],[156.410086,50.643935]]],[[[155.661599,50.811512],[155.6587,50.899249],[155.570656,50.919935],[155.457438,50.880079],[155.527693,50.808083],[155.661599,50.811512]]],[[[155.41502,50.015386],[155.482628,50.118942],[155.616009,50.184848],[155.79407,50.191338],[155.88825,50.246462],[156.042454,50.466229],[156.169304,50.507841],[156.17052,50.6017],[156.124607,50.651079],[156.148689,50.747269],[156.015558,50.763504],[155.858441,50.652266],[155.818698,50.540691],[155.756087,50.453488],[155.649464,50.377775],[155.388168,50.3396],[155.342872,50.281944],[155.237833,50.302857],[155.1997,50.274361],[155.253955,50.220512],[155.23978,50.054281],[155.34731,50.054719],[155.41502,50.015386]]],[[[150.779088,46.468344],[150.800878,46.448116],[150.843672,46.445084],[150.804961,46.485003],[150.779088,46.468344]]],[[[150.85276,46.497068],[150.903412,46.512757],[150.85416,46.536979],[150.85276,46.497068]]],[[[150.74906,46.727841],[150.72117,46.739087],[150.709026,46.721916],[150.740972,46.702673],[150.74906,46.727841]]],[[[151.814252,46.773976],[151.90747,46.853129],[152.024412,46.898556],[152.087513,46.972555],[152.141253,46.985922],[152.164921,47.054445],[152.276487,47.115217],[152.179611,47.148673],[152.060236,47.000289],[151.931447,46.944788],[151.844742,46.849436],[151.725703,46.856251],[151.735225,46.793007],[151.814252,46.773976]]],[[[152.512811,47.298164],[152.537599,47.351994],[152.446762,47.377877],[152.429763,47.300535],[152.512811,47.298164]]],[[[149.5274,45.573551],[149.66221,45.621387],[149.798212,45.731521],[149.951344,45.82553],[150.002398,45.821119],[150.192013,45.939067],[150.221496,46.01854],[150.456825,46.161771],[150.418877,46.223253],[150.336136,46.222379],[150.217778,46.187751],[150.186735,46.108496],[150.051622,46.09021],[149.981648,46.02496],[149.89261,45.980563],[149.845258,45.90377],[149.77705,45.854914],[149.667834,45.851105],[149.588527,45.779564],[149.539575,45.702679],[149.4781,45.657855],[149.445771,45.579775],[149.5274,45.573551]]]]}},{"type":"Feature","properties":{"id":"r4","name":"Воронежская область","sourceName":"Воронежская область","disputed":false},"geometry":{"type":"MultiPolygon","coordinates":[[[[38.292611,51.96594],[38.429118,51.94475],[38.446396,51.844548],[38.399056,51.782003],[38.478134,51.721006],[38.38662,51.683529],[38.224395,51.699273],[38.139917,51.628731],[38.297481,51.521305],[38.33691,51.304152],[38.288584,51.296352],[38.335277,51.256143],[38.434292,51.28578],[38.483829,51.162307],[38.411662,51.165983],[38.387686,51.077056],[38.518256,51.07103],[38.58801,51.012156],[38.699355,51.022127],[38.803495,51.076693],[38.864588,51.005923],[38.876593,50.930671],[38.720936,50.877304],[38.706516,50.800234],[38.803684,50.762344],[38.76859,50.719567],[38.957737,50.697817],[39.083569,50.605573],[39.081008,50.53075],[39.014783,50.455454],[39.047222,50.276746],[39.137774,50.224666],[39.159814,50.140906],[39.217667,50.048129],[39.179732,49.888659],[39.28522,49.75536],[39.37878,49.73854],[39.47868,49.75656],[39.59129,49.71828],[39.6603,49.61494],[39.75025,49.59743],[39.80604,49.55795],[39.89118,49.5583],[39.95212,49.59709],[40.135392,49.617102],[40.16067,49.643123],[40.277485,49.628409],[40.374629,49.587519],[40.549094,49.580892],[40.636967,49.672992],[40.778987,49.667234],[40.795915,49.701203],[40.921617,49.700629],[41.047121,49.809186],[41.041246,49.866913],[41.082125,49.943371],[41.192887,50.011776],[41.297755,50.021471],[41.38366,50.113865],[41.288934,50.16324],[41.338107,50.208881],[41.400994,50.202806],[41.522312,50.362297],[41.420479,50.498893],[41.51734,50.608973],[41.446748,50.606084],[41.347529,50.710292],[41.168874,50.776314],[41.3928,50.842407],[41.471846,50.949818],[41.750759,51.006208],[41.857815,51.158983],[41.928097,51.194125],[42.087336,51.147966],[42.293994,51.137003],[42.595525,51.153082],[42.708392,51.247608],[42.880894,51.233025],[42.947337,51.26722],[42.858106,51.316673],[42.834455,51.391738],[42.752124,51.494893],[42.568272,51.538178],[42.520795,51.596072],[42.482818,51.631369],[42.343861,51.587718],[42.18929,51.723581],[42.118229,51.730848],[42.069582,51.657448],[41.959807,51.656305],[41.856193,51.711119],[41.722839,51.736204],[41.635909,51.732996],[41.585224,51.769251],[41.460271,51.769938],[41.280708,51.791969],[41.296199,51.738301],[41.002491,51.716182],[40.882178,51.738862],[40.948615,51.860852],[40.845697,51.921982],[40.752964,51.937303],[40.53414,51.945692],[40.354018,51.965474],[40.273819,51.949144],[40.127123,51.985584],[40.042467,51.952219],[39.927212,51.967388],[39.840761,51.921077],[39.484369,51.977717],[39.515367,52.022596],[39.473172,52.073549],[39.299772,52.103184],[39.087042,52.034477],[39.015011,51.984812],[38.877206,52.09655],[38.741764,52.041692],[38.555547,52.055531],[38.399619,51.987485],[38.292611,51.96594]]]]}},{"type":"Feature","properties":{"id":"r5","name":"Томская область","sourceName":"Томская область","disputed":false},"geometry":{"type":"MultiPolygon","coordinates":[[[[75.108237,58.576245],[75.376835,58.454101],[75.056664,58.339153],[75.242489,58.202615],[75.071473,58.116793],[75.565762,57.934585],[75.576082,57.878807],[75.550039,57.625218],[75.704124,57.624997],[75.848267,57.3858],[75.965411,57.393694],[76.095015,57.235533],[76.697895,57.215498],[76.916861,57.160251],[76.945459,57.169691],[77.630444,57.167579],[78.463438,57.16501],[78.440323,57.113345],[79.198214,57.001034],[79.588576,56.92316],[80.263517,56.422445],[81.220274,56.537593],[81.573403,56.241888],[81.991904,56.333547],[82.159901,56.33486],[82.351524,56.365386],[82.454521,56.397035],[82.689596,56.425517],[82.809345,56.420209],[82.807971,56.516173],[82.986327,56.516457],[83.109831,56.549519],[83.288813,56.443041],[83.26076,56.407621],[83.143915,56.37556],[83.192988,56.327988],[83.06484,56.230477],[83.159234,56.227521],[83.217942,56.187673],[83.135373,56.119503],[83.220981,56.085828],[83.229571,56.012005],[83.377024,55.917896],[83.210779,55.730319],[83.315157,55.703312],[83.415712,55.726359],[83.615655,55.66466],[83.664797,55.765441],[83.952621,56.015014],[84.074814,56.017847],[84.202577,56.059193],[84.336326,55.981167],[84.45382,56.043149],[84.897481,56.162817],[84.986862,56.107777],[85.11621,56.195871],[85.290164,56.228356],[85.413864,56.206097],[85.671139,56.211846],[85.571628,56.266407],[85.628966,56.3174],[85.81228,56.339641],[85.804184,56.411439],[85.979234,56.436525],[86.002583,56.480861],[86.11507,56.499507],[86.105171,56.537152],[86.195642,56.578759],[86.216043,56.628059],[86.338887,56.636074],[86.382675,56.548036],[86.532459,56.577249],[86.67819,56.643265],[86.848797,56.555901],[87.118012,56.535604],[87.199818,56.561724],[87.149549,56.622909],[87.349474,56.635181],[87.36458,56.592957],[87.596665,56.663656],[87.701479,56.551007],[88.142033,56.709407],[88.424416,56.83442],[88.523953,56.768973],[88.597557,56.802198],[88.697349,57.047894],[88.649939,57.079165],[88.516982,57.090443],[88.622505,57.209349],[88.734155,57.208035],[88.86505,57.44362],[89.063639,57.457552],[89.130337,57.615341],[89.2115,57.594065],[89.355248,57.615657],[89.342479,57.825677],[89.353245,57.912996],[89.29641,57.948954],[88.858954,57.955186],[88.687253,58.036199],[88.106659,58.112772],[88.069853,58.220064],[88.016988,58.214258],[87.924013,58.511345],[88.382657,58.893119],[88.82866,59.022604],[88.575826,59.212216],[88.626467,59.295126],[87.902226,59.256238],[87.514225,59.66441],[87.174086,59.682528],[87.078047,59.879074],[86.636499,59.948654],[85.998473,59.947149],[85.499551,59.883032],[84.70755,59.89207],[84.581069,59.962095],[84.633451,60.029796],[84.616018,60.168548],[84.744393,60.271115],[84.791487,60.352366],[84.351305,60.796932],[84.26311,60.862518],[83.949694,60.836217],[83.476909,61.035672],[83.156683,61.026795],[82.376451,60.706879],[82.409601,60.608155],[82.167305,60.51634],[81.879534,60.639791],[81.584263,60.637983],[81.458741,60.607139],[81.10419,60.642048],[81.052447,60.755725],[80.98408,60.774523],[80.704837,60.802779],[80.639058,60.770738],[80.404972,60.750197],[80.200997,60.675322],[79.948533,60.670061],[79.674619,60.679882],[79.511089,60.66799],[79.39887,60.63584],[79.296047,60.707553],[79.308211,60.794421],[79.188381,60.828644],[79.038341,60.803207],[78.98489,60.820193],[78.795277,60.750058],[78.699992,60.825356],[78.486753,60.764639],[78.195398,60.802477],[78.088345,60.796784],[77.969963,60.740696],[77.889358,60.778865],[77.704323,60.81999],[77.449238,60.810023],[77.195721,60.856371],[77.107935,60.858414],[77.067248,60.794377],[77.112207,60.746307],[76.965589,60.63119],[77.061724,60.59976],[77.047763,60.50892],[76.829158,60.466948],[76.763255,60.376239],[76.866349,60.271042],[76.827144,60.179173],[76.713994,60.115036],[76.772433,60.065674],[76.740251,59.71086],[76.667053,59.683865],[76.664888,59.571174],[76.502463,59.543769],[76.177166,59.530001],[75.992856,59.380677],[75.898666,59.399905],[75.841198,59.280213],[75.639673,59.211579],[75.727608,59.015372],[75.635376,58.912346],[75.131297,58.663889],[75.199295,58.618682],[75.108237,58.576245]]]]}},{"type":"Feature","properties":{"id":"r6","name":"Новосибирская область","sourceName":"Новосибирская область","disputed":false},"geometry":{"type":"MultiPolygon","coordinates":[[[[76.095015,57.235533],[76.195032,56.943321],[76.260543,56.884586],[76.289127,56.696968],[76.104664,56.610673],[76.038233,56.61783],[75.962049,56.507491],[75.855155,56.496727],[75.83133,56.417848],[75.901785,56.414096],[75.982405,56.464787],[76.055935,56.416088],[76.081243,56.325375],[76.170564,56.281305],[76.306639,56.157246],[76.162633,56.131939],[76.014015,56.163677],[75.959545,56.115103],[75.731579,56.112635],[75.653412,56.036933],[75.531388,56.008839],[75.262427,55.844122],[75.346748,55.800068],[75.369374,55.740665],[75.230193,55.730906],[75.104415,55.756425],[75.115461,55.685977],[75.245422,55.638263],[75.140769,55.583898],[75.321648,55.497983],[75.162293,55.44713],[75.091515,55.376632],[75.177661,55.352461],[75.275133,55.242491],[75.251974,55.150169],[75.36846,55.067782],[75.38183,54.990724],[75.332079,54.911162],[75.490561,54.884357],[75.545463,54.816804],[75.638859,54.81005],[75.685977,54.704694],[75.824601,54.666402],[75.851846,54.607591],[75.804033,54.540152],[75.691058,54.546033],[75.688494,54.123289],[76.2166,54.2625],[76.196,54.2933],[76.2625,54.3592],[76.5026,54.3215],[76.6741,54.3424],[76.7388,54.4179],[76.9254,54.4555],[76.9591,54.4173],[76.8611,54.3623],[76.8768,54.3017],[76.7573,54.1651],[76.6531,54.1243],[76.4543,54.1691],[76.4342,54.1209],[76.54,54.0029],[77.0532,53.7362],[77.3997,53.5652],[77.907228,53.290941],[77.888953,53.367194],[77.9559,53.383931],[77.922449,53.448716],[77.962778,53.487273],[77.915788,53.571123],[78.107891,53.576234],[78.156898,53.6217],[78.23162,53.617058],[78.235887,53.53575],[78.333933,53.478955],[78.422961,53.513292],[78.645884,53.512538],[78.65112,53.582292],[78.707801,53.631578],[78.941852,53.675047],[79.040491,53.649997],[79.123581,53.674832],[79.257392,53.677587],[79.386509,53.71565],[79.421441,53.679585],[79.638802,53.742106],[79.62066,53.791992],[79.758333,53.835076],[79.893523,53.844579],[79.877019,53.91411],[80.090906,53.990135],[80.050953,54.044987],[80.193917,54.078245],[80.219425,54.030943],[80.465052,54.115392],[80.530918,54.168949],[80.798921,54.256197],[80.813605,54.343228],[80.951709,54.375622],[81.015419,54.254471],[81.088846,54.194219],[81.126424,54.114532],[81.364736,54.059896],[81.475738,54.077605],[81.542904,53.933131],[81.696665,53.979347],[81.750331,53.946522],[81.831192,53.964117],[81.835744,53.869857],[81.7209,53.841738],[81.716213,53.771597],[81.85108,53.712425],[81.961435,53.708755],[82.113686,53.657358],[82.322196,53.562554],[82.33321,53.528649],[82.505437,53.498416],[82.502413,53.547223],[82.666972,53.642676],[82.620109,53.670102],[82.759724,53.749143],[82.71492,53.776833],[83.102283,53.998919],[83.198057,54.065828],[83.306101,54.064866],[83.349197,53.934281],[83.488263,53.978316],[83.475946,54.063209],[83.55414,54.109229],[83.729611,54.101301],[83.883979,54.121393],[83.955589,54.106126],[84.221649,54.191214],[84.268512,54.163788],[84.398087,54.177609],[84.458232,54.14608],[84.550122,54.162061],[84.596876,54.254923],[84.766618,54.336555],[84.843176,54.339579],[85.116875,54.437789],[84.931938,54.60875],[85.010792,54.637058],[85.004037,54.680076],[84.894531,54.72854],[85.002817,54.799558],[85.088092,54.816346],[84.97177,54.944508],[84.90761,54.945771],[84.8781,55.02024],[84.927188,55.163608],[84.818268,55.227091],[84.914373,55.27573],[84.856888,55.373887],[84.691568,55.372194],[84.621925,55.403696],[84.755728,55.468435],[84.784063,55.525339],[84.740925,55.641355],[84.683261,55.681579],[84.539147,55.718644],[84.549343,55.802138],[84.497994,55.917215],[84.529289,55.975096],[84.45382,56.043149],[84.336326,55.981167],[84.202577,56.059193],[84.074814,56.017847],[83.952621,56.015014],[83.664797,55.765441],[83.615655,55.66466],[83.415712,55.726359],[83.315157,55.703312],[83.210779,55.730319],[83.377024,55.917896],[83.229571,56.012005],[83.220981,56.085828],[83.135373,56.119503],[83.217942,56.187673],[83.159234,56.227521],[83.06484,56.230477],[83.192988,56.327988],[83.143915,56.37556],[83.26076,56.407621],[83.288813,56.443041],[83.109831,56.549519],[82.986327,56.516457],[82.807971,56.516173],[82.809345,56.420209],[82.689596,56.425517],[82.454521,56.397035],[82.351524,56.365386],[82.159901,56.33486],[81.991904,56.333547],[81.573403,56.241888],[81.220274,56.537593],[80.263517,56.422445],[79.588576,56.92316],[79.198214,57.001034],[78.440323,57.113345],[78.463438,57.16501],[77.630444,57.167579],[76.945459,57.169691],[76.916861,57.160251],[76.697895,57.215498],[76.095015,57.235533]]]]}},{"type":"Feature","properties":{"id":"r7","name":"Ненецкий автономный округ","sourceName":"Ненецкий автономный округ","disputed":false},"geometry":{"type":"MultiPolygon","coordinates":[[[[53.87913,68.25193],[53.84977,68.2446],[53.89265,68.23875],[53.87913,68.25193]]],[[[53.99357,68.33912],[53.85969,68.31055],[53.94378,68.28448],[53.99357,68.33912]]],[[[52.30443,68.54142],[52.32026,68.52419],[52.34252,68.54505],[52.30443,68.54142]]],[[[58.30902,70.23156],[58.33701,70.22062],[58.36612,70.22705],[58.36589,70.24085],[58.32677,70.22581],[58.30902,70.23156]]],[[[58.6553,70.46185],[58.68191,70.44652],[58.72098,70.4528],[58.6553,70.46185]]],[[[64.735405,69.120174],[64.75163,69.20056],[64.91855,69.30673],[64.30419,69.4964],[63.76762,69.59246],[63.11251,69.68389],[62.78904,69.7136],[62.03964,69.7353],[61.43404,69.77313],[61.29696,69.8161],[61.05809,69.82726],[60.85261,69.85567],[60.72426,69.81042],[60.77824,69.72505],[60.68014,69.65546],[60.33067,69.65964],[60.21076,69.62066],[60.22064,69.50636],[60.58025,69.29381],[60.65185,69.23369],[60.63781,69.16283],[60.84568,69.15087],[60.950349,69.069026],[60.963597,68.961737],[60.890238,68.885911],[60.509412,68.70758],[60.3655,68.686317],[60.052421,68.677864],[59.9483,68.69836],[59.80391,68.62714],[59.975454,68.490804],[59.980264,68.449907],[59.866818,68.374835],[59.686828,68.337428],[59.528484,68.332544],[59.392543,68.366837],[59.170862,68.388108],[59.108727,68.434864],[59.17006,68.519281],[59.092692,68.553898],[59.18976,68.66436],[59.44196,68.66818],[59.44889,68.74112],[59.21558,68.85775],[58.94613,68.91921],[58.87205,68.97541],[58.12599,68.83816],[58.038619,68.746734],[57.835401,68.678484],[57.50358,68.639503],[57.438349,68.564221],[57.317842,68.525669],[57.104982,68.51907],[56.871866,68.551482],[56.64287,68.617984],[56.454454,68.585952],[56.207262,68.595289],[56.006075,68.642414],[55.670477,68.54976],[55.339857,68.541284],[54.98412,68.40825],[54.861599,68.300764],[54.950863,68.256992],[54.87286,68.15061],[54.67317,68.16991],[54.54233,68.27828],[54.3049,68.32705],[54.15251,68.29483],[54.03646,68.21451],[53.80817,68.24124],[53.49488,68.25566],[53.37157,68.22792],[53.19997,68.27298],[53.31248,68.33773],[53.4316,68.36464],[53.80471,68.33509],[53.94356,68.4073],[53.88042,68.54047],[53.71971,68.617],[53.84411,68.68975],[53.82837,68.73372],[53.96705,68.7946],[53.98652,68.8387],[53.80358,68.86478],[53.86959,68.95966],[53.49337,68.90704],[52.86971,68.76039],[52.30121,68.60206],[52.53835,68.56856],[52.5763,68.52524],[52.734375,68.48523],[52.69067,68.41527],[52.40647,68.32776],[52.16715,68.35454],[52.293442,68.410824],[52.299165,68.452518],[52.15229,68.51185],[52.01622,68.53285],[51.7781,68.4974],[51.553042,68.484645],[51.510298,68.447912],[51.29928,68.3812],[50.90399,68.33486],[50.85927,68.39225],[50.98529,68.4238],[51.43405,68.45553],[51.11735,68.48162],[50.94745,68.44014],[50.628759,68.289206],[50.34594,68.18808],[49.87614,68.03445],[49.34555,67.89152],[49.06103,67.83505],[48.77764,67.82903],[48.78461,67.75078],[48.4742,67.63662],[48.34658,67.66552],[48.12595,67.61272],[47.99761,67.6328],[47.83432,67.57919],[47.93054,67.43131],[47.7721,67.33413],[47.784,67.23106],[47.67629,67.18889],[47.75696,67.14492],[47.74305,67.00789],[47.57755,66.90961],[47.44192,66.9184],[46.92384,66.83678],[46.66005,66.81624],[46.53789,66.86543],[46.29685,66.83177],[46.01835,66.82475],[45.82678,66.88889],[45.616323,67.063431],[45.60275,67.14493],[45.26229,67.22075],[44.91894,67.32359],[44.93385,67.44261],[44.99042,67.49412],[45.17346,67.57136],[45.30771,67.57398],[45.355964,67.713432],[45.5571,67.751977],[45.848131,67.753874],[46.33328,67.82141],[46.69268,67.80836],[46.652676,67.910801],[46.523697,68.045891],[46.52459,68.12938],[46.30843,68.186638],[46.035037,68.329932],[45.804537,68.467915],[45.489453,68.522287],[45.27978,68.538782],[44.773379,68.552595],[44.08428,68.53075],[43.85185,68.57265],[43.74537,68.61408],[43.42975,68.66972],[43.28678,68.63842],[43.55286,68.52509],[44.04141,68.37342],[44.20118,68.30319],[44.231054,68.223596],[44.15063,67.99975],[44.26619,67.8707],[44.1184,67.87917],[44.1356,67.74454],[44.03587,67.60311],[43.90297,67.47673],[43.8078,67.34668],[43.777,67.19661],[43.90122,67.15354],[44.04688,67.16329],[44.17763,67.13091],[44.31903,67.05717],[44.51659,66.90833],[44.50178,66.83619],[44.37325,66.78383],[44.47541,66.67247],[44.39297,66.57553],[44.38362,66.4993],[44.249558,66.436164],[44.520753,66.361621],[44.589523,66.297577],[44.854938,66.230571],[44.989002,66.225047],[45.267541,66.178248],[45.515382,66.115301],[45.70329,66.083267],[45.848494,66.085428],[46.347105,66.038287],[46.558159,65.978016],[46.770449,65.935343],[47.144758,65.821305],[47.471346,65.843935],[47.738354,65.820969],[47.843529,65.855339],[47.749226,65.906458],[47.911042,66.032277],[48.029132,66.013281],[48.084647,66.129254],[48.999789,66.113264],[49.779813,66.321395],[51.545125,66.773977],[51.488714,66.834436],[51.545692,66.880407],[51.831827,66.945829],[51.843661,66.990722],[52.14922,67.099397],[53.874727,67.000361],[54.92893,67.000375],[55.887852,67.000388],[57.068064,67.000404],[57.705899,67.000413],[58.83629,67.000428],[59.9735,67.000443],[61.320787,67.000614],[61.454837,66.981705],[61.644406,67.003309],[61.729305,67.09571],[62.150142,67.19611],[62.753512,67.350323],[62.863958,67.369734],[62.916956,67.445954],[62.880358,67.52098],[62.943157,67.605156],[63.119175,67.647476],[63.144213,67.691409],[63.30384,67.71355],[63.425642,67.768995],[63.607106,67.732291],[63.799436,67.828345],[63.92128,67.844874],[63.947447,67.944923],[63.866319,68.032518],[64.300616,68.112395],[64.448513,68.199108],[64.581889,68.200339],[64.580261,68.357235],[64.815797,68.409971],[65.300372,68.394449],[65.472578,68.417891],[65.609221,68.489609],[65.658298,68.581045],[65.436069,68.646778],[65.353261,68.743744],[65.398303,68.778002],[65.22558,68.820371],[65.085294,68.810969],[64.809513,68.877657],[64.557261,68.867615],[64.624637,68.932736],[64.518135,68.978933],[64.538948,69.028795],[64.711538,69.079576],[64.735405,69.120174]]],[[[49.39593,68.66302],[49.45929,68.66328],[49.51603,68.66907],[49.60852,68.68758],[49.55064,68.69389],[49.56583,68.68207],[49.50914,68.66977],[49.39593,68.66302]]],[[[54.2596,68.80047],[54.37235,68.78537],[54.32046,68.81744],[54.2596,68.80047]]],[[[54.902744,68.93184],[54.978906,68.929642],[54.936485,68.93732],[54.902744,68.93184]]],[[[49.97575,68.92218],[49.9906,68.92174],[50.08521,68.94935],[49.97575,68.92218]]],[[[59.48667,69.02588],[59.4852,69.04445],[59.4404,69.03998],[59.45131,69.02575],[59.48667,69.02588]]],[[[50.171582,69.047397],[50.195451,69.053747],[50.213538,69.077591],[50.190414,69.082581],[50.197372,69.067184],[50.171582,69.047397]]],[[[49.069586,68.672424],[48.84928,68.71466],[49.1784,68.75601],[49.56947,68.83057],[49.73879,68.8764],[49.88257,68.98049],[49.84211,69.01394],[50.05231,69.12778],[50.16483,69.12293],[50.24802,69.1938],[50.05344,69.28447],[49.73241,69.36678],[49.33455,69.49053],[48.981262,69.496814],[48.74279,69.45983],[48.41332,69.32227],[48.331418,69.259389],[48.25503,69.13817],[48.20995,68.92006],[48.2423,68.78689],[48.4415,68.71566],[49.069586,68.672424]]],[[[64.829245,69.155683],[64.79424,69.15909],[64.760528,69.126732],[64.829245,69.155683]]],[[[65.083685,69.260027],[64.938761,69.255769],[64.896678,69.177919],[65.025041,69.193918],[65.083685,69.260027]]],[[[59.26652,69.18584],[59.2859,69.22318],[59.13695,69.28339],[58.99413,69.28535],[59.18526,69.23241],[59.26652,69.18584]]],[[[61.20344,69.86022],[61.2164,69.83597],[61.26566,69.84093],[61.20344,69.86022]]],[[[58.56821,69.46281],[58.55232,69.47957],[58.50101,69.46494],[58.56821,69.46281]]],[[[59.47718,69.83231],[59.41463,69.82984],[59.36172,69.82059],[59.44577,69.82354],[59.47718,69.83231]]],[[[59.47718,69.83231],[59.63864,69.83125],[59.69227,69.78108],[59.6416,69.71304],[59.84679,69.67658],[60.00798,69.7156],[60.197239,69.668764],[60.4309,69.71541],[60.5456,69.82101],[60.33933,69.95298],[60.05503,70.06427],[59.89342,70.09894],[59.79052,70.15455],[59.586295,70.204451],[59.38732,70.33965],[59.090655,70.431841],[58.88081,70.42245],[58.63725,70.31349],[58.74774,70.23972],[58.42263,70.25831],[58.42207,70.20642],[58.79787,69.96554],[58.97803,69.92285],[59.06608,69.85728],[59.26272,69.88505],[59.4242,69.88074],[59.47718,69.83231]]]]}},{"type":"Feature","properties":{"id":"r8","name":"Магаданская область","sourceName":"Магаданская область","disputed":false},"geometry":{"type":"MultiPolygon","coordinates":[[[[150.40425,59.57483],[150.421901,59.598095],[150.37175,59.583784],[150.40425,59.57483]]],[[[150.46875,59.001261],[150.604419,59.004724],[150.715026,59.069453],[150.685698,59.1099],[150.530175,59.060686],[150.46875,59.001261]]],[[[148.98351,59.112997],[149.0169,59.119986],[148.985127,59.157084],[148.958729,59.122108],[148.98351,59.112997]]],[[[155.516367,59.205489],[155.530642,59.195994],[155.538412,59.213254],[155.516367,59.205489]]],[[[149.068838,59.317325],[149.083535,59.303778],[149.097306,59.307909],[149.068838,59.317325]]],[[[155.514073,59.323575],[155.594053,59.322179],[155.590208,59.331353],[155.548333,59.330603],[155.514073,59.323575]]],[[[149.059943,59.161935],[149.129597,59.191663],[149.109795,59.210419],[149.034558,59.187809],[149.059943,59.161935]]],[[[158.543444,66.335235],[158.448307,66.272865],[158.432257,66.20337],[158.500697,66.093502],[158.283133,66.101296],[158.188291,66.142603],[158.04098,66.117201],[157.744936,66.099459],[157.621411,66.022685],[157.444713,66.000241],[157.449326,65.912874],[157.213991,65.895921],[156.961833,65.956736],[157.00252,66.012557],[156.766567,66.122456],[156.644273,66.148031],[156.42702,66.038272],[156.346148,66.061141],[155.948471,66.067757],[155.747972,66.161196],[155.659016,66.121953],[155.560239,66.142208],[155.372376,66.129588],[155.26268,66.181404],[154.887025,66.150144],[154.663521,66.18126],[154.585952,66.217985],[154.394493,66.182848],[154.364956,66.103399],[154.228944,66.047978],[154.374991,66.029176],[154.415657,65.950151],[154.266841,65.806328],[154.159725,65.769547],[154.099285,65.839377],[153.956673,65.873049],[153.68031,65.842535],[153.532184,65.810303],[153.483706,65.747972],[153.577082,65.689843],[153.442342,65.48533],[153.585837,65.398429],[153.500533,65.345736],[153.190035,65.295752],[153.18347,65.27024],[152.797821,65.206831],[152.66147,65.168483],[152.630224,65.060508],[152.519314,64.976629],[152.518397,64.91846],[152.585915,64.811292],[152.65378,64.808854],[152.808007,64.743132],[152.847283,64.701393],[152.72706,64.623176],[152.358914,64.50825],[152.43551,64.467784],[152.4448,64.389408],[152.150417,64.351137],[152.071538,64.452285],[151.974573,64.489108],[151.496874,64.425812],[151.371697,64.366406],[151.167177,64.359236],[150.993956,64.332985],[150.63959,64.337741],[150.675331,64.267998],[150.65081,64.167535],[150.54882,64.166332],[150.432291,64.204656],[150.233632,64.213203],[150.209798,64.258904],[150.083688,64.292798],[150.016771,64.350929],[150.134722,64.430507],[150.127874,64.468331],[149.871263,64.56237],[149.580637,64.470464],[149.474748,64.404078],[149.339492,64.376755],[149.192364,64.41919],[149.041135,64.431475],[148.708723,64.402203],[148.555713,64.450364],[148.501199,64.50981],[148.327615,64.528079],[148.224911,64.44223],[148.04783,64.407899],[148.1235,64.295166],[148.314505,64.220696],[148.278921,64.166849],[148.159692,64.102504],[148.1109,64.016339],[148.01834,63.936136],[147.788405,63.953647],[147.670816,64.011346],[147.73276,64.115184],[147.643774,64.178001],[147.569347,64.146041],[147.401753,64.129572],[147.358948,64.055362],[147.21371,64.042064],[147.012052,64.133424],[146.685668,64.1527],[146.542709,64.189356],[146.368627,64.185881],[146.33349,64.0701],[146.230759,64.019683],[146.165684,63.927209],[145.998187,63.909952],[145.586,63.828036],[145.65335,63.768658],[145.675889,63.673529],[145.60117,63.644897],[145.4683,63.526303],[145.440458,63.378698],[145.393119,63.308217],[145.25786,63.242875],[145.24951,63.161006],[145.30296,63.087796],[145.409515,62.866673],[145.353052,62.746696],[145.45657,62.707403],[145.425613,62.642819],[145.43741,62.530871],[145.280202,62.524484],[145.137654,62.478539],[145.202017,62.298957],[144.876847,62.133395],[144.736525,62.095409],[144.73642,62.045483],[144.987821,62.051919],[145.05248,61.996843],[145.290614,62.00536],[145.450543,61.949333],[145.65273,61.993842],[145.753758,62.03661],[145.818152,62.001761],[145.965418,62.004494],[146.347697,61.841445],[146.427952,61.738466],[146.603855,61.615183],[146.580909,61.531723],[146.739752,61.468605],[146.68859,61.408637],[146.747149,61.38622],[146.698001,61.306826],[146.757482,61.209857],[146.757117,61.100403],[146.712682,61.040488],[146.705414,60.949364],[146.499321,60.941147],[146.52209,60.867943],[146.446264,60.755915],[146.444025,60.671125],[146.34966,60.659897],[146.085257,60.73658],[145.930939,60.619104],[145.792376,60.614177],[145.528851,60.494829],[145.53005,60.422181],[145.637327,60.414645],[145.659894,60.361861],[145.57439,60.335558],[145.636964,60.264846],[145.857411,60.170272],[145.978902,60.202491],[146.21731,60.208566],[146.372387,60.250587],[146.484631,60.192764],[146.500442,60.12335],[146.689112,60.087294],[146.70214,59.971554],[146.80077,59.905055],[146.942227,59.951859],[147.03927,59.947898],[147.11826,59.886198],[147.21618,59.73206],[147.12605,59.696004],[147.168798,59.646334],[147.148458,59.504515],[147.108655,59.408506],[146.94151,59.368693],[147.019948,59.370693],[147.17496,59.319052],[147.25094,59.335299],[147.397466,59.292142],[147.480401,59.245801],[147.633733,59.307373],[147.78866,59.260638],[147.844707,59.292335],[147.79018,59.347443],[147.897533,59.387941],[148.202337,59.409201],[148.396142,59.379121],[148.439997,59.291409],[148.417729,59.252959],[148.578151,59.239698],[148.709408,59.267537],[148.865153,59.27432],[148.984452,59.37752],[148.89616,59.391121],[148.797471,59.356679],[148.717705,59.380537],[148.7247,59.463897],[148.862731,59.495281],[148.931771,59.452423],[149.161109,59.484672],[149.106845,59.631484],[149.341572,59.720822],[149.498096,59.753271],[149.665625,59.754202],[149.990169,59.700221],[150.13555,59.659749],[150.329138,59.643607],[150.458648,59.616481],[150.517433,59.559487],[150.602476,59.540423],[150.76856,59.563798],[150.744944,59.436121],[150.910807,59.445139],[150.943997,59.521569],[151.058923,59.582076],[151.283663,59.559616],[151.448893,59.55747],[151.517511,59.506289],[151.665498,59.45669],[151.694454,59.396831],[151.770517,59.354568],[151.737714,59.299734],[151.898636,59.306825],[152.015974,59.26502],[152.135524,59.301957],[152.324506,59.223475],[152.197584,59.195623],[152.120364,59.152379],[151.736964,59.130787],[151.462741,59.16546],[151.381114,59.125685],[151.138233,59.081852],[151.232074,59.00278],[151.254783,58.946255],[151.361756,58.858053],[151.552413,58.865706],[151.680191,58.845572],[151.82983,58.875299],[151.97907,58.876949],[152.122255,58.903085],[152.14375,58.974132],[152.408594,59.023988],[152.548048,58.951346],[152.735143,58.906817],[152.903514,58.936743],[153.0202,59.06795],[153.240069,59.09294],[153.3385,59.087346],[153.381785,59.217408],[153.498772,59.233358],[153.842278,59.167472],[153.944246,59.068738],[154.054987,59.048943],[154.162805,59.093328],[154.306998,59.091444],[154.359747,59.148497],[154.331264,59.191283],[154.53246,59.216585],[154.701985,59.141647],[154.79272,59.180874],[154.912249,59.195426],[155.030128,59.172005],[155.18237,59.174145],[155.159303,59.274893],[155.210009,59.347138],[155.083112,59.395054],[155.012719,59.477698],[154.793095,59.463744],[154.646021,59.542089],[154.574114,59.513537],[154.45303,59.520442],[154.29368,59.437391],[154.164876,59.447178],[154.073238,59.513615],[154.18479,59.571009],[154.256975,59.687051],[154.217261,59.764466],[154.241399,59.888373],[154.482931,59.890996],[154.512982,60.030918],[154.669731,60.182094],[154.769002,60.231486],[154.951221,60.361526],[155.147951,60.414043],[155.241954,60.48622],[155.353899,60.527555],[155.484276,60.534152],[155.488147,60.581186],[155.574155,60.625512],[155.708362,60.653714],[155.807562,60.726689],[155.922498,60.748813],[155.918059,60.858244],[156.11291,61.018164],[156.258016,61.074454],[156.38085,61.150996],[156.575154,61.211713],[156.662202,61.21158],[156.62282,61.371826],[156.681034,61.524955],[156.826482,61.519478],[156.943522,61.560148],[157.030349,61.645997],[157.251509,61.693274],[157.335809,61.688822],[157.433359,61.773139],[157.559438,61.791792],[157.816019,61.78209],[158.038644,61.729843],[158.171325,61.770366],[158.25,61.822117],[158.381954,61.824564],[158.510109,61.79502],[158.549579,61.8311],[158.850834,61.864121],[158.983527,61.914601],[159.155571,61.921549],[159.347911,61.892416],[159.349869,61.826405],[159.410501,61.788372],[159.53917,61.791509],[159.515162,61.713312],[159.57116,61.65143],[159.70424,61.707098],[159.875564,61.704447],[159.969992,61.759462],[160.025463,61.836329],[160.29722,61.939453],[160.393322,61.879151],[160.410913,61.760754],[160.258273,61.692256],[160.322113,61.666963],[160.20323,61.509926],[160.111973,61.489206],[160.107891,61.442158],[159.858888,61.258831],[159.970325,61.176838],[160.001731,61.114429],[159.927899,61.022325],[159.840279,60.969419],[159.865638,60.924222],[160.087322,61.011667],[160.209041,61.037756],[160.281136,61.019946],[160.428963,61.034602],[160.350378,60.918187],[160.268484,60.90107],[160.251326,60.73796],[160.164364,60.667601],[160.137071,60.588759],[160.212826,60.58323],[160.404053,60.704202],[160.65783,60.749675],[160.82898,60.752185],[160.910054,60.897332],[161.17611,60.98934],[161.56526,61.184481],[161.594767,61.245284],[161.78367,61.300347],[161.799937,61.362701],[161.98486,61.372947],[162.055283,61.435428],[162.22816,61.517528],[162.328782,61.587888],[162.386918,61.662994],[162.465934,61.664844],[162.432536,61.808665],[162.298341,61.944227],[162.49143,61.954996],[162.53803,62.019703],[162.524472,62.083215],[162.289735,62.103804],[162.174844,62.167318],[162.306035,62.182111],[162.397505,62.238953],[162.690402,62.252861],[162.786235,62.311785],[162.781384,62.450964],[162.68119,62.571277],[162.827429,62.66117],[162.759282,62.70596],[162.662757,62.689991],[162.58707,62.739939],[162.564559,62.830213],[162.279558,62.903328],[162.25655,62.934577],[162.304371,63.06453],[162.597219,63.12345],[162.579563,63.1546],[162.781144,63.194177],[162.735715,63.265603],[162.784129,63.306274],[162.65821,63.38458],[162.876593,63.415096],[162.971038,63.480369],[162.945844,63.513503],[162.996049,63.624408],[162.860147,63.672424],[162.856778,63.722917],[162.725636,63.752084],[162.723658,63.819938],[162.8435,63.849299],[162.95421,63.922905],[162.932787,63.966553],[162.823483,64.008662],[162.867396,64.162682],[162.990678,64.185611],[163.179747,64.157311],[163.272763,64.301284],[163.353246,64.29694],[163.414452,64.445768],[163.235095,64.512329],[163.17736,64.619065],[163.264824,64.693339],[163.071021,64.662974],[162.75248,64.662186],[162.650107,64.74098],[162.422304,64.762094],[162.318979,64.743661],[161.798907,64.84045],[161.718085,65.003001],[161.4732,65.064245],[161.406157,65.118955],[161.037076,65.177931],[160.868287,65.143344],[160.64299,65.152034],[160.501978,65.178038],[160.41596,65.27596],[160.19515,65.377452],[160.240945,65.432953],[160.092682,65.502233],[159.805562,65.53643],[159.728953,65.575282],[159.450557,65.638717],[158.951841,65.72723],[158.900411,65.81742],[158.93302,65.892842],[159.02818,65.987788],[159.16506,66.069056],[159.260315,66.1641],[159.215522,66.216233],[158.90159,66.265099],[158.783008,66.265943],[158.7231,66.315994],[158.543444,66.335235]]]]}},{"type":"Feature","properties":{"id":"r9","name":"Камчатский край","sourceName":"Камчатский край","disputed":false},"geometry":{"type":"MultiPolygon","coordinates":[[[[163.502542,58.469103],[163.507991,58.501936],[163.623687,58.588732],[163.677088,58.589805],[163.870174,58.699032],[163.9443,58.703629],[164.139152,58.800427],[164.267501,58.806979],[164.48638,58.86729],[164.623291,58.865331],[164.698971,58.913393],[164.685956,58.969849],[164.730031,59.047988],[164.640477,59.129375],[164.585664,59.218241],[164.395105,59.176109],[164.355936,59.131535],[164.107344,59.059121],[163.886931,59.021196],[163.920527,58.994604],[163.773119,58.885397],[163.772393,58.822163],[163.572124,58.578698],[163.435662,58.561108],[163.441053,58.489363],[163.502542,58.469103]]],[[[168.070494,54.526167],[167.88063,54.645123],[167.760026,54.697385],[167.68031,54.783214],[167.458359,54.81469],[167.56033,54.750578],[167.690541,54.696899],[167.75281,54.649635],[167.837097,54.63539],[167.96809,54.553837],[168.070494,54.526167]]],[[[166.59527,54.716653],[166.671133,54.769809],[166.643356,54.865991],[166.593291,54.914046],[166.444742,54.962521],[166.351367,55.091663],[166.294762,55.115842],[166.24132,55.20092],[166.266628,55.285693],[165.966107,55.36553],[165.922451,55.325146],[165.75371,55.285838],[165.978433,55.227131],[166.083546,55.121233],[166.072063,55.076256],[166.155347,55.015305],[166.176039,54.960806],[166.368152,54.837385],[166.486405,54.788607],[166.59527,54.716653]]],[[[162.465934,61.664844],[162.616996,61.661051],[162.821518,61.71552],[162.930091,61.668703],[162.858363,61.619738],[162.959303,61.580972],[163.03855,61.516486],[163.130237,61.622446],[163.324523,61.658488],[163.286416,61.724552],[162.98724,61.787539],[163.059787,61.931386],[163.13516,62.031208],[163.083447,62.220768],[163.25373,62.319486],[163.229717,62.386354],[163.250136,62.513531],[163.59082,62.579044],[163.848785,62.607755],[163.928996,62.585367],[164.004757,62.64272],[164.299414,62.665224],[164.37836,62.694248],[164.615204,62.68026],[164.719732,62.57409],[164.902294,62.543383],[165.091595,62.486724],[165.081436,62.411393],[164.943549,62.407184],[164.734633,62.457723],[164.527223,62.438244],[164.439473,62.362707],[164.23074,62.30952],[164.156419,62.274039],[164.076202,62.096228],[164.11089,62.020725],[164.054094,61.692082],[163.870535,61.651032],[163.852695,61.587939],[163.750901,61.468828],[163.957185,61.426423],[164.028532,61.356457],[163.940185,61.226577],[163.621979,61.11726],[163.53376,61.000403],[163.762959,60.920555],[163.695136,60.85645],[163.612866,60.866246],[163.406079,60.813665],[163.245347,60.792081],[163.12717,60.753372],[163.009648,60.775996],[162.897179,60.734989],[162.786798,60.644899],[162.643972,60.594589],[162.514912,60.607612],[162.380618,60.536049],[162.206684,60.528169],[162.167134,60.487264],[161.94371,60.420334],[161.90676,60.319745],[161.94528,60.234394],[161.831486,60.153909],[161.557542,60.045804],[161.492786,60.042433],[161.398193,59.952016],[161.328112,59.920758],[161.265415,59.846326],[161.036432,59.733333],[160.84616,59.606616],[160.489811,59.549208],[160.396683,59.388208],[160.314175,59.343759],[160.196912,59.329531],[160.164196,59.288362],[159.969079,59.173755],[159.856902,59.124376],[159.829457,59.070291],[159.71842,58.978041],[159.760929,58.938636],[159.735736,58.87172],[159.634241,58.835143],[159.58121,58.76398],[159.330874,58.603864],[159.225147,58.560066],[159.147802,58.476845],[159.022991,58.401828],[158.664995,58.261055],[158.261249,58.042072],[158.08924,57.991038],[157.877547,57.977697],[157.689778,58.012512],[157.575683,57.933839],[157.587954,57.897109],[157.52543,57.821125],[157.306803,57.766033],[157.124433,57.781005],[157.010642,57.85404],[156.867606,57.795381],[156.808461,57.726767],[156.86508,57.708273],[156.968433,57.583987],[157.003346,57.451385],[156.902065,57.291223],[156.732503,57.110286],[156.653478,57.06478],[156.557525,57.101235],[156.512347,56.990495],[156.426033,56.927378],[156.222922,56.855403],[156.187337,56.793768],[156.083812,56.786395],[155.959314,56.632953],[155.77726,56.210372],[155.651971,55.966687],[155.633595,55.709366],[155.556384,55.367203],[155.557861,55.194755],[155.589449,55.018849],[155.672603,54.666293],[155.728813,54.456215],[155.88636,54.025642],[155.977471,53.701291],[156.026567,53.452547],[156.065631,53.318711],[156.129624,52.912779],[156.197775,52.733723],[156.345508,52.466484],[156.414806,52.315013],[156.471586,52.107362],[156.499827,51.775261],[156.490296,51.49566],[156.52547,51.420574],[156.552957,51.278124],[156.649421,51.253828],[156.712246,51.201887],[156.702273,51.103008],[156.753769,51.086322],[156.781061,50.936893],[156.875364,51.021697],[156.938582,51.044104],[157.090658,51.152545],[157.234396,51.20914],[157.343934,51.329023],[157.44064,51.348419],[157.49667,51.44321],[157.564335,51.502234],[157.712702,51.555981],[157.744205,51.546584],[157.9103,51.63102],[158.03786,51.790632],[158.272326,51.960163],[158.33895,52.139927],[158.413519,52.169661],[158.387431,52.218213],[158.52639,52.273431],[158.57194,52.37994],[158.481553,52.44671],[158.526395,52.527352],[158.41177,52.601142],[158.550993,52.628142],[158.602402,52.693404],[158.486551,52.73754],[158.496597,52.781523],[158.644815,52.845215],[158.611975,52.921461],[158.531753,52.891709],[158.420378,52.920681],[158.421675,53.014202],[158.566901,53.062729],[158.641038,53.020703],[158.6458,52.957948],[158.734011,52.89464],[158.903394,53.023639],[159.079881,53.105378],[159.214187,53.146971],[159.42067,53.1714],[159.47973,53.22946],[159.616745,53.256755],[160.02093,53.096415],[160.05907,53.141558],[160.04647,53.201621],[159.904394,53.252743],[159.974941,53.321104],[159.896451,53.342727],[159.83788,53.433844],[159.881243,53.487332],[159.956095,53.501871],[159.955583,53.574632],[159.846686,53.703798],[159.842918,53.796048],[159.899612,53.948057],[159.9912,54.111027],[160.131449,54.226089],[160.247816,54.264773],[160.426251,54.388316],[160.637495,54.490409],[160.91924,54.575053],[161.143209,54.588342],[161.274682,54.479239],[161.568869,54.467165],[161.707776,54.496096],[161.836385,54.59979],[161.947033,54.646856],[161.999755,54.695935],[162.138235,54.754031],[162.10484,54.801016],[162.137648,54.863721],[161.929977,55.053398],[161.883484,55.064758],[161.777606,55.23427],[161.739899,55.461349],[161.773233,55.608425],[161.925879,55.801129],[161.929027,55.839996],[162.020821,55.937686],[162.106031,56.101632],[162.273366,56.166028],[162.561946,56.227132],[162.630123,56.225127],[162.817815,56.061454],[162.911492,56.02235],[163.046815,56.009712],[163.18059,56.134951],[163.361531,56.183326],[163.333284,56.27873],[163.355769,56.31258],[163.27565,56.459516],[163.237328,56.602648],[163.244493,56.733355],[163.076823,56.741252],[162.975291,56.696747],[162.891781,56.700099],[162.777985,56.774572],[162.810955,56.933176],[162.852234,57.029931],[162.7751,57.196588],[162.781006,57.345741],[162.918371,57.437846],[163.095982,57.483291],[163.147184,57.570603],[163.241627,57.6183],[163.228176,57.664202],[163.30327,57.718745],[163.212689,57.81864],[163.047032,57.820677],[162.798722,57.918401],[162.58905,57.937769],[162.507588,57.886899],[162.460914,57.781611],[162.279426,57.797693],[162.092852,57.874746],[161.997993,58.014279],[162,58.133438],[162.131614,58.368889],[162.27223,58.525405],[162.415988,58.660775],[162.550288,58.749953],[162.796516,58.837356],[162.81372,58.877847],[163.014588,58.94484],[163.07262,58.992313],[162.993871,59.020047],[162.906862,59.107767],[163.033706,59.139705],[163.25056,59.083416],[163.229476,59.140218],[163.08661,59.182737],[163.107335,59.267906],[163.327896,59.287694],[163.317737,59.422469],[163.21242,59.476363],[163.222223,59.567372],[163.362828,59.59122],[163.4232,59.644179],[163.369127,59.732084],[163.42718,59.83441],[163.521321,59.890276],[163.690716,59.879555],[163.763437,59.951849],[163.639877,59.992908],[163.701762,60.030386],[163.866682,60.038814],[164.12874,59.98824],[164.338675,59.990849],[164.34086,60.086111],[164.488842,60.100263],[164.710116,59.998569],[164.779294,59.929863],[164.793145,59.834429],[165.038309,59.846861],[165.133103,59.903272],[165.14289,60.057264],[165.365743,60.156633],[165.758475,60.262094],[165.831408,60.314887],[166.017169,60.365802],[166.05431,60.411834],[166.272498,60.473525],[166.38631,60.425172],[166.28961,60.32326],[166.313364,60.195061],[166.208071,60.127473],[166.092565,59.80527],[166.285723,59.809629],[166.421551,59.926738],[166.586155,60.00472],[166.741983,60.100535],[166.798927,60.167093],[166.987247,60.299686],[167.128729,60.357524],[167.23029,60.338964],[167.462087,60.406173],[167.98218,60.523698],[168.044241,60.548868],[168.320017,60.590149],[168.556011,60.594417],[168.640812,60.552294],[168.741411,60.563376],[169.06254,60.558565],[169.41249,60.514553],[169.52094,60.458598],[169.737939,60.39544],[169.781979,60.268655],[169.875282,60.231944],[169.884863,60.167189],[169.967083,60.067532],[170.159625,60.006451],[170.126313,59.971173],[170.286066,59.925812],[170.422447,59.96973],[170.485664,60.205429],[170.526557,60.257786],[170.67807,60.298928],[170.644383,60.409646],[170.787641,60.417884],[170.882084,60.489395],[171.07618,60.544185],[171.212385,60.557984],[171.34809,60.61118],[171.510528,60.710839],[171.629718,60.717242],[171.655604,60.80847],[171.781209,60.846949],[171.883232,60.819064],[172.043153,60.838262],[172.27685,61.005144],[172.406159,61.008977],[172.483466,61.050119],[172.405359,61.110069],[172.339288,61.204655],[172.441078,61.209241],[172.50678,61.174234],[172.650527,61.166544],[172.706759,61.226629],[172.841519,61.270677],[172.969942,61.283973],[172.939986,61.341479],[172.739892,61.398699],[172.897832,61.463641],[173.07056,61.382295],[173.170604,61.393789],[173.31099,61.455212],[173.304711,61.511374],[173.509505,61.559212],[173.475053,61.638683],[173.49299,61.707727],[173.637497,61.739068],[173.817034,61.671492],[173.989888,61.698549],[174.035492,61.744674],[174.267157,61.805424],[174.475429,61.808114],[174.51887,61.870161],[174.462568,61.933237],[174.451898,62.023903],[174.341654,62.040955],[174.30487,62.093357],[174.192821,62.072767],[174.120364,62.122197],[174.137134,62.203946],[174.058785,62.266418],[174.151094,62.33786],[174.158895,62.42429],[174.082054,62.467087],[173.955109,62.437163],[173.84286,62.507995],[173.67219,62.546819],[173.612841,62.499333],[173.500988,62.523735],[173.4301,62.484078],[173.16152,62.447456],[173.070009,62.383073],[172.920784,62.397648],[172.854532,62.347644],[172.767013,62.350416],[172.756171,62.412584],[172.452212,62.438965],[172.406617,62.403206],[172.268631,62.37978],[172.20788,62.464736],[171.995413,62.454633],[171.895871,62.360447],[171.676266,62.354163],[171.471852,62.303962],[171.346724,62.347617],[171.148135,62.335212],[171.05716,62.277264],[170.8817,62.280754],[170.83724,62.250558],[170.544238,62.303805],[170.235389,62.292237],[170.08217,62.4359],[170.11876,62.49084],[169.99005,62.539206],[170.042353,62.573314],[170.048049,62.674604],[169.85202,62.656463],[169.679408,62.704598],[169.58508,62.788218],[169.36773,62.866284],[169.109186,62.980079],[168.922245,62.943581],[168.671594,63.026717],[168.578645,63.032889],[168.46637,63.083485],[168.627151,63.160955],[168.744975,63.180026],[168.831871,63.266134],[168.827449,63.304941],[169.094153,63.414],[169.15488,63.473665],[169.331603,63.538088],[169.47952,63.565419],[169.641674,63.654413],[169.568073,63.698947],[169.571695,63.807671],[169.386581,63.862377],[169.387495,63.940075],[169.102014,63.940831],[168.99219,63.990697],[168.876823,63.984723],[168.882987,64.06051],[168.808886,64.110033],[168.800179,64.183616],[168.652026,64.193683],[168.5625,64.288961],[168.480252,64.317216],[168.361042,64.298165],[168.246553,64.331137],[168.182753,64.27669],[168.038053,64.265495],[167.786889,64.333],[167.69068,64.318488],[167.58747,64.428691],[167.383833,64.479166],[167.247613,64.603106],[167.136568,64.622144],[166.999067,64.538417],[166.729994,64.549762],[166.635199,64.521465],[166.407941,64.590268],[166.134676,64.606856],[166.040728,64.549084],[165.845867,64.548706],[165.901555,64.608768],[165.721248,64.671251],[165.685052,64.750314],[165.40296,64.743801],[165.286615,64.827598],[165.137212,64.854638],[165.024031,64.838332],[165.012585,64.675938],[164.864242,64.681064],[164.797048,64.767849],[164.516425,64.825019],[164.475409,64.872934],[164.270007,64.926992],[163.907742,64.848028],[163.60947,64.922849],[163.266608,64.79718],[163.125913,64.793097],[163.264824,64.693339],[163.17736,64.619065],[163.235095,64.512329],[163.414452,64.445768],[163.353246,64.29694],[163.272763,64.301284],[163.179747,64.157311],[162.990678,64.185611],[162.867396,64.162682],[162.823483,64.008662],[162.932787,63.966553],[162.95421,63.922905],[162.8435,63.849299],[162.723658,63.819938],[162.725636,63.752084],[162.856778,63.722917],[162.860147,63.672424],[162.996049,63.624408],[162.945844,63.513503],[162.971038,63.480369],[162.876593,63.415096],[162.65821,63.38458],[162.784129,63.306274],[162.735715,63.265603],[162.781144,63.194177],[162.579563,63.1546],[162.597219,63.12345],[162.304371,63.06453],[162.25655,62.934577],[162.279558,62.903328],[162.564559,62.830213],[162.58707,62.739939],[162.662757,62.689991],[162.759282,62.70596],[162.827429,62.66117],[162.68119,62.571277],[162.781384,62.450964],[162.786235,62.311785],[162.690402,62.252861],[162.397505,62.238953],[162.306035,62.182111],[162.174844,62.167318],[162.289735,62.103804],[162.524472,62.083215],[162.53803,62.019703],[162.49143,61.954996],[162.298341,61.944227],[162.432536,61.808665],[162.465934,61.664844]]],[[[162.781913,60.803015],[162.780111,60.825255],[162.764982,60.79787],[162.781913,60.803015]]],[[[163.270908,60.852175],[163.30022,60.863298],[163.288203,60.872103],[163.270908,60.852175]]],[[[172.459268,61.103612],[172.488948,61.099449],[172.48754,61.114564],[172.459268,61.103612]]],[[[162.985726,61.455059],[163.011131,61.450826],[163.016971,61.468315],[162.985726,61.455059]]],[[[162.527145,61.565896],[162.59029,61.561522],[162.580594,61.589508],[162.527145,61.565896]]],[[[163.459465,62.340469],[163.48758,62.339626],[163.486824,62.354587],[163.459465,62.340469]]]]}},{"type":"Feature","properties":{"id":"r10","name":"Приморский край","sourceName":"Приморский край","disputed":false},"geometry":{"type":"MultiPolygon","coordinates":[[[[132.468373,42.796184],[132.440564,42.832198],[132.458416,42.860013],[132.392155,42.859132],[132.468373,42.796184]]],[[[131.66264,42.88699],[131.63909,42.8629],[131.65096,42.85467],[131.66264,42.88699]]],[[[130.90735,42.45884],[130.93498,42.4666],[130.93386,42.47534],[130.91124,42.47264],[130.90735,42.45884]]],[[[131.44271,42.65939],[131.46628,42.64887],[131.46734,42.67554],[131.44271,42.65939]]],[[[131.44271,42.65939],[131.42507,42.67978],[131.4259,42.66539],[131.44271,42.65939]]],[[[132.340657,42.728506],[132.361599,42.767458],[132.308728,42.758762],[132.340657,42.728506]]],[[[131.49949,42.7313],[131.52148,42.71568],[131.51703,42.72603],[131.49949,42.7313]]],[[[131.43522,42.83252],[131.44505,42.82538],[131.46067,42.83249],[131.43522,42.83252]]],[[[131.43977,42.80163],[131.45465,42.80362],[131.4505,42.8132],[131.43977,42.80163]]],[[[134.005313,46.655228],[133.912105,46.596411],[133.844679,46.481337],[133.926432,46.419774],[133.869668,46.361521],[133.909717,46.263715],[133.850471,46.209599],[133.680792,46.137926],[133.734603,46.054317],[133.60721,45.902212],[133.50373,45.886872],[133.456318,45.828477],[133.446188,45.653857],[133.3814,45.5812],[133.1879,45.5009],[133.1112,45.3458],[133.0879,45.2412],[133.1255,45.1815],[133.1159,45.1265],[132.9696,45.0222],[132.798181,45.082794],[132.656653,45.117284],[132.03227,45.249297],[131.928508,45.279796],[131.8784,45.3399],[131.7777,45.2371],[131.6813,45.2196],[131.655,45.1743],[131.6803,45.1127],[131.475188,44.963653],[131.3486,44.9865],[131.2814,44.9276],[131.2176,44.9154],[131.1501,44.9464],[131.0872,44.889],[130.9788,44.8658],[131.1036,44.7061],[131.2122,44.3438],[131.3029,44.0586],[131.2529,44.0289],[131.2605,43.9333],[131.2103,43.8227],[131.2293,43.6655],[131.1944,43.5589],[131.2041,43.5193],[131.2962,43.4688],[131.3084,43.3994],[131.274,43.3703],[131.2398,43.2522],[131.2036,43.2376],[131.2048,43.134],[131.1162,43.0601],[131.1087,42.9134],[131.035,42.8679],[130.8286,42.8831],[130.7119,42.8309],[130.6709,42.8495],[130.4362,42.7519],[130.4566,42.6884],[130.521415,42.701434],[130.587829,42.66513],[130.627176,42.597576],[130.55327,42.518445],[130.670657,42.367929],[130.699718,42.292987],[130.80178,42.47608],[130.84959,42.48648],[130.84311,42.56102],[130.92324,42.59255],[130.98543,42.64757],[131.08508,42.64387],[131.17553,42.59574],[131.25195,42.69204],[131.25663,42.76843],[131.3875,42.84289],[131.40546,42.91027],[131.50783,42.9508],[131.48604,42.9908],[131.60537,43.0641],[131.68246,43.14623],[131.77773,43.17989],[131.75983,43.2922],[131.9041,43.31955],[132.054491,43.284965],[132.012248,43.242187],[131.920994,43.203549],[131.901349,43.145406],[131.79329,43.05582],[131.75252,42.98149],[131.842277,42.954724],[131.93476,42.997638],[131.89265,43.06258],[131.965106,43.077462],[132.082436,43.167164],[132.210194,43.220091],[132.25809,43.267984],[132.388894,43.187558],[132.317139,43.117678],[132.299801,43.065529],[132.29602,42.868317],[132.368809,42.86253],[132.406231,42.920131],[132.522275,42.902404],[132.570511,42.837737],[132.690503,42.85347],[132.7717,42.826155],[132.806844,42.758749],[132.873322,42.738971],[132.96053,42.838241],[133.052755,42.758869],[133.004083,42.707763],[133.149273,42.685053],[133.293377,42.773759],[133.3594,42.761277],[133.602818,42.832821],[133.646076,42.859],[133.74684,42.844402],[133.9585,42.908559],[134.050682,42.973402],[134.123638,42.993369],[134.18801,43.072169],[134.342335,43.111908],[134.472969,43.176912],[134.558062,43.236441],[134.623637,43.244069],[134.72629,43.308433],[134.77847,43.309183],[134.8389,43.383335],[135.023197,43.475348],[135.155953,43.52247],[135.181889,43.610491],[135.276794,43.685824],[135.370929,43.725583],[135.501237,43.846788],[135.46192,43.956535],[135.530232,44.008526],[135.631634,44.035611],[135.65187,44.178542],[135.717751,44.23876],[135.795289,44.266461],[135.83063,44.363879],[135.881101,44.412533],[135.989304,44.435114],[136.146601,44.495624],[136.183774,44.526633],[136.24014,44.677038],[136.319842,44.712506],[136.379945,44.805808],[136.44218,44.830183],[136.559614,44.920613],[136.633796,45.025603],[136.764804,45.092838],[136.801636,45.19866],[136.918869,45.25317],[137.039359,45.341782],[137.138798,45.375255],[137.199777,45.456153],[137.297281,45.521882],[137.359169,45.61437],[137.485003,45.671972],[137.687942,45.810815],[137.693119,45.855907],[137.770205,45.945381],[137.9289,46.073829],[138.109005,46.246613],[138.096365,46.289802],[138.165634,46.434088],[138.234113,46.493267],[138.341911,46.53869],[138.351735,46.694083],[138.409282,46.794064],[138.485178,46.859811],[138.501091,46.937126],[138.603591,47.074718],[138.70176,47.136209],[138.830309,47.268781],[138.984393,47.346942],[139.032543,47.396181],[138.862704,47.469589],[138.725347,47.440569],[138.53684,47.481983],[138.5976,47.521009],[138.6304,47.60423],[138.506695,47.67705],[138.737744,47.769878],[138.831636,47.868139],[138.748746,47.891795],[138.574884,48.047638],[138.636706,48.12218],[138.726952,48.154513],[138.703497,48.210105],[138.601987,48.180091],[138.52233,48.21394],[138.538843,48.26815],[138.462646,48.318773],[138.500415,48.380261],[138.396588,48.443937],[138.310583,48.464346],[138.236041,48.443342],[138.171966,48.385896],[138.17634,48.335274],[138.099146,48.327854],[137.928393,48.228069],[137.83457,48.209318],[137.678197,48.24828],[137.56734,48.238077],[137.451324,48.202961],[137.366841,48.152737],[137.322777,48.065076],[137.515768,47.976169],[137.61103,47.897851],[137.5119,47.874249],[137.413487,47.805803],[137.453039,47.784418],[137.595012,47.805015],[137.776607,47.720545],[137.87853,47.751656],[137.992177,47.722331],[138.054115,47.671263],[137.972363,47.616192],[138.055471,47.553966],[138.004259,47.463419],[137.917787,47.406988],[137.746703,47.330604],[137.717522,47.356281],[137.59321,47.313797],[137.46519,47.209447],[137.392805,47.201723],[137.247544,47.287408],[137.18618,47.261232],[137.081325,47.304003],[137.037267,47.284049],[136.998428,47.199509],[136.948004,47.166323],[136.926188,47.068695],[136.978112,47.024922],[136.894715,46.956691],[136.822763,46.95333],[136.794725,46.901476],[136.724632,46.858134],[136.553191,46.810001],[136.383611,46.81365],[136.33941,46.774742],[136.234199,46.775458],[136.14701,46.807],[136.054106,46.867438],[135.986826,46.796438],[135.836668,46.828593],[135.807087,46.884219],[135.70902,46.931164],[135.690852,46.966775],[135.58378,46.977145],[135.427752,46.926585],[135.360953,46.97988],[135.430889,47.04274],[135.294236,47.122724],[135.29866,47.160907],[135.195766,47.16975],[135.085318,47.2134],[135.009433,47.133498],[134.92173,47.130525],[134.840304,47.168467],[134.66213,47.124291],[134.566672,47.040818],[134.576479,46.992909],[134.452845,46.920243],[134.407427,46.860999],[134.4731,46.771852],[134.432745,46.697497],[134.38773,46.675392],[134.253648,46.675955],[134.208552,46.652323],[134.005313,46.655228]]]]}},{"type":"Feature","properties":{"id":"r11","name":"Ставропольский край","sourceName":"Ставропольский край","disputed":false},"geometry":{"type":"MultiPolygon","coordinates":[[[[41.160898,45.951688],[41.161177,45.879841],[41.233466,45.831393],[41.272136,45.758834],[41.169374,45.759651],[41.167237,45.674439],[40.847968,45.694229],[40.846043,45.51692],[40.923175,45.516862],[40.92249,45.447101],[40.980407,45.422455],[41.036139,45.225292],[41.353706,45.223072],[41.351444,45.09139],[41.40635,45.064124],[41.456479,44.988263],[41.654051,44.986251],[41.638753,44.864101],[41.559862,44.738386],[41.427077,44.708474],[41.494933,44.595691],[41.551966,44.618152],[41.589707,44.515929],[41.736821,44.473134],[41.933232,44.496139],[41.9218,44.40993],[42.029404,44.35275],[42.217269,44.347838],[42.341392,44.310887],[42.478497,44.324628],[42.553418,44.368318],[42.608568,44.31185],[42.44137,44.168431],[42.335165,44.132512],[42.303408,44.029137],[42.376245,43.972467],[42.480224,43.966421],[42.502637,44.026397],[42.584567,44.026377],[42.660201,43.937436],[42.646519,43.827188],[42.678289,43.809695],[42.854704,43.801896],[42.865714,43.867429],[42.970441,43.897344],[43.147711,43.895076],[43.147482,43.958934],[43.224112,43.958254],[43.317604,43.799546],[43.411715,43.858126],[43.47387,43.86562],[43.743437,43.821234],[43.770114,43.926558],[43.920306,44.018403],[43.9874,43.969701],[44.143736,43.970477],[44.14435,43.928323],[44.270705,43.917312],[44.291438,43.810387],[44.471309,43.801203],[44.666445,43.82658],[44.789621,43.817085],[44.80294,43.71941],[44.83243,43.681956],[44.883397,43.65829],[45.014124,43.726894],[45.063143,43.718963],[45.054674,43.958372],[45.201686,43.956407],[45.200171,43.876309],[45.437874,43.875638],[45.441289,44.009733],[45.487471,44.010095],[45.503624,44.175802],[45.123923,44.193187],[45.136672,44.253797],[45.37151,44.290144],[45.429086,44.428803],[45.358414,44.464655],[45.22674,44.467518],[45.26072,44.589344],[45.41233,44.594161],[45.521916,44.679398],[45.655536,44.803692],[45.613474,44.873985],[45.705116,44.977363],[45.715953,44.995841],[45.586328,45.12112],[45.19376,45.283866],[44.895113,45.387432],[44.837377,45.42828],[44.742814,45.434872],[44.598395,45.478292],[44.577006,45.505149],[44.451726,45.507077],[44.319047,45.551302],[44.181222,45.635409],[44.123003,45.705848],[44.088585,45.78642],[43.91811,45.944987],[43.723194,45.982617],[43.46974,45.988886],[43.359737,46.03311],[43.310364,46.08988],[43.001746,46.169322],[42.913775,46.236222],[42.862475,46.176396],[42.737359,46.09132],[42.667402,46.086494],[42.554668,46.006404],[42.319871,45.968447],[42.329676,46.135219],[42.170947,46.111897],[42.151814,45.941748],[42.083464,45.96571],[41.902802,45.967967],[41.71441,45.982428],[41.666927,45.974902],[41.394203,45.997123],[41.393082,45.952307],[41.160898,45.951688]]]]}},{"type":"Feature","properties":{"id":"r12","name":"Алтайский край","sourceName":"Алтайский край","disputed":false},"geometry":{"type":"MultiPolygon","coordinates":[[[[85.116875,54.437789],[84.843176,54.339579],[84.766618,54.336555],[84.596876,54.254923],[84.550122,54.162061],[84.458232,54.14608],[84.398087,54.177609],[84.268512,54.163788],[84.221649,54.191214],[83.955589,54.106126],[83.883979,54.121393],[83.729611,54.101301],[83.55414,54.109229],[83.475946,54.063209],[83.488263,53.978316],[83.349197,53.934281],[83.306101,54.064866],[83.198057,54.065828],[83.102283,53.998919],[82.71492,53.776833],[82.759724,53.749143],[82.620109,53.670102],[82.666972,53.642676],[82.502413,53.547223],[82.505437,53.498416],[82.33321,53.528649],[82.322196,53.562554],[82.113686,53.657358],[81.961435,53.708755],[81.85108,53.712425],[81.716213,53.771597],[81.7209,53.841738],[81.835744,53.869857],[81.831192,53.964117],[81.750331,53.946522],[81.696665,53.979347],[81.542904,53.933131],[81.475738,54.077605],[81.364736,54.059896],[81.126424,54.114532],[81.088846,54.194219],[81.015419,54.254471],[80.951709,54.375622],[80.813605,54.343228],[80.798921,54.256197],[80.530918,54.168949],[80.465052,54.115392],[80.219425,54.030943],[80.193917,54.078245],[80.050953,54.044987],[80.090906,53.990135],[79.877019,53.91411],[79.893523,53.844579],[79.758333,53.835076],[79.62066,53.791992],[79.638802,53.742106],[79.421441,53.679585],[79.386509,53.71565],[79.257392,53.677587],[79.123581,53.674832],[79.040491,53.649997],[78.941852,53.675047],[78.707801,53.631578],[78.65112,53.582292],[78.645884,53.512538],[78.422961,53.513292],[78.333933,53.478955],[78.235887,53.53575],[78.23162,53.617058],[78.156898,53.6217],[78.107891,53.576234],[77.915788,53.571123],[77.962778,53.487273],[77.922449,53.448716],[77.9559,53.383931],[77.888953,53.367194],[77.907228,53.290941],[78.1159,53.0667],[78.2821,52.9158],[78.8147,52.3174],[79.179853,51.931089],[79.5309,51.4558],[80.069,50.7426],[80.09,50.8253],[80.1882,50.8226],[80.1926,50.8963],[80.3798,50.928],[80.4832,50.9726],[80.4846,51.1004],[80.433,51.1208],[80.4691,51.2055],[80.6366,51.2052],[80.6332,51.2672],[80.6787,51.3177],[80.8983,51.2651],[80.9241,51.2209],[81.1789,51.1598],[81.1015,51.0583],[81.0657,50.9449],[81.2037,50.9448],[81.2906,50.9716],[81.4173,50.9719],[81.4264,50.8741],[81.4855,50.8207],[81.4565,50.7535],[81.6704,50.7508],[81.8952,50.7977],[82.0182,50.7796],[82.1687,50.7315],[82.2338,50.7308],[82.3598,50.7779],[82.4932,50.7358],[82.5699,50.7429],[82.6839,50.8007],[82.7738,50.9261],[82.9825,50.8842],[82.9951,50.9126],[83.1982,50.9963],[83.3029,51.0123],[83.4479,50.9777],[83.5199,50.9402],[83.6485,50.9482],[83.7062,50.8893],[83.8264,50.8749],[83.9717,50.7902],[83.953576,50.723465],[84.073109,50.634915],[84.127971,50.659636],[84.354764,50.693788],[84.473729,50.687078],[84.511298,50.765456],[84.572262,50.814645],[84.539808,50.847646],[84.438297,50.859238],[84.490696,50.948059],[84.34091,50.980694],[84.222168,50.987377],[84.101388,51.042257],[83.978526,51.069498],[83.948102,51.144497],[84.042041,51.15374],[84.120656,51.071237],[84.197805,51.222876],[84.256471,51.282613],[84.386597,51.265799],[84.457012,51.316085],[84.57719,51.343604],[84.716156,51.426799],[84.851356,51.442713],[84.995946,51.514356],[85.112573,51.528716],[85.166854,51.486525],[85.244031,51.499162],[85.325933,51.5613],[85.444258,51.563389],[85.502949,51.701243],[85.582319,51.697222],[85.626286,51.747246],[85.702837,51.732469],[85.771946,51.827244],[85.749909,51.867242],[85.853561,51.891053],[85.81753,51.971154],[85.889903,52.026922],[85.918843,52.105662],[86.232449,52.040291],[86.395733,52.033191],[86.491708,52.128748],[86.648831,52.105669],[86.726358,52.138991],[86.72418,52.199242],[86.781098,52.294582],[86.693579,52.294799],[86.642823,52.377093],[86.679427,52.43683],[86.646113,52.49556],[86.788456,52.52445],[86.77279,52.596092],[86.937875,52.655672],[87.052753,52.660268],[87.1327,52.617593],[87.16865,52.696089],[87.053243,52.704893],[86.946332,52.789268],[86.912424,52.846971],[87.007914,52.899184],[87.019462,52.97432],[87.063437,53.025748],[87.001462,53.062706],[86.874548,53.083015],[86.840509,53.116922],[86.64421,53.180464],[86.691453,53.237471],[86.809388,53.295087],[86.904921,53.412325],[86.813396,53.461834],[86.538865,53.527643],[86.497461,53.571923],[86.393733,53.597287],[86.295755,53.829757],[86.184139,53.811626],[86.124254,53.982905],[86.048114,54.010187],[85.871253,54.037556],[85.749045,54.164294],[85.690469,54.144769],[85.624222,54.214501],[85.53601,54.226006],[85.425309,54.187304],[85.159972,54.452634],[85.116875,54.437789]]]]}},{"type":"Feature","properties":{"id":"r13","name":"г. Москва","sourceName":"Москва","disputed":false},"geometry":{"type":"MultiPolygon","coordinates":[[[[37.045003,55.142201],[37.169879,55.164339],[37.163361,55.231579],[37.271561,55.258824],[37.405315,55.250576],[37.406942,55.336124],[37.467019,55.41344],[37.611354,55.489635],[37.60032,55.575374],[37.684567,55.574055],[37.840962,55.655559],[37.886971,55.705215],[37.842655,55.746734],[37.837369,55.82249],[37.703052,55.893412],[37.55595,55.909555],[37.40942,55.880688],[37.362157,55.822037],[37.368948,55.745982],[37.417481,55.680776],[37.240713,55.643688],[37.087353,55.590355],[37.139813,55.473409],[36.973446,55.45546],[36.977651,55.493772],[36.816053,55.508359],[36.803101,55.440833],[36.856056,55.380332],[36.986441,55.315589],[36.93724,55.241391],[37.045003,55.142201]]],[[[37.845327,55.813562],[37.865743,55.804208],[37.884128,55.816661],[37.872252,55.822498],[37.845327,55.813562]]],[[[37.131602,56.016446],[37.146611,55.963719],[37.260562,55.993143],[37.131602,56.016446]]]]}},{"type":"Feature","properties":{"id":"r14","name":"Республика Тыва","sourceName":"Тыва","disputed":false},"geometry":{"type":"MultiPolygon","coordinates":[[[[88.791531,51.553761],[88.863067,51.485813],[89.008876,51.394259],[88.967313,51.202925],[89.049849,51.159806],[89.028882,51.112445],[89.055555,51.046395],[89.193732,50.981809],[89.268043,50.915982],[89.346949,50.881253],[89.375918,50.826409],[89.466529,50.780475],[89.644048,50.581307],[89.848757,50.526519],[89.864909,50.469675],[89.707322,50.384121],[89.613229,50.374267],[89.58989,50.428129],[89.490463,50.442131],[89.496835,50.363912],[89.409559,50.336444],[89.343768,50.264244],[89.367255,50.181951],[89.440603,50.203696],[89.525583,50.183729],[89.511507,50.119309],[89.590116,50.01716],[89.5915,49.9111],[89.721269,49.949145],[89.9005,49.9542],[90.017299,49.990466],[90.0023,50.0542],[90.165213,50.108164],[90.285204,50.110916],[90.388888,50.192641],[90.5807,50.2439],[90.6691,50.2132],[90.7308,50.2434],[90.7064,50.3129],[90.8196,50.3547],[90.911,50.3528],[90.903,50.4084],[91.0932,50.436],[91.16,50.4201],[91.2933,50.4696],[91.4028,50.4803],[91.4582,50.552],[91.5292,50.5834],[91.6491,50.5885],[91.6489,50.6424],[91.7155,50.6899],[91.8403,50.7353],[92.0592,50.6977],[92.1723,50.7085],[92.306,50.7616],[92.3581,50.8851],[92.4587,50.79],[92.5793,50.7906],[92.5883,50.7259],[92.7272,50.7165],[92.7877,50.8056],[93.0089,50.7932],[93.0203,50.7132],[92.9594,50.6619],[93.0103,50.6062],[93.1219,50.5862],[93.4499,50.6323],[93.7092,50.5852],[93.9977,50.6046],[94.2221,50.5989],[94.336288,50.533013],[94.383767,50.239549],[94.5067,50.1748],[94.607,50.037],[94.7627,50.057],[94.9952,50.0407],[95.0111,49.9854],[95.0826,49.9635],[95.4364,49.9578],[95.5336,49.8971],[95.565497,49.948202],[95.720391,49.974051],[95.7824,50.0362],[95.8528,50.0461],[95.9806,49.9683],[96.0334,50.0062],[96.2648,49.9769],[96.4184,49.8731],[96.5219,49.9446],[96.6119,49.8719],[96.7289,49.9273],[96.8501,49.8963],[96.9996,49.8828],[97.0128,49.8317],[97.1176,49.8181],[97.2287,49.7445],[97.3312,49.7559],[97.5002,49.8104],[97.5807,49.8599],[97.6174,49.9413],[97.7804,49.9936],[97.8296,49.923],[97.8978,49.984],[98.0699,50.0359],[98.0637,50.07],[98.1823,50.1581],[98.1692,50.1895],[98.3054,50.3559],[98.2665,50.4185],[98.3249,50.4656],[98.2647,50.5311],[98.0913,50.5999],[98.008,50.6692],[97.9786,50.7841],[98.0309,50.861],[97.8859,50.9235],[97.8321,51.0292],[97.8839,51.0666],[97.8883,51.1241],[97.9393,51.202],[97.9535,51.3342],[98.0501,51.4502],[98.126,51.4713],[98.2241,51.4567],[98.2563,51.5117],[98.2477,51.5971],[98.354,51.7315],[98.4523,51.7366],[98.5214,51.7784],[98.6805,51.8203],[98.7643,51.8699],[98.809,51.9581],[98.8065,52.0255],[98.8615,52.1361],[98.969217,52.1434],[98.988249,52.16508],[98.744508,52.290051],[98.64871,52.278185],[98.667217,52.36707],[98.63053,52.415023],[98.712557,52.458622],[98.81837,52.548486],[98.785657,52.604331],[98.941329,52.671743],[98.96174,52.715559],[98.926469,52.801695],[98.850266,52.832802],[98.937518,52.937471],[99.170972,52.864426],[99.231227,52.868699],[99.230567,52.963186],[98.999776,53.027406],[99.014152,53.102184],[98.927803,53.153476],[98.879942,53.125744],[98.667312,53.140974],[98.637103,53.101222],[98.31211,53.094827],[98.31543,53.186354],[98.142315,53.23677],[98.002828,53.249523],[97.96027,53.300753],[97.866066,53.346704],[97.58953,53.376688],[97.602759,53.425895],[97.456561,53.455465],[97.389376,53.544146],[97.297731,53.57986],[97.022052,53.648817],[96.88758,53.73011],[96.734819,53.724722],[96.689007,53.645835],[96.658672,53.56417],[96.440278,53.535761],[96.240931,53.618767],[96.232057,53.517146],[96.103488,53.504484],[96.033252,53.457029],[95.967127,53.491281],[95.807498,53.491281],[95.732224,53.52522],[95.65209,53.455621],[95.531313,53.438468],[95.47309,53.400698],[95.336404,53.376456],[95.304586,53.444907],[95.212813,53.468174],[95.035869,53.366121],[94.954593,53.404864],[94.72029,53.376293],[94.618345,53.33111],[94.716503,53.240799],[94.62538,53.183712],[94.575706,53.07457],[94.583282,52.996542],[94.51402,52.909477],[94.296925,52.898276],[94.157642,52.830745],[94.093575,52.73854],[94.102883,52.68589],[93.999205,52.649311],[93.943363,52.566196],[93.754082,52.427726],[93.765445,52.381136],[93.687092,52.316365],[93.642072,52.192992],[93.472163,52.171023],[93.337751,52.128059],[93.237214,52.037694],[93.146524,52.015617],[93.119036,51.966484],[93.01168,51.914159],[92.957677,51.915782],[92.890612,51.84355],[92.693833,51.850903],[92.6447,51.81216],[92.529552,51.791057],[92.364189,51.818328],[92.07567,51.773091],[91.940068,51.80902],[91.897103,51.859396],[91.804399,51.886579],[91.635097,51.87945],[91.547942,51.908897],[91.485652,51.894428],[91.232675,51.89447],[91.072364,51.95189],[90.913079,51.92748],[90.818201,51.968044],[90.714413,52.090288],[90.633029,52.093725],[90.531362,52.145915],[90.486733,52.195871],[90.143443,52.148488],[90.158465,52.060766],[90.045184,51.973643],[90.081351,51.819487],[90.136214,51.764436],[90.079633,51.730862],[89.952207,51.755495],[89.709556,51.562191],[89.605862,51.532166],[89.439673,51.606774],[89.371724,51.605179],[89.236473,51.554119],[89.263824,51.641242],[89.20975,51.658379],[89.086614,51.623982],[89.073396,51.588621],[88.950574,51.562961],[88.791531,51.553761]]]]}},{"type":"Feature","properties":{"id":"r15","name":"Тамбовская область","sourceName":"Тамбовская область","disputed":false},"geometry":{"type":"MultiPolygon","coordinates":[[[[40.169999,53.312082],[40.095531,53.275049],[40.155331,53.046237],[40.125435,53.022167],[40.083271,52.754594],[39.97932,52.753208],[39.915694,52.708851],[39.976678,52.596802],[40.226615,52.500961],[40.296317,52.441296],[40.293363,52.391964],[40.512791,52.354903],[40.572754,52.276909],[40.660279,52.285884],[40.733435,52.251247],[40.637032,52.174902],[40.614188,52.052097],[40.536676,52.008933],[40.53414,51.945692],[40.752964,51.937303],[40.845697,51.921982],[40.948615,51.860852],[40.882178,51.738862],[41.002491,51.716182],[41.296199,51.738301],[41.280708,51.791969],[41.460271,51.769938],[41.585224,51.769251],[41.635909,51.732996],[41.722839,51.736204],[41.856193,51.711119],[41.959807,51.656305],[42.069582,51.657448],[42.118229,51.730848],[42.18929,51.723581],[42.343861,51.587718],[42.482818,51.631369],[42.520795,51.596072],[42.523268,51.721259],[42.649988,51.790984],[42.712606,51.88562],[42.72749,52.006383],[42.797904,52.024283],[42.761829,52.082103],[42.790335,52.183798],[42.888997,52.213045],[42.941326,52.3358],[43.039706,52.370635],[43.081329,52.404693],[43.024048,52.486763],[43.058242,52.559391],[43.220343,52.636794],[43.193604,52.717261],[43.10569,52.803579],[42.954222,52.911944],[42.957555,52.930946],[42.754868,53.018262],[42.494068,53.241357],[42.420968,53.271701],[42.379592,53.327366],[42.246815,53.392787],[42.285082,53.428585],[42.255598,53.484075],[42.109533,53.515339],[42.143951,53.712079],[42.081739,53.748005],[42.144531,53.802341],[41.980193,53.802414],[41.868209,53.821062],[41.686248,53.811649],[41.638685,53.775034],[41.548889,53.811862],[41.369722,53.744189],[41.353684,53.525571],[41.185548,53.472143],[41.150731,53.427229],[41.039905,53.429787],[41.042144,53.476481],[40.895789,53.504954],[40.814524,53.483601],[40.77996,53.547762],[40.700873,53.555919],[40.504241,53.45806],[40.409111,53.46148],[40.424585,53.387493],[40.368908,53.341455],[40.232801,53.341582],[40.169999,53.312082]]]]}},{"type":"Feature","properties":{"id":"r16","name":"Свердловская область","sourceName":"Свердловская область","disputed":false},"geometry":{"type":"MultiPolygon","coordinates":[[[[59.348463,61.66377],[59.406496,61.616265],[59.401653,61.46366],[59.369239,61.392871],[59.257545,61.313038],[59.292176,61.161206],[59.344114,61.104862],[59.369371,60.968356],[59.475006,60.939248],[59.482731,60.831521],[59.425948,60.750256],[59.423639,60.635472],[59.355832,60.521459],[59.218446,60.44328],[59.143803,60.326179],[59.137965,60.205882],[59.029805,60.015235],[58.984157,59.985133],[58.988792,59.907617],[58.839456,59.931982],[58.800246,59.843002],[58.693449,59.85661],[58.602325,59.693481],[58.479048,59.711673],[58.362935,59.46464],[58.524931,59.435023],[58.624727,59.297966],[58.789187,59.239542],[58.95987,59.234125],[59.196787,59.147133],[59.092924,59.000481],[59.20694,58.953952],[59.080028,58.906096],[59.105835,58.77378],[59.153582,58.717546],[59.415573,58.662859],[59.39606,58.585343],[59.453623,58.478057],[59.38493,58.429651],[59.287457,58.419285],[59.18624,58.278588],[59.137063,58.259842],[58.924693,58.28101],[58.816306,58.214851],[58.586743,58.041514],[58.728266,57.852053],[58.863791,57.838097],[58.83132,57.740102],[58.537085,57.564072],[58.460452,57.582358],[58.446871,57.673931],[58.15942,57.679759],[58.094477,57.658863],[57.985679,57.554646],[58.012026,57.484537],[57.940486,57.31643],[58.028881,57.237622],[57.998718,57.19],[58.103573,57.128724],[58.021624,57.078962],[57.872988,57.055695],[57.839912,56.984905],[57.676062,56.920509],[57.466781,56.912899],[57.430833,56.955129],[57.315829,56.928444],[57.229384,56.856],[57.347261,56.748935],[57.335024,56.687188],[57.39909,56.640547],[57.388288,56.531496],[57.323348,56.394217],[57.406237,56.34266],[57.4065,56.27247],[57.50828,56.19462],[57.473738,56.13444],[57.521365,56.096742],[57.645798,56.093041],[57.686242,56.136622],[57.893824,56.141311],[57.912709,56.106608],[58.071391,56.116052],[58.164541,56.140715],[58.25713,56.10478],[58.469786,56.121835],[58.582806,56.16517],[58.71401,56.094745],[58.96063,56.065224],[59.04205,56.168357],[59.168521,56.198713],[59.198336,56.271061],[59.159478,56.34547],[59.28884,56.327483],[59.554775,56.338906],[59.714008,56.323517],[59.634706,56.248048],[59.757861,56.223543],[59.863296,56.260554],[60.004012,56.220641],[60.258947,56.199749],[60.363341,56.233296],[60.553838,56.221309],[60.576364,56.318084],[60.679792,56.310093],[60.705005,56.242695],[60.963869,56.190952],[61.103532,56.181438],[61.185875,56.208264],[61.091777,56.319243],[61.154796,56.357224],[61.337796,56.314242],[61.444061,56.353236],[61.581456,56.287675],[61.618051,56.320227],[61.73458,56.286702],[61.851164,56.177883],[62.061058,56.130821],[62.07111,56.297018],[62.15402,56.274073],[62.256548,56.34077],[62.254465,56.399082],[62.428448,56.526957],[62.569212,56.565813],[62.602932,56.490658],[62.724762,56.507773],[62.742916,56.558361],[62.871181,56.546933],[62.890995,56.590835],[62.985872,56.597938],[63.124405,56.564124],[63.31507,56.567783],[63.473944,56.611631],[63.595406,56.558355],[63.74679,56.537487],[63.829419,56.481103],[64.178836,56.460685],[64.221468,56.537953],[64.183935,56.58758],[64.287097,56.605852],[64.350427,56.68256],[64.327899,56.756542],[64.493862,56.745584],[64.545599,56.788758],[64.764311,56.812473],[64.927055,56.7724],[65.169683,56.764035],[65.253148,56.920506],[65.056195,56.903916],[65.074041,56.946594],[64.982491,57.067818],[64.962519,57.156659],[65.005086,57.233812],[64.827192,57.29312],[64.937297,57.555393],[64.833088,57.64825],[65.406755,57.825821],[65.462756,57.762534],[65.53412,57.762144],[65.794769,57.874798],[65.824986,57.932635],[65.984069,57.944862],[66.041549,57.992909],[66.184857,58.01097],[66.000058,58.248693],[65.95016,58.614779],[65.655676,58.658463],[65.371533,58.900124],[65.329935,59.033705],[65.238066,59.204537],[65.136479,59.209666],[65.074329,59.310298],[64.486645,59.376781],[64.020466,59.381857],[63.874313,59.461301],[63.824946,59.744732],[63.795033,59.816742],[63.605936,60.101704],[63.18084,60.224474],[63.22573,60.294206],[62.867383,60.653825],[62.760156,60.853321],[62.825031,61.001313],[62.646304,61.170899],[62.483555,61.260973],[61.890521,61.406809],[61.88651,61.436579],[61.229475,61.654498],[60.997419,61.694801],[60.838598,61.698466],[60.51461,61.7357],[59.993321,61.718358],[59.950974,61.745443],[59.972501,61.882798],[59.718022,61.930487],[59.486699,61.946069],[59.327587,61.842219],[59.327818,61.783702],[59.418551,61.753706],[59.348463,61.66377]]]]}},{"type":"Feature","properties":{"id":"r17","name":"Ханты-Мансийский автономный округ — Югра","sourceName":"Ханты-Мансийский автономный округ - Югра","disputed":false},"geometry":{"type":"MultiPolygon","coordinates":[[[[62.000444,65.717736],[61.626756,65.561903],[61.47539,65.454127],[61.417349,65.386495],[61.285108,65.31284],[61.364851,65.2496],[61.27206,65.16841],[61.137374,65.174495],[61.076999,65.082361],[60.948215,65.014577],[60.807062,65.024702],[60.72944,64.925505],[60.609563,64.920501],[60.434454,65.00674],[60.417476,65.066288],[60.203559,65.076943],[60.033904,65.028322],[60.001153,64.939918],[59.812292,64.910195],[59.675885,64.801337],[59.626861,64.803015],[59.655024,64.65706],[59.507163,64.490439],[59.651175,64.433148],[59.653717,64.376185],[59.55983,64.247737],[59.836947,64.087144],[59.756326,63.985473],[59.561302,63.908559],[59.533165,63.714067],[59.473707,63.638534],[59.478645,63.572225],[59.377966,63.422055],[59.313,63.390018],[59.366262,63.266174],[59.288405,63.184708],[59.203794,63.027597],[59.325204,62.942026],[59.448193,62.918013],[59.434096,62.779641],[59.391679,62.73744],[59.442619,62.565955],[59.625152,62.54457],[59.612653,62.366442],[59.400125,62.157112],[59.486699,61.946069],[59.718022,61.930487],[59.972501,61.882798],[59.950974,61.745443],[59.993321,61.718358],[60.51461,61.7357],[60.838598,61.698466],[60.997419,61.694801],[61.229475,61.654498],[61.88651,61.436579],[61.890521,61.406809],[62.483555,61.260973],[62.646304,61.170899],[62.825031,61.001313],[62.760156,60.853321],[62.867383,60.653825],[63.22573,60.294206],[63.18084,60.224474],[63.605936,60.101704],[63.795033,59.816742],[63.824946,59.744732],[63.874313,59.461301],[64.020466,59.381857],[64.486645,59.376781],[65.074329,59.310298],[65.136479,59.209666],[65.238066,59.204537],[65.329935,59.033705],[65.371533,58.900124],[65.655676,58.658463],[65.95016,58.614779],[66.291235,58.594888],[66.455931,58.607422],[66.785238,58.656545],[66.772472,58.923282],[66.969014,58.972043],[67.052156,58.932059],[67.303189,59.023444],[67.612735,59.104868],[67.658222,59.168561],[67.793838,59.2101],[68.104095,59.210562],[68.269337,59.24606],[68.402848,59.306112],[68.495627,59.42603],[68.573023,59.588331],[68.728619,59.568394],[69.044445,59.686838],[69.308508,59.769741],[69.312403,59.793005],[69.146265,59.88369],[69.072155,59.904664],[69.168493,59.9663],[69.267802,59.989634],[69.623534,59.967746],[69.651104,59.909822],[69.991051,59.926652],[70.134467,59.949768],[70.2614,59.91089],[70.395593,59.839298],[70.743119,59.884664],[70.999745,59.827671],[71.179328,59.907066],[71.257995,59.78872],[71.499573,59.742673],[71.544795,59.685164],[71.792031,59.635935],[71.889945,59.555058],[72.025135,59.551735],[72.185415,59.46628],[72.231743,59.413327],[72.442125,59.300034],[72.418788,59.209837],[72.553381,59.138758],[72.744002,59.136852],[72.911212,59.154002],[72.975619,59.126382],[72.928297,59.053141],[73.099956,58.951689],[73.02481,58.874928],[73.500146,58.824826],[73.718792,58.856215],[73.859082,58.806781],[73.991066,58.810845],[74.084608,58.749219],[74.175346,58.726107],[74.509618,58.721926],[74.792717,58.72888],[74.89456,58.68515],[74.997691,58.700044],[75.131297,58.663889],[75.635376,58.912346],[75.727608,59.015372],[75.639673,59.211579],[75.841198,59.280213],[75.898666,59.399905],[75.992856,59.380677],[76.177166,59.530001],[76.502463,59.543769],[76.664888,59.571174],[76.667053,59.683865],[76.740251,59.71086],[76.772433,60.065674],[76.713994,60.115036],[76.827144,60.179173],[76.866349,60.271042],[76.763255,60.376239],[76.829158,60.466948],[77.047763,60.50892],[77.061724,60.59976],[76.965589,60.63119],[77.112207,60.746307],[77.067248,60.794377],[77.107935,60.858414],[77.195721,60.856371],[77.449238,60.810023],[77.704323,60.81999],[77.889358,60.778865],[77.969963,60.740696],[78.088345,60.796784],[78.195398,60.802477],[78.486753,60.764639],[78.699992,60.825356],[78.795277,60.750058],[78.98489,60.820193],[79.038341,60.803207],[79.188381,60.828644],[79.308211,60.794421],[79.296047,60.707553],[79.39887,60.63584],[79.511089,60.66799],[79.674619,60.679882],[79.948533,60.670061],[80.200997,60.675322],[80.404972,60.750197],[80.639058,60.770738],[80.704837,60.802779],[80.98408,60.774523],[81.052447,60.755725],[81.10419,60.642048],[81.458741,60.607139],[81.584263,60.637983],[81.879534,60.639791],[82.167305,60.51634],[82.409601,60.608155],[82.376451,60.706879],[83.156683,61.026795],[83.476909,61.035672],[83.949694,60.836217],[84.26311,60.862518],[84.641651,60.997945],[84.735082,61.014263],[85.696583,61.283815],[85.640731,61.36709],[85.798192,61.454098],[85.965282,61.459195],[85.961137,61.54512],[85.842513,61.593921],[85.712839,61.572615],[85.492853,61.617215],[85.406556,61.687147],[85.277798,61.673722],[85.096852,61.751986],[84.91898,61.789921],[84.840892,61.773046],[84.677915,61.80813],[84.519392,61.927839],[84.491986,62.098471],[84.440859,62.195657],[84.386936,62.25079],[84.298348,62.269345],[84.23908,62.381468],[84.102061,62.377306],[83.999492,62.414854],[83.960389,62.490159],[83.814028,62.569876],[83.622688,62.503169],[83.553267,62.527374],[83.324248,62.458029],[83.023482,62.526334],[83.049317,62.589347],[82.758996,62.659955],[82.761864,62.749446],[82.460168,62.775159],[82.28936,62.766298],[82.159325,62.813008],[81.945271,62.746047],[81.841287,62.695857],[81.665461,62.730553],[81.638742,62.779396],[81.391306,62.816941],[81.291249,62.858547],[81.319859,62.909914],[81.1503,62.968745],[81.04349,63.064524],[81.037018,63.147459],[80.921948,63.156636],[80.680919,63.115941],[80.588381,63.078139],[80.588787,63.010208],[80.093017,62.817933],[79.908321,62.785033],[79.84344,62.608557],[79.549697,62.604292],[79.436125,62.617529],[79.251138,62.606674],[78.739462,62.602213],[78.519467,62.561092],[78.405963,62.560355],[78.134596,62.492828],[78.092906,62.464098],[77.870423,62.575948],[77.378102,62.707897],[77.136819,62.811422],[77.025323,62.97192],[76.851631,62.988709],[76.666942,63.03481],[76.34005,62.951344],[76.266714,63.013198],[75.893379,63.106482],[75.778408,63.117148],[75.604962,63.088084],[75.312551,63.09707],[75.177443,63.060908],[75.080264,63.068454],[74.941549,63.025322],[74.524322,63.036364],[74.253194,63.173027],[74.003924,63.16813],[73.498183,63.187955],[73.363796,63.232242],[73.263269,63.334776],[73.106153,63.378196],[73.054297,63.426791],[72.901202,63.3974],[72.872556,63.355793],[72.66308,63.281521],[72.406384,63.299387],[72.128306,63.296786],[72.033459,63.255622],[71.881758,63.255933],[71.645484,63.192752],[71.536975,63.472687],[71.563007,63.571948],[71.455856,63.683308],[71.247148,63.700463],[70.922692,63.702792],[70.825653,63.821911],[70.706206,63.886808],[70.688871,63.94098],[70.558903,64.015282],[70.766496,64.112367],[70.770934,64.191113],[70.663629,64.238863],[70.451002,64.2487],[70.293517,64.343852],[70.086485,64.31878],[69.888528,64.321694],[69.724948,64.395908],[69.396756,64.386862],[69.279718,64.475579],[69.139597,64.454516],[68.858472,64.438539],[68.972196,64.347165],[68.914756,64.225913],[68.789036,64.224683],[68.554679,64.286463],[68.448825,64.287694],[68.22016,64.205661],[68.17795,64.168602],[67.945155,64.111922],[67.836193,64.047912],[67.677623,64.076902],[67.468898,64.077359],[67.173003,64.121351],[67.173981,64.155999],[66.866675,64.203068],[66.828735,64.291745],[66.989855,64.452413],[66.970269,64.508071],[66.708921,64.554487],[66.45493,64.527194],[66.197823,64.59119],[65.997001,64.582256],[65.933079,64.555248],[65.376371,64.555241],[65.178586,64.468122],[64.983107,64.470057],[64.724249,64.430431],[64.603817,64.442677],[64.482332,64.371083],[64.043311,64.359353],[63.913423,64.287707],[63.61126,64.270514],[63.410065,64.333669],[63.516973,64.363156],[63.477518,64.456145],[63.247328,64.520418],[63.052354,64.515668],[62.913436,64.467695],[62.834749,64.505259],[62.714807,64.496628],[62.557643,64.558547],[62.589629,64.640373],[62.731729,64.682102],[62.811534,64.736448],[62.807012,64.840715],[62.695222,64.872818],[62.823741,65.054607],[62.817293,65.19469],[62.872114,65.290589],[62.454152,65.339291],[62.366543,65.43211],[62.425405,65.503702],[62.31297,65.535157],[62.265281,65.632344],[62.162845,65.641382],[62.000444,65.717736]]]]}},{"type":"Feature","properties":{"id":"r18","name":"Чукотский автономный округ","sourceName":"Чукотский автономный округ","disputed":false},"geometry":{"type":"MultiPolygon","coordinates":[[[[-172.65802,64.59757],[-172.49327,64.59064],[-172.47517,64.64134],[-172.58684,64.63315],[-172.65802,64.59757]]],[[[-172.517336,64.6875],[-172.34642,64.70344],[-172.23563,64.73855],[-172.06389,64.75523],[-172.2769,64.82657],[-172.39336,64.83716],[-172.50541,64.81011],[-172.63554,64.68927],[-172.517336,64.6875]]],[[[-169.05486,65.74933],[-168.99779,65.79937],[-169.08201,65.81925],[-169.11755,65.7597],[-169.05486,65.74933]]],[[[-174.71865,67.15423],[-174.70385,67.11361],[-174.72712,67.09822],[-174.69678,67.05233],[-174.72935,67.0316],[-174.66933,67.0248],[-174.66979,67.060954],[-174.70845,67.101364],[-174.7013,67.11418],[-174.71865,67.15423]]],[[[-180,65.037387],[-179.655431,65.164111],[-179.537328,65.239421],[-179.487754,65.410605],[-179.27283,65.526352],[-179.338236,65.567211],[-179.27436,65.63008],[-179.41857,65.66069],[-179.65543,65.7581],[-179.77679,65.88575],[-179.79506,65.93989],[-179.74967,66.09712],[-179.61142,66.17312],[-179.53446,66.12034],[-179.28504,66.13246],[-179.22938,66.19001],[-179.31118,66.26111],[-179.16086,66.26362],[-178.95896,66.15935],[-178.72859,66.18724],[-178.70023,66.25331],[-178.5004,66.38113],[-178.44404,66.35207],[-178.506,66.11482],[-178.64845,66.06741],[-178.657,66.02102],[-178.82078,65.94001],[-178.82097,65.88315],[-178.57987,65.73406],[-178.47915,65.75097],[-178.40475,65.70159],[-178.4842,65.54229],[-178.54175,65.50941],[-178.43101,65.46664],[-178.25321,65.44771],[-177.63372,65.44248],[-177.42108,65.45682],[-177.25812,65.49381],[-177.146328,65.582041],[-176.94593,65.60341],[-176.58923,65.5447],[-176.29296,65.48021],[-176.00014,65.43774],[-175.91915,65.41182],[-175.93075,65.32634],[-175.89143,65.25841],[-175.74239,65.15581],[-175.79456,65.02984],[-175.89211,65.0013],[-175.48188,64.87762],[-175.45339,64.80033],[-175.33437,64.77594],[-175.04822,64.76148],[-174.92657,64.78717],[-174.7822,64.76391],[-174.63571,64.70509],[-174.43229,64.65849],[-174.03947,64.52989],[-173.99219,64.41593],[-173.6207,64.32528],[-173.53742,64.33058],[-173.38946,64.38655],[-173.3665,64.29148],[-173.10702,64.24146],[-172.8369,64.29985],[-172.80288,64.42844],[-172.59303,64.37203],[-172.44631,64.4013],[-172.32995,64.45267],[-172.41245,64.53631],[-172.57912,64.5515],[-172.71501,64.60396],[-172.89398,64.6161],[-172.74089,64.76175],[-172.91009,64.83692],[-173.05353,64.77143],[-173.08387,64.83049],[-172.9595,64.86352],[-172.75963,64.83315],[-172.25593,64.96947],[-172.09847,65.06075],[-172.08811,65.09611],[-172.20595,65.21336],[-172.1765,65.2911],[-172.21172,65.33275],[-172.09062,65.47536],[-171.92554,65.47096],[-171.62437,65.50945],[-171.28445,65.52684],[-171.07896,65.46902],[-170.98729,65.50025],[-170.97091,65.55318],[-171.04292,65.62401],[-171.23782,65.65323],[-171.42622,65.78911],[-171.21606,65.75657],[-171.12557,65.69429],[-170.88376,65.65363],[-170.84244,65.6206],[-170.58032,65.60553],[-170.5012,65.65234],[-170.53386,65.8519],[-170.39086,65.93143],[-170.26254,65.95107],[-170.15762,66.00628],[-169.89937,66.04454],[-169.71952,66.00531],[-169.65189,66.07863],[-169.72661,66.15265],[-170.112072,66.206647],[-170.20838,66.28334],[-170.57554,66.35139],[-170.66538,66.41859],[-170.88107,66.50635],[-171.09979,66.57053],[-171.35497,66.67269],[-171.33403,66.74637],[-171.60763,66.82328],[-171.696054,66.883541],[-171.71649,66.95091],[-172.057302,66.951038],[-172.78728,67.03313],[-172.91974,67.03556],[-173.41198,67.07913],[-173.65313,67.11201],[-173.75067,67.07403],[-174.01668,67.08125],[-174.51802,67.07481],[-174.53572,67.02515],[-174.29581,67.03861],[-174.23195,66.98234],[-174.051205,66.974049],[-173.937943,66.779339],[-173.94229,66.6599],[-174.197706,66.593669],[-174.20323,66.55472],[-173.8332,66.51016],[-173.6881,66.42828],[-173.80531,66.30224],[-173.93761,66.25873],[-174.01757,66.31937],[-173.93003,66.36558],[-174.02469,66.471],[-174.38132,66.33788],[-174.47571,66.39147],[-174.444559,66.532771],[-174.73266,66.6006],[-174.80961,66.59005],[-174.9207,66.64518],[-174.88734,66.70448],[-174.70072,66.770752],[-174.72015,66.91596],[-174.85333,66.97845],[-174.9107,67.08716],[-174.887832,67.2259],[-174.78719,67.36411],[-175.06625,67.472388],[-175.23662,67.55315],[-175.312535,67.639924],[-175.257428,67.654758],[-175.59369,67.74455],[-175.87089,67.84063],[-176.20142,67.91139],[-177.07002,68.15842],[-177.376,68.25068],[-177.50285,68.20069],[-177.66131,68.22677],[-177.5782,68.29896],[-177.983,68.4424],[-178.41302,68.56902],[-178.88122,68.7658],[-179.28219,68.85162],[-179.48428,68.92272],[-179.5842,68.89738],[-179.82945,68.9254],[-180,68.977636],[-179.999999,67.650692],[-179.999999,67.13704],[-179.999999,66.09375],[-180,65.361337],[-180,65.360292],[-180,65.33153],[-180,65.322175],[-180,65.312032],[-180,65.311729],[-180,65.03847],[-180,65.037387]]],[[[-174.71865,67.15423],[-174.663293,67.161011],[-174.68106,67.2145],[-174.71865,67.15423]]],[[[-174.6365,67.47075],[-174.61575,67.4485],[-174.58711,67.460382],[-174.6365,67.47075]]],[[[180,71.531777],[179.478059,71.405834],[179.142807,71.258951],[178.906028,71.220213],[178.826559,71.151214],[178.627837,71.072018],[178.635444,71.00728],[178.730781,70.917458],[178.78898,70.800333],[179.314206,70.874521],[179.491611,70.852523],[180,70.97585],[180,71.531777]]],[[[-179.55594,71.58955],[-179.60505,71.56381],[-180,71.531777],[-180,71.527409],[-180,70.97585],[-179.6878,70.95054],[-179.46295,70.88484],[-179.1251,70.89906],[-178.71068,70.960336],[-178.36335,70.97604],[-178.17009,71.00827],[-177.90552,71.02401],[-177.58367,71.1026],[-177.47648,71.15433],[-177.43262,71.22459],[-177.52299,71.27124],[-177.7066,71.29151],[-177.94083,71.43124],[-178.25487,71.52726],[-178.87355,71.59149],[-179.07662,71.60077],[-179.14838,71.55052],[-179.58203,71.56596],[-179.55594,71.58955]]],[[[162.469443,69.654961],[162.348009,69.59612],[162.32461,69.52943],[162.43208,69.454206],[162.3495,69.406387],[162.543629,69.372961],[162.513718,69.327776],[162.69896,69.244011],[162.772473,69.181351],[162.531907,69.105638],[162.510844,69.067557],[162.57955,68.961211],[162.726529,68.928539],[162.79937,68.822854],[162.733122,68.769073],[162.591608,68.777632],[162.603191,68.68753],[162.709587,68.658241],[162.751685,68.583955],[162.563824,68.483344],[162.616563,68.43732],[162.54795,68.333041],[162.39375,68.274591],[161.984553,68.359083],[161.710646,68.345468],[161.648387,68.374933],[161.44974,68.377936],[161.199905,68.341693],[161.028757,68.284424],[160.687007,68.25067],[160.397983,68.23932],[160.072613,68.267002],[159.827464,68.248196],[159.41762,68.186571],[159.251936,68.190598],[158.980483,68.123932],[158.770846,68.108175],[158.646984,68.127407],[158.372391,68.076162],[158.215908,67.934821],[158.103566,67.914021],[158.106031,67.821721],[158.249488,67.824492],[158.36058,67.734226],[158.15075,67.701194],[157.942039,67.72397],[157.810091,67.674568],[157.744088,67.557574],[157.793054,67.449008],[157.907708,67.420455],[157.811372,67.308325],[157.924251,67.259511],[158.093155,67.227682],[158.199036,67.171969],[158.71176,67.038389],[158.815415,66.94042],[158.787335,66.89387],[158.934868,66.768745],[158.71122,66.689077],[158.72259,66.641765],[158.63624,66.566424],[158.535021,66.548431],[158.504391,66.4629],[158.368873,66.430309],[158.543444,66.335235],[158.7231,66.315994],[158.783008,66.265943],[158.90159,66.265099],[159.215522,66.216233],[159.260315,66.1641],[159.16506,66.069056],[159.02818,65.987788],[158.93302,65.892842],[158.900411,65.81742],[158.951841,65.72723],[159.450557,65.638717],[159.728953,65.575282],[159.805562,65.53643],[160.092682,65.502233],[160.240945,65.432953],[160.19515,65.377452],[160.41596,65.27596],[160.501978,65.178038],[160.64299,65.152034],[160.868287,65.143344],[161.037076,65.177931],[161.406157,65.118955],[161.4732,65.064245],[161.718085,65.003001],[161.798907,64.84045],[162.318979,64.743661],[162.422304,64.762094],[162.650107,64.74098],[162.75248,64.662186],[163.071021,64.662974],[163.264824,64.693339],[163.125913,64.793097],[163.266608,64.79718],[163.60947,64.922849],[163.907742,64.848028],[164.270007,64.926992],[164.475409,64.872934],[164.516425,64.825019],[164.797048,64.767849],[164.864242,64.681064],[165.012585,64.675938],[165.024031,64.838332],[165.137212,64.854638],[165.286615,64.827598],[165.40296,64.743801],[165.685052,64.750314],[165.721248,64.671251],[165.901555,64.608768],[165.845867,64.548706],[166.040728,64.549084],[166.134676,64.606856],[166.407941,64.590268],[166.635199,64.521465],[166.729994,64.549762],[166.999067,64.538417],[167.136568,64.622144],[167.247613,64.603106],[167.383833,64.479166],[167.58747,64.428691],[167.69068,64.318488],[167.786889,64.333],[168.038053,64.265495],[168.182753,64.27669],[168.246553,64.331137],[168.361042,64.298165],[168.480252,64.317216],[168.5625,64.288961],[168.652026,64.193683],[168.800179,64.183616],[168.808886,64.110033],[168.882987,64.06051],[168.876823,63.984723],[168.99219,63.990697],[169.102014,63.940831],[169.387495,63.940075],[169.386581,63.862377],[169.571695,63.807671],[169.568073,63.698947],[169.641674,63.654413],[169.47952,63.565419],[169.331603,63.538088],[169.15488,63.473665],[169.094153,63.414],[168.827449,63.304941],[168.831871,63.266134],[168.744975,63.180026],[168.627151,63.160955],[168.46637,63.083485],[168.578645,63.032889],[168.671594,63.026717],[168.922245,62.943581],[169.109186,62.980079],[169.36773,62.866284],[169.58508,62.788218],[169.679408,62.704598],[169.85202,62.656463],[170.048049,62.674604],[170.042353,62.573314],[169.99005,62.539206],[170.11876,62.49084],[170.08217,62.4359],[170.235389,62.292237],[170.544238,62.303805],[170.83724,62.250558],[170.8817,62.280754],[171.05716,62.277264],[171.148135,62.335212],[171.346724,62.347617],[171.471852,62.303962],[171.676266,62.354163],[171.895871,62.360447],[171.995413,62.454633],[172.20788,62.464736],[172.268631,62.37978],[172.406617,62.403206],[172.452212,62.438965],[172.756171,62.412584],[172.767013,62.350416],[172.854532,62.347644],[172.920784,62.397648],[173.070009,62.383073],[173.16152,62.447456],[173.4301,62.484078],[173.500988,62.523735],[173.612841,62.499333],[173.67219,62.546819],[173.84286,62.507995],[173.955109,62.437163],[174.082054,62.467087],[174.158895,62.42429],[174.151094,62.33786],[174.058785,62.266418],[174.137134,62.203946],[174.120364,62.122197],[174.192821,62.072767],[174.30487,62.093357],[174.341654,62.040955],[174.451898,62.023903],[174.462568,61.933237],[174.51887,61.870161],[174.475429,61.808114],[174.726921,61.857445],[174.814882,61.915689],[174.972561,61.960969],[175.210688,62.006873],[175.394343,62.096134],[175.75791,62.203756],[176.02681,62.257712],[176.275706,62.291341],[176.538083,62.414233],[176.949431,62.516548],[177.152154,62.542695],[177.618986,62.559571],[178.099009,62.528097],[178.165766,62.493273],[178.340025,62.456529],[179.026579,62.338331],[179.100799,62.274018],[179.183327,62.321371],[179.187873,62.391423],[179.119429,62.417818],[179.212943,62.491989],[179.36393,62.477101],[179.44601,62.577809],[179.597354,62.626785],[179.632208,62.687565],[179.581399,62.820327],[179.512989,62.867763],[179.366919,62.877203],[179.282488,62.962921],[179.28779,63.009156],[179.452484,63.11619],[179.331578,63.194236],[179.185234,63.229957],[179.00716,63.329176],[178.870417,63.458711],[178.825278,63.535539],[178.784984,63.734584],[178.685079,63.974212],[178.33307,64.324488],[178.247153,64.269483],[177.979993,64.202585],[177.85534,64.233678],[177.48646,64.409028],[177.412616,64.51232],[177.539547,64.732873],[177.35907,64.751194],[177.185646,64.697552],[177.092446,64.706079],[176.762423,64.53932],[176.724736,64.593967],[176.556277,64.66542],[176.468008,64.661549],[176.241566,64.830122],[176.275803,64.885916],[176.552885,64.798905],[176.6752,64.853566],[176.90788,64.837142],[176.970413,64.779373],[177.172328,64.764826],[177.34333,64.808388],[177.262101,64.847936],[177.290783,64.916163],[177.50638,64.911111],[177.483627,64.818355],[177.61204,64.758265],[177.679356,64.696168],[177.82573,64.678487],[178.179955,64.665856],[178.392242,64.637664],[178.759149,64.675962],[178.81724,64.646992],[179.146494,64.762187],[179.28455,64.785966],[179.511675,64.796242],[179.85315,64.999933],[180,65.037387],[180,65.03847],[180,65.311729],[180,65.312032],[180,65.360292],[180,65.361337],[180,66.09375],[180,67.5],[180,68.90625],[180,68.969673],[180,68.977636],[179.388116,69.235601],[178.76119,69.405234],[178.44577,69.455565],[178.202474,69.452046],[177.962662,69.475392],[177.504945,69.587348],[177.195369,69.602535],[176.90357,69.642104],[176.452764,69.731243],[176.135229,69.870802],[175.796438,69.877387],[175.113992,69.837176],[174.431378,69.848399],[174.06795,69.874214],[173.887949,69.845556],[173.659226,69.874649],[173.489013,69.932523],[173.311124,69.918417],[173.30973,69.877689],[173.511673,69.796558],[173.42967,69.768876],[173.225758,69.763792],[173.219083,69.832],[173.032788,69.846092],[172.791223,69.917588],[172.75257,69.964814],[172.526184,69.937093],[172.260379,69.96734],[171.8459,69.992335],[171.424054,70.052288],[171.237864,70.055836],[170.94541,70.087407],[170.773269,70.081556],[170.562214,70.123045],[170.583078,70.034744],[170.523513,69.908108],[170.573128,69.880132],[170.605002,69.763953],[170.214574,69.679617],[170.21223,69.580538],[170.539283,69.598421],[170.681046,69.540124],[170.827198,69.36236],[170.929464,69.272788],[170.88874,69.16577],[170.984908,69.140628],[171.020737,69.04621],[170.7985,68.946137],[170.431346,68.85464],[170.422058,68.825445],[169.743483,68.765834],[169.581914,68.77413],[169.455759,68.814899],[169.409147,68.885024],[169.44514,68.933272],[169.390374,69.053292],[169.067001,69.108142],[168.71576,69.198281],[168.34817,69.205434],[168.26592,69.24527],[168.21869,69.379219],[168.284776,69.541244],[167.966209,69.641093],[168.099376,69.748041],[168.1681,69.679268],[168.530046,69.606586],[168.933055,69.555106],[169.18327,69.553644],[169.301126,69.649516],[169.313786,69.728092],[169.451999,69.79509],[169.399074,69.864554],[169.128262,69.897459],[168.894138,69.963439],[168.518425,70.019777],[168.180181,70.000168],[167.945302,69.919531],[167.769118,69.79754],[167.608207,69.711237],[167.11663,69.518896],[166.979466,69.480617],[166.788812,69.484211],[166.703674,69.51357],[166.4646,69.49695],[166.075096,69.524068],[165.80671,69.570371],[165.457726,69.570609],[165.260464,69.593122],[164.868122,69.55889],[164.555382,69.58355],[164.265494,69.668198],[164.127726,69.747569],[164.016757,69.754014],[163.78426,69.677157],[163.490306,69.674111],[163.200633,69.699251],[162.877028,69.636446],[162.587457,69.671064],[162.469443,69.654961]]],[[[168.219265,69.638036],[168.257485,69.638098],[168.249991,69.653974],[168.227148,69.66092],[168.219265,69.638036]]],[[[170.048762,69.687613],[170.07752,69.684191],[170.091969,69.697125],[170.06429,69.703871],[170.048762,69.687613]]],[[[170.141127,69.710184],[170.24972,69.774145],[170.08614,69.765618],[170.141127,69.710184]]],[[[169.385596,69.892552],[169.314715,69.917089],[169.220003,69.935248],[169.223826,69.920943],[169.329817,69.91083],[169.385596,69.892552]]]]}},{"type":"Feature","properties":{"id":"r19","name":"Тюменская область","sourceName":"Тюменская область","disputed":false},"geometry":{"type":"MultiPolygon","coordinates":[[[[65.95016,58.614779],[66.000058,58.248693],[66.184857,58.01097],[66.041549,57.992909],[65.984069,57.944862],[65.824986,57.932635],[65.794769,57.874798],[65.53412,57.762144],[65.462756,57.762534],[65.406755,57.825821],[64.833088,57.64825],[64.937297,57.555393],[64.827192,57.29312],[65.005086,57.233812],[64.962519,57.156659],[64.982491,57.067818],[65.074041,56.946594],[65.056195,56.903916],[65.253148,56.920506],[65.169683,56.764035],[64.927055,56.7724],[64.991291,56.717528],[64.979605,56.636822],[65.012426,56.576128],[64.989483,56.518366],[65.093433,56.441139],[65.136775,56.372141],[65.122002,56.307573],[65.234286,56.276729],[65.454226,56.285428],[65.683123,56.269664],[65.673665,56.213742],[65.778002,56.157672],[65.84187,56.068988],[66.020971,55.993602],[66.161296,56.068576],[66.30855,56.049543],[66.451777,55.959582],[66.635863,56.006067],[66.76387,55.975632],[67.303046,55.9629],[67.278328,55.938899],[67.40392,55.727855],[67.633784,55.714146],[67.79429,55.728749],[67.920944,55.654964],[68.138859,55.728834],[68.177142,55.72036],[68.188755,55.589124],[68.317003,55.5694],[68.321853,55.507337],[68.432854,55.476641],[68.486273,55.417287],[68.555691,55.430851],[68.682148,55.387897],[68.714266,55.347519],[68.7521,55.3768],[68.9399,55.3185],[68.935,55.4398],[69.1733,55.3822],[69.2061,55.3301],[69.3086,55.3424],[69.3479,55.3823],[69.4552,55.3421],[69.683825,55.350708],[69.8671,55.2957],[69.9517,55.2097],[70.0631,55.207],[70.2294,55.1471],[70.3046,55.1948],[70.4058,55.2143],[70.460501,55.279672],[70.498739,55.330814],[70.439596,55.407525],[70.56696,55.493869],[70.673372,55.490529],[70.756972,55.584722],[70.710092,55.625407],[70.563457,55.650732],[70.531725,55.694373],[70.587837,55.764592],[70.698063,55.800149],[70.602565,55.837173],[70.47174,55.851273],[70.480612,55.905967],[70.80854,55.902622],[70.867412,55.962189],[70.902366,56.112283],[70.732229,56.253127],[70.928243,56.317054],[70.927466,56.379234],[70.800116,56.449525],[70.984133,56.462236],[71.084598,56.524166],[71.120526,56.652955],[71.369887,56.631768],[71.381898,56.678879],[71.553729,56.67029],[71.581371,56.743492],[71.677329,56.765223],[71.604991,56.932929],[71.297296,57.085244],[71.22941,57.174657],[71.115604,57.202398],[71.052905,57.293575],[71.065009,57.350892],[70.786795,57.364979],[70.780822,57.275989],[70.71734,57.232867],[70.606542,57.280058],[70.45883,57.282399],[70.372349,57.329437],[70.418236,57.415114],[70.57835,57.458047],[70.685693,57.515541],[70.681918,57.574278],[70.598864,57.577222],[70.557686,57.718741],[70.392336,57.782465],[70.429808,57.841476],[70.430413,57.952164],[70.852774,58.529271],[71.053455,58.511108],[71.122573,58.454975],[71.311412,58.383055],[71.237838,58.327859],[71.20606,58.111172],[71.214219,58.054221],[71.402441,58.064489],[71.990196,58.115843],[72.089325,58.086513],[72.167156,58.014698],[72.867559,58.001417],[72.947761,58.069781],[73.128287,58.155304],[73.47897,58.143947],[74.219631,58.136298],[74.455494,58.242033],[74.628585,58.288288],[74.661444,58.345004],[74.806145,58.410053],[74.913113,58.430885],[74.951106,58.493586],[75.108237,58.576245],[75.199295,58.618682],[75.131297,58.663889],[74.997691,58.700044],[74.89456,58.68515],[74.792717,58.72888],[74.509618,58.721926],[74.175346,58.726107],[74.084608,58.749219],[73.991066,58.810845],[73.859082,58.806781],[73.718792,58.856215],[73.500146,58.824826],[73.02481,58.874928],[73.099956,58.951689],[72.928297,59.053141],[72.975619,59.126382],[72.911212,59.154002],[72.744002,59.136852],[72.553381,59.138758],[72.418788,59.209837],[72.442125,59.300034],[72.231743,59.413327],[72.185415,59.46628],[72.025135,59.551735],[71.889945,59.555058],[71.792031,59.635935],[71.544795,59.685164],[71.499573,59.742673],[71.257995,59.78872],[71.179328,59.907066],[70.999745,59.827671],[70.743119,59.884664],[70.395593,59.839298],[70.2614,59.91089],[70.134467,59.949768],[69.991051,59.926652],[69.651104,59.909822],[69.623534,59.967746],[69.267802,59.989634],[69.168493,59.9663],[69.072155,59.904664],[69.146265,59.88369],[69.312403,59.793005],[69.308508,59.769741],[69.044445,59.686838],[68.728619,59.568394],[68.573023,59.588331],[68.495627,59.42603],[68.402848,59.306112],[68.269337,59.24606],[68.104095,59.210562],[67.793838,59.2101],[67.658222,59.168561],[67.612735,59.104868],[67.303189,59.023444],[67.052156,58.932059],[66.969014,58.972043],[66.772472,58.923282],[66.785238,58.656545],[66.455931,58.607422],[66.291235,58.594888],[65.95016,58.614779]]]]}},{"type":"Feature","properties":{"id":"r20","name":"Владимирская область","sourceName":"Владимирская область","disputed":false},"geometry":{"type":"MultiPolygon","coordinates":[[[[38.318131,56.658578],[38.358751,56.57327],[38.27379,56.531804],[38.394348,56.459764],[38.446269,56.3865],[38.396988,56.283185],[38.414288,56.23558],[38.521041,56.182146],[38.510329,56.133191],[38.576002,55.998682],[38.73143,55.979875],[38.838383,55.91481],[38.885039,55.9452],[39.020238,55.950411],[39.075125,55.868746],[39.16766,55.840038],[39.280373,55.850979],[39.351905,55.768562],[39.402762,55.785803],[39.660764,55.795394],[39.732105,55.842353],[39.889102,55.833195],[39.886481,55.760985],[40.05359,55.655344],[40.093163,55.607689],[40.048871,55.526498],[40.167802,55.52662],[40.194029,55.461913],[40.142569,55.418107],[40.190923,55.365007],[40.27841,55.346734],[40.358068,55.289607],[40.527195,55.302347],[40.612955,55.217774],[40.903138,55.237651],[40.993449,55.257039],[41.099888,55.206303],[41.294505,55.233472],[41.321256,55.196107],[41.443436,55.145457],[41.543868,55.173107],[41.631239,55.120261],[41.772956,55.132378],[41.795935,55.103672],[41.894756,55.264397],[41.972521,55.286605],[42.016668,55.377439],[42.166871,55.443995],[42.094265,55.488752],[42.06483,55.587369],[42.134566,55.617994],[42.136665,55.681753],[42.295724,55.773173],[42.393333,55.788542],[42.506266,55.88505],[42.531744,55.95661],[42.60881,55.932994],[42.719076,56.009528],[42.688223,56.08365],[42.871771,56.138158],[42.942883,56.190469],[42.788201,56.207921],[42.794772,56.284807],[42.725957,56.36644],[42.614182,56.406734],[42.405769,56.447772],[42.218455,56.440683],[42.189135,56.39877],[42.046402,56.352363],[41.979437,56.373575],[41.948542,56.481586],[41.833692,56.499741],[41.677381,56.49658],[41.585362,56.473681],[41.370215,56.501039],[41.316213,56.487934],[41.032232,56.490377],[40.918034,56.50348],[40.767234,56.594363],[40.490601,56.583698],[40.22551,56.439819],[40.046509,56.484456],[39.957077,56.533707],[39.869085,56.624718],[39.900942,56.770205],[39.72651,56.796011],[39.579191,56.798241],[39.491998,56.749415],[39.402019,56.771048],[39.312824,56.660539],[39.323495,56.578197],[39.273024,56.536674],[39.106371,56.571705],[38.972406,56.535227],[38.841929,56.605497],[38.620283,56.576062],[38.531709,56.590182],[38.492388,56.648677],[38.398327,56.68225],[38.318131,56.658578]]]]}},{"type":"Feature","properties":{"id":"r21","name":"Московская область","sourceName":"Московская область","disputed":false},"geometry":{"type":"MultiPolygon","coordinates":[[[[35.148495,55.957501],[35.199279,55.889126],[35.330782,55.792565],[35.30433,55.734254],[35.32325,55.665981],[35.386857,55.594644],[35.300606,55.581443],[35.324762,55.480205],[35.274107,55.331069],[35.334221,55.271752],[35.446271,55.229013],[35.576835,55.269049],[35.741156,55.295578],[35.842833,55.232315],[35.958628,55.241411],[36.115347,55.184706],[36.237559,55.188104],[36.328046,55.215914],[36.417366,55.303984],[36.535195,55.307073],[36.621329,55.265391],[36.763246,55.269828],[36.794096,55.226977],[36.93724,55.241391],[36.986441,55.315589],[36.856056,55.380332],[36.803101,55.440833],[36.816053,55.508359],[36.977651,55.493772],[36.973446,55.45546],[37.139813,55.473409],[37.087353,55.590355],[37.240713,55.643688],[37.417481,55.680776],[37.368948,55.745982],[37.362157,55.822037],[37.40942,55.880688],[37.55595,55.909555],[37.703052,55.893412],[37.837369,55.82249],[37.842655,55.746734],[37.886971,55.705215],[37.840962,55.655559],[37.684567,55.574055],[37.60032,55.575374],[37.611354,55.489635],[37.467019,55.41344],[37.406942,55.336124],[37.405315,55.250576],[37.271561,55.258824],[37.163361,55.231579],[37.169879,55.164339],[37.045003,55.142201],[37.116322,55.098063],[37.095868,55.032409],[37.192994,54.923256],[37.165285,54.86658],[37.272035,54.839777],[37.446294,54.841587],[37.563038,54.742341],[37.682832,54.717463],[37.758426,54.743],[37.779168,54.815614],[37.938469,54.849673],[38.039657,54.764673],[38.050275,54.720807],[38.134454,54.686644],[38.216253,54.696624],[38.391978,54.63557],[38.456644,54.653588],[38.516588,54.59149],[38.377215,54.526831],[38.39772,54.475176],[38.527101,54.395264],[38.510521,54.296849],[38.665982,54.256714],[38.712983,54.348532],[38.940648,54.407989],[38.930667,54.43928],[38.779489,54.47923],[38.826756,54.60643],[39.02361,54.64112],[39.226063,54.635703],[39.232055,54.718611],[39.300491,54.73527],[39.466207,54.892387],[39.517518,54.983877],[39.804256,55.005216],[39.862565,55.111142],[39.799059,55.137608],[39.837854,55.204526],[39.987484,55.213318],[40.154644,55.264389],[40.190923,55.365007],[40.142569,55.418107],[40.194029,55.461913],[40.167802,55.52662],[40.048871,55.526498],[40.093163,55.607689],[40.05359,55.655344],[39.886481,55.760985],[39.889102,55.833195],[39.732105,55.842353],[39.660764,55.795394],[39.402762,55.785803],[39.351905,55.768562],[39.280373,55.850979],[39.16766,55.840038],[39.075125,55.868746],[39.020238,55.950411],[38.885039,55.9452],[38.838383,55.91481],[38.73143,55.979875],[38.576002,55.998682],[38.510329,56.133191],[38.521041,56.182146],[38.414288,56.23558],[38.396988,56.283185],[38.446269,56.3865],[38.394348,56.459764],[38.27379,56.531804],[38.358751,56.57327],[38.318131,56.658578],[38.304354,56.759976],[38.244299,56.793463],[38.103836,56.759725],[38.009817,56.771481],[37.984001,56.865396],[37.798462,56.908819],[37.758185,56.949991],[37.548218,56.918446],[37.574944,56.873177],[37.483008,56.787671],[37.167297,56.779564],[37.066831,56.755621],[37.17425,56.696425],[37.115391,56.640885],[37.148042,56.587675],[37.098352,56.540526],[36.813078,56.579103],[36.614859,56.517958],[36.54243,56.473843],[36.425619,56.473675],[36.273977,56.417564],[36.012155,56.37822],[35.871625,56.37212],[35.735272,56.389721],[35.599685,56.477777],[35.518457,56.430333],[35.434271,56.458656],[35.50231,56.259486],[35.315791,56.227991],[35.363129,56.178871],[35.28455,56.124996],[35.304736,56.058311],[35.196821,56.012079],[35.148495,55.957501]],[[37.131602,56.016446],[37.260562,55.993143],[37.146611,55.963719],[37.131602,56.016446]],[[37.845327,55.813562],[37.872252,55.822498],[37.884128,55.816661],[37.865743,55.804208],[37.845327,55.813562]]]]}},{"type":"Feature","properties":{"id":"r22","name":"Волгоградская область","sourceName":"Волгоградская область","disputed":false},"geometry":{"type":"MultiPolygon","coordinates":[[[[42.880894,51.233025],[42.708392,51.247608],[42.595525,51.153082],[42.293994,51.137003],[42.087336,51.147966],[41.928097,51.194125],[41.857815,51.158983],[41.750759,51.006208],[41.471846,50.949818],[41.3928,50.842407],[41.168874,50.776314],[41.347529,50.710292],[41.446748,50.606084],[41.51734,50.608973],[41.420479,50.498893],[41.522312,50.362297],[41.400994,50.202806],[41.492899,50.082891],[41.610802,50.041515],[41.576483,49.992399],[41.617367,49.959574],[41.751389,49.918476],[41.87773,49.907268],[41.920794,49.850074],[41.984923,49.835096],[42.136251,49.732863],[42.184355,49.675666],[42.081482,49.51253],[42.029998,49.342203],[42.078087,49.340972],[42.021112,49.133835],[42.189283,49.122345],[42.339804,49.139264],[42.381409,49.109262],[42.41803,49.003343],[42.500368,49.010149],[42.554753,48.9739],[42.682567,48.935906],[42.68149,48.875137],[42.747807,48.822529],[42.745068,48.774256],[42.665464,48.724617],[42.704482,48.586598],[42.527661,48.521032],[42.362682,48.497345],[42.317278,48.51603],[42.085691,48.415706],[42.181006,48.276915],[42.062792,48.265648],[42.12905,48.140898],[42.020522,48.091585],[42.046224,48.027148],[42.172242,48.007568],[42.216126,48.032691],[42.39162,48.00933],[42.525202,48.018644],[42.547152,47.971845],[42.62961,47.908836],[42.720173,47.87587],[42.75922,47.760653],[42.846395,47.671727],[42.925543,47.519058],[42.986591,47.505497],[43.049853,47.553617],[43.145453,47.528941],[43.155268,47.466015],[43.314577,47.447569],[43.402113,47.470062],[43.587169,47.485709],[43.711218,47.474225],[43.667597,47.548888],[43.714769,47.717624],[43.87145,47.760843],[43.945831,47.753096],[44.08259,47.899435],[44.355441,47.853998],[44.422416,47.956618],[44.424307,48.042363],[44.325132,48.041328],[44.326409,48.238797],[44.544157,48.188073],[44.541511,48.049884],[44.809767,48.050632],[44.925662,48.120248],[44.907817,48.220676],[44.959474,48.270909],[45.014083,48.425031],[45.06461,48.461715],[45.185557,48.493682],[45.332175,48.44538],[45.424031,48.495571],[45.326594,48.549082],[45.58457,48.605118],[45.715611,48.649088],[45.916585,48.770478],[45.987327,48.880416],[46.060027,48.905198],[46.329392,48.862662],[46.627097,48.679148],[46.779498,48.951999],[46.891,48.981869],[47.029128,49.088384],[47.048171,49.16774],[46.991765,49.235037],[46.779693,49.337954],[46.829501,49.568843],[46.858629,49.644727],[46.902044,49.863013],[47.181973,49.934973],[47.352685,50.093983],[47.257387,50.191595],[47.334775,50.237773],[47.299714,50.302702],[47.406683,50.336373],[47.430817,50.376814],[47.272176,50.379065],[47.204637,50.430211],[47.205309,50.509006],[47.038152,50.509679],[46.911452,50.489874],[46.870769,50.523747],[46.856582,50.641039],[46.775424,50.642726],[46.727447,50.703916],[46.56808,50.690451],[46.56871,50.61463],[46.45836,50.617155],[46.454607,50.556361],[46.345208,50.555483],[46.278413,50.527697],[46.06719,50.531507],[46.034078,50.665117],[45.893032,50.749988],[45.744223,50.757302],[45.678601,50.667025],[45.705741,50.582496],[45.553433,50.586653],[45.402934,50.613329],[45.385037,50.589915],[45.192553,50.585635],[45.206509,50.662741],[45.27866,50.718574],[45.326157,50.860856],[45.203797,50.967902],[45.188598,51.044445],[45.074757,51.087625],[44.993972,51.146763],[44.939155,51.106577],[44.863315,51.170724],[44.789676,51.148431],[44.643897,51.178614],[44.571332,51.123383],[44.499365,51.205177],[44.423273,51.179174],[44.210865,51.18176],[44.184978,51.093284],[44.058569,51.102738],[44.019169,51.159132],[43.916286,51.160594],[43.848525,51.099921],[43.694087,51.108361],[43.652666,51.053429],[43.561489,51.060632],[43.357075,50.998832],[43.182935,51.113982],[42.880894,51.233025]]]]}},{"type":"Feature","properties":{"id":"r23","name":"Оренбургская область","sourceName":"Оренбургская область","disputed":false},"geometry":{"type":"MultiPolygon","coordinates":[[[[50.768482,51.773511],[50.87,51.7555],[50.8919,51.6884],[51.0987,51.6731],[51.2578,51.6909],[51.3081,51.6439],[51.3832,51.6438],[51.3855,51.5683],[51.2456,51.5678],[51.2927,51.4939],[51.4351,51.4773],[51.566504,51.505577],[51.658248,51.504487],[51.656046,51.448826],[51.813533,51.497057],[51.771901,51.582016],[51.86327,51.673711],[51.998532,51.683138],[52.090178,51.658756],[52.238604,51.72351],[52.333567,51.743368],[52.4603,51.6229],[52.5073,51.5152],[52.596496,51.45427],[52.758069,51.497401],[53.012649,51.478824],[53.1958,51.5115],[53.3513,51.5112],[53.4457,51.4445],[53.6283,51.392],[53.6069,51.2936],[53.7241,51.2136],[53.9065,51.1975],[54.124,51.1136],[54.1875,51.0325],[54.2061,50.9601],[54.2778,50.952],[54.2949,50.9019],[54.5325,50.8515],[54.4595,50.7573],[54.4145,50.6205],[54.510581,50.538894],[54.6124,50.5374],[54.719,50.6077],[54.6601,50.8262],[54.701,50.8891],[54.5688,50.9177],[54.5999,51.0309],[54.6889,51.0183],[54.8983,50.9593],[54.8959,50.9179],[55.0019,50.8999],[55.0648,50.9264],[55.1266,50.8742],[55.0594,50.8172],[55.1482,50.7963],[55.3758,50.6541],[55.4983,50.6719],[55.5297,50.6157],[55.7124,50.5576],[55.793,50.607],[56.0105,50.6747],[56.1449,50.7567],[56.1407,50.8321],[56.1856,50.9378],[56.2972,50.9024],[56.3753,50.9037],[56.4656,50.9646],[56.4546,51.057],[56.5184,51.0861],[56.6308,50.9857],[56.7545,50.9816],[56.704,51.0775],[56.7953,51.0949],[56.8958,51.0609],[56.9913,51.06],[57.1497,51.0861],[57.2408,51.0292],[57.2879,51.0363],[57.3328,50.9454],[57.4206,50.8975],[57.5072,50.8809],[57.5604,50.9364],[57.7497,50.9435],[57.772124,51.138578],[57.9548,51.0894],[58.0897,51.1233],[58.103926,51.069135],[58.172686,51.062474],[58.203885,51.128351],[58.321843,51.162528],[58.3868,51.0734],[58.5184,51.0851],[58.6205,51.0245],[58.5749,50.9406],[58.5953,50.8729],[58.6826,50.8897],[58.6599,50.8108],[58.7836,50.8181],[58.8741,50.7032],[59.4219,50.6411],[59.501,50.6134],[59.4593,50.5451],[59.5165,50.533],[59.7739,50.5443],[59.9901,50.6828],[59.9691,50.7759],[60.035842,50.845367],[60.2015,50.8242],[60.1609,50.7908],[60.3255,50.6671],[60.8115,50.6556],[61.4486,50.8061],[61.5718,51.2383],[61.689672,51.255852],[61.5483,51.3306],[61.4972,51.411],[61.2034,51.4563],[61.1105,51.4466],[61.019075,51.468301],[60.9192,51.5404],[60.9302,51.6143],[60.5388,51.6167],[60.4425,51.6345],[60.3541,51.6846],[60.5192,51.7763],[60.3209,51.8332],[60.152,51.9083],[60.0656,51.8729],[59.9912,51.9551],[60.0096,51.9938],[59.907917,52.040168],[59.968139,52.151874],[60.055011,52.182318],[60.173892,52.260282],[60.162998,52.400119],[60.037555,52.422929],[59.918259,52.42202],[59.824166,52.480058],[59.677565,52.408694],[59.658279,52.441261],[59.547646,52.442167],[59.249241,52.476566],[59.217112,52.304759],[59.165674,52.276502],[59.001908,52.361888],[59.001885,52.42465],[58.854927,52.425806],[58.837006,52.355784],[58.945428,52.339689],[58.952477,52.28167],[58.890892,52.250576],[58.742554,52.25867],[58.616724,52.136593],[58.652715,52.078787],[58.655641,51.893001],[58.574732,51.827034],[58.574905,51.771697],[58.329165,51.770234],[58.188301,51.733406],[58.109535,51.791877],[57.955184,51.793786],[57.912408,51.83583],[57.754365,51.825371],[57.715197,51.860028],[57.610925,51.785107],[57.573735,51.725647],[57.395935,51.727277],[57.407274,51.691396],[57.305837,51.60709],[57.160507,51.575738],[57.095569,51.66702],[57.002686,51.666984],[56.996857,51.720548],[56.795624,51.747499],[56.886129,51.677138],[56.892302,51.606433],[56.723,51.591497],[56.771116,51.666638],[56.743173,51.771281],[56.610845,51.827073],[56.704598,52.060058],[56.616321,52.128919],[56.487422,52.169284],[56.427945,52.144086],[56.268194,52.12193],[56.200487,52.166709],[56.338466,52.274525],[56.453994,52.297024],[56.432392,52.428407],[56.3508,52.496325],[56.445379,52.581714],[56.322344,52.580871],[56.26441,52.545861],[56.148457,52.632301],[56.067469,52.623386],[56.036609,52.570241],[55.944062,52.515294],[55.872231,52.5345],[55.848236,52.470308],[55.88206,52.396155],[55.773394,52.345755],[55.618275,52.371895],[55.499997,52.462045],[55.463937,52.624612],[55.403601,52.66772],[55.280618,52.630418],[55.269045,52.700114],[55.367311,52.683087],[55.427082,52.733112],[55.420737,52.791133],[55.34878,52.851411],[55.245713,52.818871],[55.1395,52.814367],[55.122748,52.914446],[55.053578,52.958721],[54.956557,53.119799],[54.927072,53.211115],[54.840853,53.252209],[54.675103,53.225767],[54.552032,53.263175],[54.547572,53.355177],[54.401955,53.369312],[54.316259,53.40333],[54.253711,53.361851],[54.151671,53.387978],[54.074814,53.441663],[53.850762,53.684026],[53.644587,53.753514],[53.57019,53.946731],[53.500606,54.056129],[53.346783,54.001296],[53.282151,54.037567],[53.287181,54.087859],[53.083714,54.092348],[52.954906,54.235049],[53.074925,54.221105],[53.15518,54.288275],[53.081858,54.317485],[52.922449,54.268675],[52.84457,54.313596],[52.696425,54.360757],[52.568276,54.340128],[52.528209,54.303314],[52.429383,54.310897],[52.310888,54.1766],[52.381203,54.133318],[52.381433,54.078402],[52.478891,54.070534],[52.371914,53.971878],[52.407727,53.950095],[52.3673,53.830625],[52.279768,53.744116],[52.188837,53.55588],[52.097669,53.558273],[52.078361,53.498788],[52.211862,53.380847],[52.126918,53.233201],[52.162267,53.087759],[52.050012,53.090567],[52.054539,52.964347],[51.913636,52.971276],[51.836879,52.864887],[51.715014,52.876347],[51.766511,52.800333],[51.720098,52.651894],[51.530492,52.631999],[51.490212,52.512063],[51.548183,52.46205],[51.473152,52.428663],[51.461028,52.365624],[51.384492,52.357747],[51.409321,52.22836],[51.462982,52.226136],[51.39142,52.069258],[51.262259,52.019003],[51.126882,51.92612],[51.033474,51.923495],[50.768482,51.773511]]]]}},{"type":"Feature","properties":{"id":"r24","name":"Самарская область","sourceName":"Самарская область","disputed":false},"geometry":{"type":"MultiPolygon","coordinates":[[[[50.092459,54.5066],[50.103772,54.423706],[50.155801,54.421101],[50.238884,54.295933],[50.242641,54.217581],[50.201921,54.168069],[50.223575,54.069714],[50.182345,54.023657],[50.055435,53.977369],[49.97804,53.978772],[49.92765,53.889398],[50.037275,53.880285],[50.035857,53.819146],[49.850446,53.831996],[49.816593,53.889757],[49.703278,53.830193],[49.311524,53.872624],[48.994669,53.872317],[48.994808,53.706596],[48.851574,53.70602],[48.782186,53.73168],[48.568594,53.732384],[48.496603,53.694885],[48.501419,53.649835],[48.348159,53.652527],[48.345203,53.593476],[48.406508,53.563752],[48.369543,53.474137],[48.230902,53.490874],[48.142127,53.46636],[48.035817,53.471305],[48.026014,53.421352],[47.936798,53.362035],[48.05411,53.270478],[48.142666,53.246232],[48.109719,53.178832],[48.212984,53.137229],[48.136843,53.050528],[48.22456,53.004761],[48.249203,53.065634],[48.363287,53.048013],[48.325615,52.996912],[48.359846,52.957338],[48.522826,52.949445],[48.579817,52.86443],[48.428632,52.814407],[48.375575,52.768162],[48.349461,52.662993],[48.515914,52.67827],[48.574395,52.627327],[48.693213,52.639141],[48.7272,52.542621],[48.834615,52.541915],[48.91233,52.468457],[49.17145,52.49976],[49.258082,52.496366],[49.320768,52.45359],[49.310256,52.400847],[49.434658,52.39862],[49.450203,52.320162],[49.507461,52.322905],[49.520202,52.395764],[49.637919,52.34005],[49.65935,52.282221],[49.733409,52.272851],[49.798156,52.172336],[49.985816,52.171653],[50.159593,52.090682],[50.215367,52.036168],[50.352399,51.981541],[50.520058,51.993772],[50.70172,51.932973],[50.701438,51.819657],[50.768482,51.773511],[51.033474,51.923495],[51.126882,51.92612],[51.262259,52.019003],[51.39142,52.069258],[51.462982,52.226136],[51.409321,52.22836],[51.384492,52.357747],[51.461028,52.365624],[51.473152,52.428663],[51.548183,52.46205],[51.490212,52.512063],[51.530492,52.631999],[51.720098,52.651894],[51.766511,52.800333],[51.715014,52.876347],[51.836879,52.864887],[51.913636,52.971276],[52.054539,52.964347],[52.050012,53.090567],[52.162267,53.087759],[52.126918,53.233201],[52.211862,53.380847],[52.078361,53.498788],[52.097669,53.558273],[52.188837,53.55588],[52.279768,53.744116],[52.3673,53.830625],[52.407727,53.950095],[52.371914,53.971878],[52.478891,54.070534],[52.381433,54.078402],[52.381203,54.133318],[52.310888,54.1766],[52.429383,54.310897],[52.528209,54.303314],[52.568276,54.340128],[52.506097,54.373703],[52.502117,54.459062],[52.242889,54.439682],[52.177387,54.375267],[52.036276,54.355165],[52.065442,54.418411],[51.942378,54.442035],[51.937886,54.516537],[51.777251,54.556853],[51.633644,54.565003],[51.513411,54.595142],[51.381752,54.588079],[51.355951,54.652574],[51.228203,54.631567],[51.008365,54.549436],[50.954356,54.392084],[50.821745,54.363758],[50.736443,54.40472],[50.648443,54.38512],[50.521263,54.324949],[50.386738,54.48487],[50.307483,54.442655],[50.223149,54.492175],[50.092459,54.5066]]]]}},{"type":"Feature","properties":{"id":"r25","name":"Астраханская область","sourceName":"Астраханская область","disputed":false},"geometry":{"type":"MultiPolygon","coordinates":[[[[47.525402,45.516259],[47.536615,45.618315],[47.493027,45.607853],[47.525402,45.516259]]],[[[46.442228,45.445634],[46.623328,45.43539],[46.641147,45.480164],[46.796407,45.475933],[46.857051,45.453028],[46.887071,45.527964],[46.657629,45.548772],[46.64226,45.503998],[46.450469,45.47927],[46.442228,45.445634]]],[[[44.959474,48.270909],[45.16327,48.220678],[45.237731,48.163267],[45.262919,48.105305],[45.379503,48.099367],[45.538544,48.000163],[45.709239,48.031621],[45.756974,47.999506],[45.714082,47.930545],[45.739711,47.830349],[45.784475,47.813522],[45.84068,47.720255],[45.899852,47.716297],[45.921851,47.644367],[46.01468,47.560119],[46.267429,47.420222],[46.399411,47.413074],[46.686796,47.600822],[46.761806,47.607203],[46.849366,47.558483],[46.670632,47.481379],[46.537442,47.402958],[46.740043,47.073335],[46.812525,46.999756],[46.961775,46.973802],[46.978936,46.856998],[46.957767,46.718362],[46.865823,46.619374],[46.949854,46.523028],[46.966353,46.445819],[46.857248,46.456596],[46.663456,46.440756],[46.558972,46.351447],[46.50222,46.374543],[46.409834,46.31735],[46.502882,46.280836],[46.449872,46.17173],[46.460982,45.972329],[46.295463,45.965225],[46.287833,45.919122],[46.400368,45.819715],[46.550585,45.799342],[46.501358,45.680098],[46.695152,45.646005],[46.813717,45.567917],[46.947678,45.596515],[46.970299,45.621809],[47.21186,45.618515],[47.294348,45.670429],[47.518467,45.657173],[47.703959,45.552546],[47.834893,45.544017],[47.895146,45.608541],[47.859956,45.634954],[47.891283,45.696838],[48.038227,45.664476],[48.087666,45.634476],[48.26894,45.698057],[48.331374,45.664136],[48.528151,45.652717],[48.681239,45.602548],[48.747014,45.643914],[48.772363,45.789438],[48.73873,45.913838],[48.810303,45.895161],[48.932957,45.92175],[48.93009,45.978582],[49.019815,45.964197],[49.016532,46.087692],[49.063068,46.118371],[49.151975,46.018867],[49.252796,46.021487],[49.247631,46.154911],[49.325705,46.136539],[49.336408,46.199731],[49.275671,46.237426],[49.317983,46.275273],[49.1542,46.3854],[49.0508,46.3982],[48.817043,46.492128],[48.787066,46.541891],[48.5625,46.5596],[48.5087,46.68],[48.514,46.7365],[48.6563,46.774],[48.7502,46.6867],[48.9185,46.6954],[49.018,46.7629],[48.9849,46.81],[48.7206,47.0786],[48.5168,47.4124],[48.4462,47.4191],[48.3004,47.5742],[48.2104,47.6932],[48.1166,47.7504],[47.6712,47.7563],[47.4145,47.8317],[47.3863,47.6819],[47.1952,47.7611],[47.1298,47.827],[47.1763,47.8526],[47.0521,47.9903],[47.1605,48.065],[47.0963,48.1037],[47.1241,48.1597],[47.1012,48.2231],[47.1246,48.2697],[46.7449,48.355],[46.4923,48.4372],[46.627097,48.679148],[46.329392,48.862662],[46.060027,48.905198],[45.987327,48.880416],[45.916585,48.770478],[45.715611,48.649088],[45.58457,48.605118],[45.326594,48.549082],[45.424031,48.495571],[45.332175,48.44538],[45.185557,48.493682],[45.06461,48.461715],[45.014083,48.425031],[44.959474,48.270909]]]]}},{"type":"Feature","properties":{"id":"r26","name":"Республика Адыгея","sourceName":"Адыгея","disputed":false},"geometry":{"type":"MultiPolygon","coordinates":[[[[38.684018,44.951415],[38.81593,44.944065],[38.854172,44.894369],[39.090759,44.817163],[39.152772,44.835918],[39.392659,44.813253],[39.556268,44.806862],[39.641949,44.865606],[39.64016,44.895798],[39.475028,44.987667],[39.471249,45.035691],[39.622129,45.049037],[39.692425,44.951403],[39.7641,44.990373],[39.884915,45.023241],[39.933944,44.883853],[40.029016,44.746998],[39.942818,44.736303],[39.896248,44.661805],[39.929128,44.590294],[39.884823,44.555065],[39.879092,44.396542],[39.845903,44.353173],[39.975012,44.339454],[39.989763,44.26131],[40.089498,44.250888],[40.087558,44.178697],[39.993302,44.076403],[39.89664,44.123925],[39.865027,44.184307],[39.761805,44.148818],[39.829143,44.084684],[39.777775,43.961767],[39.851457,43.92423],[39.953051,43.933772],[40.013335,43.884374],[40.150901,43.857695],[40.216865,43.779116],[40.276256,43.760788],[40.365667,43.773269],[40.420424,43.882593],[40.412941,43.9419],[40.47699,43.958813],[40.429388,44.052424],[40.429459,44.114159],[40.359829,44.246745],[40.482902,44.315372],[40.434918,44.421516],[40.383468,44.479314],[40.396912,44.532541],[40.34029,44.627029],[40.366447,44.71686],[40.429997,44.762156],[40.567472,44.738403],[40.567395,44.654544],[40.644146,44.636225],[40.66125,44.482709],[40.775739,44.465024],[40.724394,44.557565],[40.738487,44.59697],[40.653018,44.693586],[40.633412,44.775185],[40.527814,44.933474],[40.280774,45.103904],[40.164303,45.120849],[40.060558,45.092623],[39.900147,45.096677],[39.687916,45.154833],[39.628562,45.216601],[39.544279,45.187122],[39.376052,45.056554],[39.289095,45.01783],[39.075968,44.978716],[38.973448,45.007383],[38.897701,45.053791],[38.785869,45.004562],[38.76967,45.055299],[38.689718,45.059975],[38.684018,44.951415]]]]}},{"type":"Feature","properties":{"id":"r27","name":"Республика Калмыкия","sourceName":"Республика Калмыкия","disputed":false},"geometry":{"type":"MultiPolygon","coordinates":[[[[43.711218,47.474225],[43.786743,47.354211],[43.793497,47.26782],[43.939513,47.25875],[43.925687,47.328734],[43.964133,47.40023],[44.132611,47.413516],[44.13358,47.544736],[44.230995,47.550569],[44.230889,47.478641],[44.310809,47.478534],[44.319242,47.140927],[44.264923,46.979791],[44.256393,46.899115],[44.151636,46.82319],[44.086836,46.835502],[44.033594,46.764545],[43.915336,46.71508],[43.880131,46.625224],[43.808097,46.574571],[43.930569,46.535045],[43.922905,46.388381],[43.975825,46.360302],[43.894935,46.300253],[43.824302,46.35166],[43.745787,46.363431],[43.623158,46.177832],[43.533951,46.160119],[43.333072,46.169188],[42.93173,46.446915],[42.781082,46.402784],[42.769106,46.368682],[42.598456,46.383882],[42.397084,46.511122],[42.200366,46.558404],[42.044824,46.533957],[42.100883,46.374208],[42.163927,46.382901],[42.170595,46.297562],[41.962308,46.297794],[41.911855,46.254929],[41.911261,46.203514],[41.863031,46.143873],[41.738463,46.185582],[41.637826,46.176103],[41.701913,46.052122],[41.71441,45.982428],[41.902802,45.967967],[42.083464,45.96571],[42.151814,45.941748],[42.170947,46.111897],[42.329676,46.135219],[42.319871,45.968447],[42.554668,46.006404],[42.667402,46.086494],[42.737359,46.09132],[42.862475,46.176396],[42.913775,46.236222],[43.001746,46.169322],[43.310364,46.08988],[43.359737,46.03311],[43.46974,45.988886],[43.723194,45.982617],[43.91811,45.944987],[44.088585,45.78642],[44.123003,45.705848],[44.181222,45.635409],[44.319047,45.551302],[44.451726,45.507077],[44.577006,45.505149],[44.598395,45.478292],[44.742814,45.434872],[44.837377,45.42828],[44.895113,45.387432],[45.19376,45.283866],[45.586328,45.12112],[45.715953,44.995841],[45.705116,44.977363],[45.793632,44.987632],[45.969277,44.980757],[46.358672,44.9408],[46.504579,44.934296],[46.63506,44.861066],[46.860148,44.799174],[46.895027,44.8121],[46.950065,44.871835],[47.069198,44.839101],[47.099925,44.910144],[47.199661,45.021639],[47.241203,45.150354],[47.282058,45.172384],[47.277252,45.240838],[47.315031,45.298211],[47.415267,45.366888],[47.381278,45.410048],[47.423999,45.461146],[47.525402,45.516259],[47.493027,45.607853],[47.536615,45.618315],[47.518467,45.657173],[47.294348,45.670429],[47.21186,45.618515],[46.970299,45.621809],[46.947678,45.596515],[46.813717,45.567917],[46.695152,45.646005],[46.501358,45.680098],[46.550585,45.799342],[46.400368,45.819715],[46.287833,45.919122],[46.295463,45.965225],[46.460982,45.972329],[46.449872,46.17173],[46.502882,46.280836],[46.409834,46.31735],[46.50222,46.374543],[46.558972,46.351447],[46.663456,46.440756],[46.857248,46.456596],[46.966353,46.445819],[46.949854,46.523028],[46.865823,46.619374],[46.957767,46.718362],[46.978936,46.856998],[46.961775,46.973802],[46.812525,46.999756],[46.740043,47.073335],[46.537442,47.402958],[46.670632,47.481379],[46.849366,47.558483],[46.761806,47.607203],[46.686796,47.600822],[46.399411,47.413074],[46.267429,47.420222],[46.01468,47.560119],[45.921851,47.644367],[45.899852,47.716297],[45.84068,47.720255],[45.784475,47.813522],[45.739711,47.830349],[45.714082,47.930545],[45.756974,47.999506],[45.709239,48.031621],[45.538544,48.000163],[45.379503,48.099367],[45.262919,48.105305],[45.237731,48.163267],[45.16327,48.220678],[44.959474,48.270909],[44.907817,48.220676],[44.925662,48.120248],[44.809767,48.050632],[44.541511,48.049884],[44.544157,48.188073],[44.326409,48.238797],[44.325132,48.041328],[44.424307,48.042363],[44.422416,47.956618],[44.355441,47.853998],[44.08259,47.899435],[43.945831,47.753096],[43.87145,47.760843],[43.714769,47.717624],[43.667597,47.548888],[43.711218,47.474225]],[[46.442228,45.445634],[46.450469,45.47927],[46.64226,45.503998],[46.657629,45.548772],[46.887071,45.527964],[46.857051,45.453028],[46.796407,45.475933],[46.641147,45.480164],[46.623328,45.43539],[46.442228,45.445634]]]]}},{"type":"Feature","properties":{"id":"r28","name":"Краснодарский край","sourceName":"Краснодарский край","disputed":false},"geometry":{"type":"MultiPolygon","coordinates":[[[[38.685837,46.870703],[38.442314,46.845572],[38.395578,46.749186],[38.507361,46.751],[38.588822,46.715775],[38.59285,46.66621],[38.508533,46.643441],[38.336148,46.662897],[38.27479,46.73225],[38.143657,46.693141],[38.046164,46.642005],[37.898384,46.634959],[37.750486,46.665961],[37.814032,46.540197],[37.886669,46.432587],[37.984388,46.365851],[38.02218,46.401858],[38.09715,46.397216],[38.283101,46.269619],[38.244744,46.159911],[38.187299,46.117668],[38.154167,46.00482],[38.095676,46.059136],[37.988006,46.043356],[37.921083,45.961559],[37.838271,45.761433],[37.649322,45.686373],[37.601331,45.622049],[37.596887,45.453258],[37.520138,45.375011],[37.325766,45.329868],[37.220562,45.332895],[37.100533,45.358521],[36.857142,45.450949],[36.758318,45.410055],[36.840953,45.368163],[36.800195,45.303005],[36.929346,45.329524],[36.983759,45.282268],[36.865074,45.249325],[36.620802,45.210887],[36.632684,45.14063],[36.734784,45.109817],[36.857438,45.114238],[37.114006,45.042229],[37.260272,44.974602],[37.313242,44.925658],[37.297421,44.888872],[37.38328,44.782317],[37.380786,44.756589],[37.547863,44.676385],[37.726726,44.649426],[37.812425,44.670426],[37.840099,44.715448],[37.930584,44.644701],[37.985934,44.567711],[38.132558,44.49657],[38.221344,44.411896],[38.360615,44.373243],[38.568628,44.349458],[38.793077,44.279909],[38.871481,44.19458],[38.997504,44.161673],[39.150138,44.02264],[39.296422,43.941055],[39.460655,43.78892],[39.681806,43.637528],[39.713454,43.577165],[39.863359,43.511356],[39.914505,43.424872],[40.008494,43.385291],[40.090694,43.555579],[40.24219,43.586529],[40.477821,43.549126],[40.566298,43.519157],[40.661776,43.563048],[40.713602,43.532771],[40.712826,43.685883],[40.756861,43.749115],[40.722806,43.7949],[40.802972,43.917742],[40.885749,43.944623],[40.935459,44.017353],[40.891276,44.142995],[40.954853,44.14107],[41.084788,44.094713],[41.264029,44.094959],[41.308807,43.997952],[41.47975,44.000926],[41.538583,44.044665],[41.550784,44.096158],[41.637668,44.117428],[41.698912,44.171185],[41.74398,44.268377],[41.633695,44.377892],[41.693904,44.409881],[41.736821,44.473134],[41.589707,44.515929],[41.551966,44.618152],[41.494933,44.595691],[41.427077,44.708474],[41.559862,44.738386],[41.638753,44.864101],[41.654051,44.986251],[41.456479,44.988263],[41.40635,45.064124],[41.351444,45.09139],[41.353706,45.223072],[41.036139,45.225292],[40.980407,45.422455],[40.92249,45.447101],[40.923175,45.516862],[40.846043,45.51692],[40.847968,45.694229],[41.167237,45.674439],[41.169374,45.759651],[41.272136,45.758834],[41.233466,45.831393],[41.161177,45.879841],[41.160898,45.951688],[41.121842,46.059611],[41.044878,46.1225],[40.978788,46.113405],[40.990422,46.298363],[40.925535,46.295277],[40.925714,46.229994],[40.74449,46.229063],[40.743525,46.285549],[40.566432,46.286279],[40.537268,46.272668],[40.324128,46.28296],[40.272275,46.314493],[40.285994,46.448445],[40.238122,46.448403],[40.221454,46.537824],[40.064291,46.534309],[40.064406,46.628049],[40.116658,46.646098],[40.11629,46.718187],[40.063222,46.771941],[39.841119,46.771467],[39.840838,46.789107],[39.563772,46.787894],[39.4461,46.818085],[39.418574,46.796536],[39.262562,46.794294],[39.261845,46.708199],[39.209323,46.682072],[39.209095,46.620574],[39.056754,46.620234],[38.90208,46.634822],[38.895873,46.826389],[38.685737,46.826137],[38.685837,46.870703]],[[38.684018,44.951415],[38.689718,45.059975],[38.76967,45.055299],[38.785869,45.004562],[38.897701,45.053791],[38.973448,45.007383],[39.075968,44.978716],[39.289095,45.01783],[39.376052,45.056554],[39.544279,45.187122],[39.628562,45.216601],[39.687916,45.154833],[39.900147,45.096677],[40.060558,45.092623],[40.164303,45.120849],[40.280774,45.103904],[40.527814,44.933474],[40.633412,44.775185],[40.653018,44.693586],[40.738487,44.59697],[40.724394,44.557565],[40.775739,44.465024],[40.66125,44.482709],[40.644146,44.636225],[40.567395,44.654544],[40.567472,44.738403],[40.429997,44.762156],[40.366447,44.71686],[40.34029,44.627029],[40.396912,44.532541],[40.383468,44.479314],[40.434918,44.421516],[40.482902,44.315372],[40.359829,44.246745],[40.429459,44.114159],[40.429388,44.052424],[40.47699,43.958813],[40.412941,43.9419],[40.420424,43.882593],[40.365667,43.773269],[40.276256,43.760788],[40.216865,43.779116],[40.150901,43.857695],[40.013335,43.884374],[39.953051,43.933772],[39.851457,43.92423],[39.777775,43.961767],[39.829143,44.084684],[39.761805,44.148818],[39.865027,44.184307],[39.89664,44.123925],[39.993302,44.076403],[40.087558,44.178697],[40.089498,44.250888],[39.989763,44.26131],[39.975012,44.339454],[39.845903,44.353173],[39.879092,44.396542],[39.884823,44.555065],[39.929128,44.590294],[39.896248,44.661805],[39.942818,44.736303],[40.029016,44.746998],[39.933944,44.883853],[39.884915,45.023241],[39.7641,44.990373],[39.692425,44.951403],[39.622129,45.049037],[39.471249,45.035691],[39.475028,44.987667],[39.64016,44.895798],[39.641949,44.865606],[39.556268,44.806862],[39.392659,44.813253],[39.152772,44.835918],[39.090759,44.817163],[38.854172,44.894369],[38.81593,44.944065],[38.684018,44.951415]]],[[[38.321016,46.758998],[38.343774,46.759644],[38.337657,46.771534],[38.321016,46.758998]]]]}},{"type":"Feature","properties":{"id":"r29","name":"Ростовская область","sourceName":"Ростовская область","disputed":false},"geometry":{"type":"MultiPolygon","coordinates":[[[[40.135392,49.617102],[40.16962,49.56877],[40.03899,49.52053],[40.02954,49.45358],[40.11417,49.38578],[40.20035,49.34595],[40.19623,49.23969],[40.12567,49.23214],[40.03092,49.17944],[39.93805,49.08228],[39.76742,49.04022],[39.69326,49.05052],[39.66322,49.00108],[39.75883,48.97568],[39.85239,48.89053],[40.06096,48.9089],[40.079895,48.870249],[39.97599,48.79286],[39.801117,48.842855],[39.78424,48.79166],[39.704308,48.720521],[39.723273,48.683864],[39.660537,48.607719],[39.84844,48.56953],[39.942518,48.346588],[39.84037,48.3292],[39.925,48.27152],[39.93685,48.18071],[39.87608,48.11806],[39.883388,48.041607],[39.81514,48.0015],[39.7954,47.87069],[39.73755,47.82778],[39.51731,47.82898],[39.38736,47.87104],[39.24162,47.86709],[39.14944,47.84202],[39.07356,47.86949],[38.87692,47.87593],[38.79006,47.81516],[38.78998,47.73697],[38.735099,47.699581],[38.663457,47.699723],[38.615914,47.643657],[38.45704,47.64427],[38.35095,47.6162],[38.28512,47.54419],[38.30332,47.39176],[38.22075,47.30541],[38.33473,47.3061],[38.32332,47.25606],[38.23397,47.2316],[38.231281,47.119614],[38.454392,47.150183],[38.514379,47.126731],[38.807674,47.175684],[38.865411,47.173844],[38.954653,47.268802],[39.097484,47.288388],[39.196595,47.284157],[39.241203,47.250562],[39.213179,47.19065],[39.248331,47.091601],[39.306328,47.054286],[39.239576,47.01872],[39.106956,47.041564],[38.985033,46.978733],[38.869901,46.945797],[38.851377,46.913136],[38.685837,46.870703],[38.685737,46.826137],[38.895873,46.826389],[38.90208,46.634822],[39.056754,46.620234],[39.209095,46.620574],[39.209323,46.682072],[39.261845,46.708199],[39.262562,46.794294],[39.418574,46.796536],[39.4461,46.818085],[39.563772,46.787894],[39.840838,46.789107],[39.841119,46.771467],[40.063222,46.771941],[40.11629,46.718187],[40.116658,46.646098],[40.064406,46.628049],[40.064291,46.534309],[40.221454,46.537824],[40.238122,46.448403],[40.285994,46.448445],[40.272275,46.314493],[40.324128,46.28296],[40.537268,46.272668],[40.566432,46.286279],[40.743525,46.285549],[40.74449,46.229063],[40.925714,46.229994],[40.925535,46.295277],[40.990422,46.298363],[40.978788,46.113405],[41.044878,46.1225],[41.121842,46.059611],[41.160898,45.951688],[41.393082,45.952307],[41.394203,45.997123],[41.666927,45.974902],[41.71441,45.982428],[41.701913,46.052122],[41.637826,46.176103],[41.738463,46.185582],[41.863031,46.143873],[41.911261,46.203514],[41.911855,46.254929],[41.962308,46.297794],[42.170595,46.297562],[42.163927,46.382901],[42.100883,46.374208],[42.044824,46.533957],[42.200366,46.558404],[42.397084,46.511122],[42.598456,46.383882],[42.769106,46.368682],[42.781082,46.402784],[42.93173,46.446915],[43.333072,46.169188],[43.533951,46.160119],[43.623158,46.177832],[43.745787,46.363431],[43.824302,46.35166],[43.894935,46.300253],[43.975825,46.360302],[43.922905,46.388381],[43.930569,46.535045],[43.808097,46.574571],[43.880131,46.625224],[43.915336,46.71508],[44.033594,46.764545],[44.086836,46.835502],[44.151636,46.82319],[44.256393,46.899115],[44.264923,46.979791],[44.319242,47.140927],[44.310809,47.478534],[44.230889,47.478641],[44.230995,47.550569],[44.13358,47.544736],[44.132611,47.413516],[43.964133,47.40023],[43.925687,47.328734],[43.939513,47.25875],[43.793497,47.26782],[43.786743,47.354211],[43.711218,47.474225],[43.587169,47.485709],[43.402113,47.470062],[43.314577,47.447569],[43.155268,47.466015],[43.145453,47.528941],[43.049853,47.553617],[42.986591,47.505497],[42.925543,47.519058],[42.846395,47.671727],[42.75922,47.760653],[42.720173,47.87587],[42.62961,47.908836],[42.547152,47.971845],[42.525202,48.018644],[42.39162,48.00933],[42.216126,48.032691],[42.172242,48.007568],[42.046224,48.027148],[42.020522,48.091585],[42.12905,48.140898],[42.062792,48.265648],[42.181006,48.276915],[42.085691,48.415706],[42.317278,48.51603],[42.362682,48.497345],[42.527661,48.521032],[42.704482,48.586598],[42.665464,48.724617],[42.745068,48.774256],[42.747807,48.822529],[42.68149,48.875137],[42.682567,48.935906],[42.554753,48.9739],[42.500368,49.010149],[42.41803,49.003343],[42.381409,49.109262],[42.339804,49.139264],[42.189283,49.122345],[42.021112,49.133835],[42.078087,49.340972],[42.029998,49.342203],[42.081482,49.51253],[42.184355,49.675666],[42.136251,49.732863],[41.984923,49.835096],[41.920794,49.850074],[41.87773,49.907268],[41.751389,49.918476],[41.617367,49.959574],[41.576483,49.992399],[41.610802,50.041515],[41.492899,50.082891],[41.400994,50.202806],[41.338107,50.208881],[41.288934,50.16324],[41.38366,50.113865],[41.297755,50.021471],[41.192887,50.011776],[41.082125,49.943371],[41.041246,49.866913],[41.047121,49.809186],[40.921617,49.700629],[40.795915,49.701203],[40.778987,49.667234],[40.636967,49.672992],[40.549094,49.580892],[40.374629,49.587519],[40.277485,49.628409],[40.16067,49.643123],[40.135392,49.617102]]]]}},{"type":"Feature","properties":{"id":"r30","name":"Мурманская область","sourceName":"Мурманская область","disputed":false},"geometry":{"type":"MultiPolygon","coordinates":[[[[37.70574,68.6977],[37.72188,68.69072],[37.77153,68.69227],[37.72519,68.70305],[37.70574,68.6977]]],[[[37.30636,68.80774],[37.35585,68.81468],[37.30736,68.82386],[37.30636,68.80774]]],[[[37.4454,68.78443],[37.50329,68.76292],[37.53135,68.76191],[37.4454,68.78443]]],[[[31.59187,69.83357],[31.58683,69.84785],[31.54918,69.83476],[31.59187,69.83357]]],[[[32.90325,66.77942],[32.92077,66.76984],[32.9311,66.7802],[32.90325,66.77942]]],[[[32.650804,66.9989],[32.664192,66.98653],[32.689873,66.987086],[32.667748,67.007217],[32.650804,66.9989]]],[[[32.695312,66.958859],[32.67393,66.97546],[32.67746,66.95501],[32.695312,66.958859]]],[[[33.146063,66.554993],[33.39487,66.53427],[33.2821,66.60098],[33.26084,66.65907],[33.01398,66.70633],[32.85405,66.77401],[32.708419,66.786273],[32.67914,66.82744],[32.532565,66.879149],[32.533075,66.949687],[32.60032,66.970034],[32.414782,67.041236],[32.379223,67.080393],[32.610274,67.120308],[32.793643,67.055027],[32.86009,66.96474],[33.165809,66.822241],[33.521461,66.712804],[33.654833,66.742315],[33.81664,66.74078],[33.84107,66.69846],[34.11349,66.66838],[34.37688,66.65529],[34.3897,66.58512],[34.45758,66.5423],[34.61065,66.54759],[34.75111,66.60056],[34.90499,66.59365],[35.20452,66.46835],[35.31512,66.46701],[35.37319,66.41804],[35.553892,66.383733],[35.94862,66.35128],[36.51809,66.27596],[36.808562,66.279432],[37.16856,66.23794],[37.34982,66.20273],[37.5611,66.13643],[37.87355,66.08971],[38.16788,66.07691],[38.27381,66.05781],[38.68333,66.06541],[38.88464,66.10262],[39.10524,66.1016],[39.47104,66.18295],[39.78873,66.21604],[39.99729,66.25427],[40.24692,66.36103],[40.37533,66.3813],[40.55781,66.45092],[40.76521,66.59501],[41.07541,66.73881],[41.22083,66.82942],[41.28056,66.95835],[41.34283,66.98975],[41.37839,67.1178],[41.35257,67.19299],[41.13319,67.21959],[41.08076,67.25545],[41.11903,67.40745],[40.98124,67.46835],[40.96469,67.554],[41.0374,67.63388],[40.96481,67.70636],[40.78342,67.71739],[40.65718,67.80142],[40.41782,67.75773],[40.2934,67.83157],[40.37697,67.88571],[40.15293,67.93933],[39.86595,68.035],[39.74674,68.02632],[39.41793,68.09163],[39.20009,68.17596],[38.74956,68.32616],[38.59059,68.34005],[38.3662,68.39077],[38.34165,68.41797],[38.09003,68.49121],[37.98151,68.56906],[37.84013,68.60895],[37.56993,68.7227],[37.44486,68.73577],[37.18829,68.83478],[37.12011,68.84169],[36.69986,68.97757],[36.39583,69.03546],[36.2878,69.09669],[35.84162,69.18652],[35.37518,69.22939],[35.161994,69.184528],[34.93122,69.21166],[34.71193,69.26051],[34.39303,69.27078],[34.400133,69.337502],[34.06902,69.38761],[33.76464,69.29413],[33.59508,69.30119],[33.486394,69.338025],[33.49699,69.40296],[33.20177,69.42733],[33.04923,69.45721],[32.53626,69.48638],[32.43754,69.55484],[32.12389,69.59062],[32.1942,69.62929],[32.45724,69.61394],[32.82052,69.56818],[32.95107,69.5836],[33.08635,69.64058],[33.06907,69.74537],[32.68554,69.79238],[32.53548,69.7914],[32.33302,69.88163],[32.056351,69.945372],[31.96086,69.8926],[32.07646,69.77261],[31.77533,69.83187],[31.68619,69.7052],[31.446,69.68663],[31.26842,69.74378],[30.827672,69.791213],[30.946421,69.674533],[30.945833,69.582222],[30.863889,69.536667],[30.515963,69.540426],[30.224023,69.653127],[30.137807,69.643539],[30.188101,69.565826],[30.115103,69.468341],[30.008813,69.415898],[29.84424,69.421226],[29.57299,69.318517],[29.390536,69.322218],[29.286096,69.294096],[29.312769,69.229286],[29.24223,69.11306],[29.04147,69.01083],[28.929294,69.051915],[28.49454,68.930194],[28.466344,68.886052],[28.800731,68.869303],[28.706112,68.732722],[28.43412,68.539794],[28.646077,68.196031],[29.326526,68.074817],[29.658791,67.802906],[30.017341,67.673569],[29.93051,67.522821],[29.645306,67.340548],[29.527181,67.311247],[29.450456,67.235442],[29.07346,66.995771],[29.031376,66.927782],[29.060753,66.852693],[29.322073,66.662859],[30.639788,66.658435],[31.575857,66.654003],[31.621161,66.502378],[31.791938,66.495233],[31.83003,66.371375],[31.936984,66.351047],[32.342661,66.345393],[32.360389,66.475171],[32.548149,66.479487],[32.557279,66.576101],[32.865577,66.583263],[33.146063,66.554993]]]]}},{"type":"Feature","properties":{"id":"r31","name":"Псковская область","sourceName":"Псковская область","disputed":false},"geometry":{"type":"MultiPolygon","coordinates":[[[[27.737764,58.97789],[27.357337,58.787222],[27.552989,58.366271],[27.48833,58.303981],[27.490969,58.224633],[27.590273,58.118556],[27.608029,58.054308],[27.697184,57.988741],[27.656366,57.955335],[27.81309,57.859975],[27.552423,57.834173],[27.525588,57.709414],[27.431497,57.709217],[27.376388,57.667844],[27.352455,57.518662],[27.500638,57.540215],[27.566494,57.514809],[27.517335,57.426961],[27.671273,57.395023],[27.870156,57.289795],[27.816832,57.142388],[27.719101,57.093104],[27.76852,57.002505],[27.732396,56.857217],[27.873961,56.877419],[27.94398,56.776315],[27.900609,56.759879],[28.012734,56.672437],[28.097587,56.511152],[28.194577,56.442573],[28.165597,56.374708],[28.241665,56.278862],[28.185322,56.230656],[28.196056,56.138704],[28.293816,56.066224],[28.54978,56.11447],[28.68951,56.03491],[28.737046,55.969152],[28.80981,55.972421],[29.088155,56.034096],[29.212319,55.990563],[29.305426,55.99142],[29.44626,55.958552],[29.479157,55.918962],[29.403618,55.872377],[29.360427,55.797403],[29.40285,55.75149],[29.51683,55.70214],[29.58558,55.75896],[29.74128,55.80179],[29.80067,55.77999],[29.89955,55.86101],[29.978615,55.871013],[30.10906,55.83106],[30.27532,55.86222],[30.36553,55.80934],[30.48122,55.81063],[30.53161,55.74943],[30.63126,55.72446],[30.64276,55.67219],[30.75863,55.60361],[30.931557,55.623159],[30.965018,55.668984],[31.062574,55.704743],[31.038165,55.758896],[31.483134,55.718642],[31.406805,55.805773],[31.414319,55.890728],[31.363869,55.968229],[31.501066,56.034807],[31.451065,56.139812],[31.46057,56.242247],[31.509342,56.307795],[31.229027,56.338444],[31.211736,56.427769],[31.042594,56.468188],[30.998732,56.525702],[31.04246,56.574992],[31.021925,56.644396],[30.881864,56.643172],[30.772483,56.764499],[30.867493,56.809484],[30.975962,56.911792],[30.978757,56.969897],[30.871113,56.941201],[30.765501,56.9457],[30.675652,57.004156],[30.687549,57.149025],[30.62847,57.176504],[30.745663,57.263208],[30.541043,57.30409],[30.464248,57.350097],[30.423359,57.424207],[30.542752,57.546626],[30.680627,57.644054],[30.518809,57.642471],[30.45226,57.687999],[30.544553,57.86399],[30.294738,57.910281],[30.245907,57.890843],[30.071759,57.958173],[29.991783,57.942018],[29.889138,57.968395],[29.987182,58.030395],[29.789646,58.091002],[29.628881,58.100909],[29.689452,58.188816],[29.633659,58.256647],[29.766656,58.252532],[29.892181,58.309506],[29.894085,58.445747],[29.786442,58.421187],[29.59714,58.458222],[29.423153,58.590329],[29.217254,58.699634],[29.055894,58.739799],[28.973492,58.805139],[28.765792,58.824841],[28.621988,58.864559],[28.373537,58.878448],[28.294324,58.826191],[28.202272,58.934793],[28.121247,58.974839],[27.917999,59.021159],[27.737764,58.97789]]]]}},{"type":"Feature","properties":{"id":"r32","name":"Санкт-Петербург","sourceName":"Санкт-Петербург","disputed":false},"geometry":{"type":"MultiPolygon","coordinates":[[[[29.647559,59.929828],[29.821382,59.868244],[30.044272,59.837316],[30.162925,59.796426],[30.28985,59.790402],[30.300721,59.747387],[30.218223,59.673069],[30.467429,59.639224],[30.48795,59.688416],[30.576483,59.73],[30.682984,59.724918],[30.727032,59.770433],[30.493413,59.847083],[30.513354,59.983375],[30.468412,60.033393],[30.192502,60.125877],[30.023036,60.143029],[29.758015,60.242701],[29.490349,60.224964],[29.457377,60.169779],[29.57289,60.19682],[29.772912,60.179969],[29.92224,60.1463],[29.962784,60.00953],[30.207782,59.97941],[30.211141,59.901221],[30.134219,59.86208],[30.031479,59.861721],[29.647559,59.929828]]]]}},{"type":"Feature","properties":{"id":"r33","name":"Ленинградская область","sourceName":"Ленинградская область","disputed":false},"geometry":{"type":"MultiPolygon","coordinates":[[[[26.896822,59.816167],[26.902202,59.805564],[26.926266,59.805019],[26.920219,59.818092],[26.896822,59.816167]]],[[[27.211232,59.840587],[27.22889,59.845626],[27.194856,59.866614],[27.173066,59.847474],[27.211232,59.840587]]],[[[27.85833,59.99354],[27.83324,60.02185],[27.79474,59.99419],[27.85833,59.99354]]],[[[28.39137,60.02176],[28.36168,60.03974],[28.3344,60.02312],[28.39137,60.02176]]],[[[26.985559,60.01448],[27.007631,60.009963],[27.029603,60.024718],[27.027842,60.035229],[26.985559,60.01448]]],[[[27.99449,60.0279],[28.00451,60.02092],[28.05961,60.01717],[27.99449,60.0279]]],[[[29.305928,61.329293],[29.23305,61.268169],[28.958384,61.151449],[28.818984,61.121647],[28.713692,61.044335],[28.649205,60.948126],[28.52467,60.957137],[27.873435,60.60462],[27.774693,60.533477],[27.77617,60.48693],[27.8743,60.4528],[28.07077,60.51892],[28.15397,60.51542],[28.31767,60.59017],[28.39871,60.64719],[28.50934,60.63882],[28.56535,60.53988],[28.651722,60.556078],[28.71305,60.44789],[28.57276,60.47493],[28.58461,60.37766],[28.9926,60.23088],[29.00997,60.18249],[29.14777,60.15985],[29.457377,60.169779],[29.490349,60.224964],[29.758015,60.242701],[30.023036,60.143029],[30.192502,60.125877],[30.468412,60.033393],[30.513354,59.983375],[30.493413,59.847083],[30.727032,59.770433],[30.682984,59.724918],[30.576483,59.73],[30.48795,59.688416],[30.467429,59.639224],[30.218223,59.673069],[30.300721,59.747387],[30.28985,59.790402],[30.162925,59.796426],[30.044272,59.837316],[29.821382,59.868244],[29.647559,59.929828],[29.20645,59.993],[29.05707,59.957528],[29.061495,59.864999],[29.000218,59.825246],[28.840371,59.782203],[28.717577,59.775794],[28.544724,59.849234],[28.44184,59.79497],[28.434993,59.701261],[28.39727,59.667219],[28.253256,59.677494],[28.19369,59.77211],[28.11333,59.78983],[28.029749,59.751902],[27.9962,59.69338],[28.0945,59.59457],[28.045343,59.478381],[28.210017,59.370368],[28.131204,59.290973],[27.95419,59.270369],[27.864855,59.16089],[27.808705,59.12973],[27.737764,58.97789],[27.917999,59.021159],[28.121247,58.974839],[28.202272,58.934793],[28.294324,58.826191],[28.373537,58.878448],[28.621988,58.864559],[28.765792,58.824841],[28.973492,58.805139],[29.055894,58.739799],[29.217254,58.699634],[29.423153,58.590329],[29.59714,58.458222],[29.786442,58.421187],[29.894085,58.445747],[30.069715,58.447409],[30.099747,58.51449],[30.171235,58.530442],[30.072681,58.628347],[30.121606,58.745329],[30.215526,58.760751],[30.377748,58.73926],[30.406441,58.702876],[30.664179,58.736576],[30.713969,58.778193],[30.68272,58.858718],[30.813167,58.876562],[30.922426,58.921503],[30.964267,59.016809],[31.080905,59.090679],[31.164102,59.075406],[31.222168,59.005089],[31.476982,59.101899],[31.508878,59.200718],[31.580584,59.231836],[31.537263,59.281025],[31.552404,59.369069],[31.804102,59.354581],[31.906152,59.376154],[31.963515,59.432369],[32.095995,59.38192],[32.199722,59.289634],[32.296785,59.278769],[32.280729,59.202122],[32.447236,59.107971],[32.647397,59.117194],[32.725908,59.148458],[32.770172,59.218648],[32.732449,59.271441],[32.846921,59.348621],[32.92141,59.348622],[33.056956,59.418503],[33.342771,59.315153],[33.348401,59.385252],[33.630295,59.382494],[33.62203,59.327798],[33.773571,59.28302],[33.800101,59.200665],[33.907846,59.207326],[34.032296,59.147703],[34.105741,59.170158],[34.28417,59.178155],[34.511956,59.144646],[34.722362,59.084852],[34.834593,59.127253],[34.84926,59.201096],[34.999124,59.246607],[35.178108,59.257808],[35.440613,59.425505],[35.316317,59.520275],[35.493687,59.535701],[35.49466,59.651901],[35.605574,59.614381],[35.615236,59.712406],[35.407351,59.719425],[35.375027,59.8579],[35.447103,59.916773],[35.446386,59.977593],[35.321386,59.980802],[35.155502,60.151927],[35.162628,60.256032],[35.237984,60.291391],[35.298761,60.601439],[35.237252,60.714475],[35.175541,60.770072],[35.241953,60.834339],[35.461678,60.856936],[35.526136,60.920639],[35.696684,61.003459],[35.697879,61.207401],[35.416332,61.142716],[35.297757,61.252311],[35.084506,61.23741],[34.794331,61.289675],[34.545519,61.274948],[34.421774,61.145192],[34.333923,61.220559],[34.241961,61.237309],[33.667677,61.23243],[33.550967,61.21201],[33.471532,61.130554],[33.59135,61.063795],[33.738691,61.130023],[33.920413,61.089233],[33.785424,60.93703],[33.607877,60.958575],[33.542432,61.004323],[33.421693,60.983135],[33.466504,60.927591],[33.330695,60.899418],[33.179558,60.820888],[33.157684,60.739337],[32.923099,60.710952],[32.915654,60.679797],[32.09427,60.817666],[31.517454,60.921182],[30.384933,61.120144],[29.996847,61.147145],[29.854803,61.172328],[29.564198,61.183669],[29.563615,61.224882],[29.367141,61.277887],[29.305928,61.329293]]],[[[27.74908,60.468335],[27.76948,60.44552],[27.79267,60.46201],[27.74908,60.468335]]],[[[28.41616,60.36164],[28.61897,60.26796],[28.61918,60.33476],[28.4986,60.37917],[28.41616,60.36164]]]]}},{"type":"Feature","properties":{"id":"r34","name":"Республика Мордовия","sourceName":"Республика Мордовия","disputed":false},"geometry":{"type":"MultiPolygon","coordinates":[[[[42.442662,54.825224],[42.389103,54.789667],[42.439807,54.709716],[42.643047,54.671403],[42.597332,54.635541],[42.648882,54.587932],[42.562258,54.505203],[42.567065,54.442481],[42.628586,54.375868],[42.529911,54.370217],[42.477745,54.299079],[42.395634,54.254498],[42.583538,54.177787],[42.520645,54.132308],[42.417168,54.103094],[42.261952,54.087393],[42.363887,54.018338],[42.444625,53.995998],[42.35023,53.853669],[42.357451,53.826181],[42.498596,53.734776],[42.570068,53.749389],[42.6291,53.80906],[42.759604,53.825475],[42.931977,53.795533],[43.09672,53.87381],[43.126751,53.977284],[43.347603,53.997465],[43.458459,53.978798],[43.535252,54.014353],[43.69107,53.950276],[43.745811,53.959363],[43.923849,53.87381],[43.927452,53.770688],[44.119049,53.730156],[44.148737,53.704363],[44.414121,53.697857],[44.458908,53.663962],[44.715204,53.680125],[44.689718,53.750708],[44.603824,53.798975],[44.607604,53.881195],[44.685678,53.914915],[44.803149,53.92669],[44.831459,53.963251],[44.984281,53.957396],[45.176467,53.971527],[45.35717,53.870064],[45.485437,53.890096],[45.564036,53.929465],[45.633792,53.913755],[45.813633,53.975716],[45.870607,54.000688],[45.969883,54.138093],[46.062373,54.170452],[46.3239,54.190137],[46.44085,54.270431],[46.663933,54.295173],[46.708287,54.39845],[46.534027,54.398745],[46.544414,54.46807],[46.500659,54.626381],[46.421202,54.688222],[46.441731,54.761445],[46.382018,54.830457],[46.410591,54.874072],[46.243187,54.977962],[46.279319,55.034057],[46.137705,55.022711],[46.061001,55.047639],[45.97341,55.001105],[45.698321,55.011776],[45.752112,55.067922],[45.72766,55.184632],[45.640229,55.177921],[45.422554,55.038037],[45.445806,54.957524],[45.426846,54.885528],[45.230701,54.877285],[45.226577,54.802827],[45.111952,54.800055],[45.018253,54.705283],[45.036103,54.629858],[45.139918,54.489457],[45.099935,54.468519],[44.965142,54.487611],[44.907995,54.463531],[44.769772,54.520891],[44.687659,54.484424],[44.626656,54.556182],[44.461659,54.522933],[44.371133,54.583641],[44.06844,54.648567],[44.09598,54.734113],[43.973629,54.727426],[43.861144,54.80495],[43.618222,54.854423],[43.590768,54.902653],[43.35547,54.905895],[43.242986,54.919565],[43.169227,54.897769],[43.11591,54.794375],[43.046913,54.772469],[42.968963,54.797617],[42.885506,54.767088],[42.738283,54.787761],[42.641943,54.781992],[42.444321,54.798354],[42.503668,54.770663],[42.454866,54.750434],[42.433575,54.793561],[42.442662,54.825224]]]]}},{"type":"Feature","properties":{"id":"r35","name":"Республика Татарстан","sourceName":"Татарстан","disputed":false},"geometry":{"type":"MultiPolygon","coordinates":[[[[47.294091,54.847865],[47.322108,54.842708],[47.325065,54.852519],[47.294091,54.847865]]],[[[48.406167,55.825699],[48.309992,55.781634],[48.222262,55.687399],[48.083966,55.694768],[48.010683,55.629275],[48.103694,55.568879],[48.107967,55.524123],[47.969208,55.51546],[47.912739,55.429404],[47.780374,55.333057],[47.70341,55.349249],[47.687218,55.233977],[47.783703,55.23867],[47.911613,55.322252],[48.016183,55.28475],[48.107665,55.145905],[48.03788,55.108639],[47.901614,55.091834],[48.028034,55.039695],[47.976187,54.952781],[47.763722,54.954319],[47.722629,54.858919],[47.603164,54.832356],[47.450518,54.861459],[47.369252,54.828718],[47.387674,54.752798],[47.283934,54.712965],[47.267867,54.673486],[47.290809,54.674267],[47.370814,54.697904],[47.355589,54.627395],[47.539343,54.530415],[47.616532,54.55753],[47.693945,54.658187],[47.717752,54.735028],[47.822985,54.728389],[47.816443,54.641706],[47.909532,54.647899],[47.903466,54.696397],[48.021554,54.727712],[48.24946,54.717956],[48.465153,54.625211],[48.881741,54.625206],[48.88178,54.79602],[49.09039,54.788549],[49.148209,54.841825],[49.238971,54.841559],[49.288299,54.891446],[49.476072,54.778521],[49.489771,54.709728],[49.581222,54.615054],[49.684911,54.577329],[49.804095,54.564632],[49.952806,54.508811],[50.092459,54.5066],[50.223149,54.492175],[50.307483,54.442655],[50.386738,54.48487],[50.521263,54.324949],[50.648443,54.38512],[50.736443,54.40472],[50.821745,54.363758],[50.954356,54.392084],[51.008365,54.549436],[51.228203,54.631567],[51.355951,54.652574],[51.381752,54.588079],[51.513411,54.595142],[51.633644,54.565003],[51.777251,54.556853],[51.937886,54.516537],[51.942378,54.442035],[52.065442,54.418411],[52.036276,54.355165],[52.177387,54.375267],[52.242889,54.439682],[52.502117,54.459062],[52.506097,54.373703],[52.568276,54.340128],[52.696425,54.360757],[52.84457,54.313596],[52.922449,54.268675],[53.081858,54.317485],[53.15518,54.288275],[53.074925,54.221105],[52.954906,54.235049],[53.083714,54.092348],[53.287181,54.087859],[53.282151,54.037567],[53.346783,54.001296],[53.500606,54.056129],[53.4366,54.1875],[53.432359,54.327856],[53.404462,54.397053],[53.437896,54.571828],[53.571059,54.640495],[53.6192,54.7474],[53.593066,54.809682],[53.636504,54.899498],[53.5535,54.8881],[53.47511,54.978258],[53.319335,55.043372],[53.250295,55.10447],[53.170297,55.1052],[53.158294,55.165716],[53.318673,55.16222],[53.482911,55.216589],[53.616626,55.214323],[53.602269,55.262642],[53.685995,55.318991],[53.8827,55.3707],[53.966076,55.529181],[54.182916,55.622447],[54.240793,55.676896],[54.106772,55.774039],[53.952013,55.790528],[53.879525,55.886982],[53.697341,55.925082],[53.532241,55.906764],[53.413967,55.858484],[53.271711,55.859569],[53.200002,55.926013],[53.295859,55.947775],[53.451607,56.018596],[53.480002,56.101205],[53.568052,56.125731],[53.575332,56.236981],[53.48834,56.234566],[53.426542,56.275065],[53.306748,56.250358],[53.370341,56.102424],[53.33283,56.062106],[53.193653,56.103465],[53.155232,56.158943],[53.064148,56.129808],[52.999291,56.177529],[52.96874,56.279893],[53.006075,56.43261],[53.087366,56.453921],[53.093198,56.52073],[52.967203,56.520349],[52.924081,56.400796],[52.812366,56.397297],[52.733103,56.361814],[52.55531,56.242863],[52.737629,56.221247],[52.84695,56.187453],[52.87093,56.115299],[52.756607,56.06278],[52.699262,55.999127],[52.558678,56.035469],[52.379718,56.019136],[52.319793,56.072618],[52.206527,56.020273],[52.234172,55.947442],[52.088767,55.900923],[52.023252,55.969476],[51.952489,55.989862],[51.884322,55.93559],[51.76259,55.922068],[51.647675,55.971199],[51.417425,55.960242],[51.397933,56.029644],[51.489833,56.068076],[51.635028,56.090631],[51.64003,56.135744],[51.444008,56.127376],[51.308844,56.078253],[51.207984,56.123117],[51.032482,56.133667],[50.984416,56.183285],[50.875488,56.196212],[50.832155,56.240606],[50.917326,56.278355],[50.827078,56.347222],[50.747378,56.318536],[50.63102,56.338337],[50.499089,56.476043],[50.534738,56.506487],[50.438251,56.550561],[50.430506,56.608573],[50.345692,56.674661],[50.299205,56.632284],[50.172819,56.650296],[50.081423,56.611177],[50.202985,56.583254],[50.160043,56.530607],[49.946482,56.428925],[49.86106,56.425313],[49.750548,56.46291],[49.813884,56.501165],[49.756333,56.537227],[49.569368,56.502881],[49.549388,56.43168],[49.455574,56.425532],[49.312777,56.332456],[49.21585,56.390075],[49.051564,56.34479],[49.031806,56.284657],[48.922421,56.256181],[48.984553,56.200543],[48.9477,56.139046],[48.848632,56.115987],[48.712245,56.013791],[48.666195,55.938391],[48.474072,55.93618],[48.383295,55.867481],[48.406167,55.825699]],[[48.050632,54.989088],[48.05238,55.00272],[48.113203,55.024608],[48.102709,54.991061],[48.050632,54.989088]],[[47.819619,54.903472],[47.822454,54.913742],[47.842827,54.909117],[47.819619,54.903472]],[[47.8373,54.768253],[47.850659,54.773181],[47.85386,54.741635],[47.8373,54.768253]]],[[[47.698839,55.388287],[47.706103,55.381188],[47.738953,55.375665],[47.703566,55.396145],[47.698839,55.388287]]],[[[52.198188,56.063163],[52.22231,56.056262],[52.222115,56.073613],[52.198188,56.063163]]],[[[49.524869,56.485832],[49.546705,56.483279],[49.551464,56.495247],[49.534847,56.5034],[49.524869,56.485832]]]]}},{"type":"Feature","properties":{"id":"r36","name":"Кировская область","sourceName":"Кировская область","disputed":false},"geometry":{"type":"MultiPolygon","coordinates":[[[[47.072164,60.844481],[47.03308,60.725683],[46.964361,60.657176],[47.013141,60.624541],[46.952612,60.535232],[46.873836,60.513505],[46.871727,60.414204],[46.758457,60.36478],[46.816341,60.297448],[46.763025,60.233679],[46.635985,60.2627],[46.510605,60.243046],[46.415822,60.268916],[46.329626,60.214766],[46.378059,60.12861],[46.588522,60.080352],[46.835014,60.054234],[46.920587,60.123228],[47.034772,60.126381],[46.922349,59.765497],[47.152877,59.752233],[47.117822,59.598969],[47.048947,59.369321],[47.247709,59.352628],[47.209394,59.201214],[47.5187,59.060829],[47.591606,58.973854],[47.573837,58.915113],[47.492903,58.895293],[47.286914,58.919338],[47.249268,58.869416],[47.293182,58.781391],[47.077078,58.756594],[47.000707,58.690501],[47.017877,58.618604],[46.661132,58.570336],[46.560507,58.480485],[46.579335,58.399094],[46.394919,58.375077],[46.416211,58.214995],[46.335236,58.165583],[46.34493,58.062218],[46.436307,58.004617],[46.492278,58.040772],[46.585195,58.027796],[47.296928,58.0157],[47.410783,57.980791],[47.73261,57.933815],[47.771781,57.888717],[47.617145,57.859228],[47.605583,57.741104],[47.535192,57.689273],[47.556497,57.652749],[47.4941,57.578697],[47.481365,57.515179],[47.377968,57.546853],[47.236707,57.554687],[47.021939,57.487807],[46.902445,57.515709],[46.761026,57.366569],[46.68254,57.343308],[46.717703,57.285511],[46.856562,57.221494],[46.838155,57.177129],[46.749178,57.161911],[46.767052,57.096526],[46.721544,56.963392],[46.819338,56.921149],[46.89438,56.95183],[47.095051,56.926632],[47.128306,56.821234],[47.261413,56.80731],[47.434973,56.88289],[47.486695,56.873412],[47.602351,56.924553],[47.662765,56.98331],[47.768903,57.001637],[47.949257,56.986713],[48.142131,56.995837],[48.207719,57.042523],[48.269972,57.133671],[48.328936,57.16609],[48.416842,57.110189],[48.581064,57.172133],[48.824609,57.165219],[48.947945,57.082648],[49.002717,57.124579],[49.007399,57.289029],[49.151218,57.33006],[49.216754,57.306004],[49.138697,57.17991],[49.277082,57.033935],[49.416784,57.009083],[49.468026,57.057757],[49.649981,57.066049],[49.760903,56.952163],[49.767832,56.873558],[49.900419,56.880523],[50.041011,56.852249],[50.104437,56.792259],[50.053872,56.648226],[50.081423,56.611177],[50.172819,56.650296],[50.299205,56.632284],[50.345692,56.674661],[50.430506,56.608573],[50.438251,56.550561],[50.534738,56.506487],[50.499089,56.476043],[50.63102,56.338337],[50.747378,56.318536],[50.827078,56.347222],[50.917326,56.278355],[50.832155,56.240606],[50.875488,56.196212],[50.984416,56.183285],[51.032482,56.133667],[51.207984,56.123117],[51.308844,56.078253],[51.444008,56.127376],[51.378545,56.199425],[51.403791,56.286327],[51.19735,56.433924],[51.137559,56.529242],[51.180423,56.684637],[51.393202,56.666895],[51.391373,56.766567],[51.483415,56.799073],[51.513325,56.879499],[51.427397,56.895925],[51.219129,57.086311],[51.208393,57.200064],[51.124165,57.243277],[51.165254,57.440762],[51.400422,57.468212],[51.530113,57.458263],[51.705575,57.517389],[51.767267,57.575104],[51.832307,57.571415],[51.883104,57.69754],[51.954249,57.766864],[51.872235,57.828392],[51.824634,57.913884],[51.891882,57.948546],[51.897684,58.012314],[51.790292,58.146398],[51.685395,58.148137],[51.820346,58.285681],[51.794519,58.339565],[51.964705,58.453088],[52.173006,58.489411],[52.327908,58.436177],[52.843074,58.392879],[52.892691,58.533618],[53.090581,58.522298],[53.179509,58.500687],[53.160667,58.450482],[53.213692,58.401361],[53.373651,58.384282],[53.488413,58.440007],[53.620923,58.474256],[53.785599,58.455538],[53.702641,58.602127],[53.76717,58.656445],[53.780279,58.722024],[53.905413,58.754864],[53.926141,58.794746],[53.826422,58.828951],[53.753649,58.964697],[53.770654,59.00398],[53.87563,59.044473],[53.902916,59.086836],[53.682241,59.151151],[53.384022,59.152672],[53.231039,59.322301],[53.222744,59.358456],[53.357126,59.461552],[53.449701,59.702848],[53.597778,59.687428],[53.6303,59.742317],[53.685846,60.001456],[53.625636,60.114233],[53.421552,60.224519],[53.37263,60.155608],[52.920523,60.153778],[52.44445,60.184868],[52.317282,60.227188],[52.065457,60.308487],[51.973869,60.279334],[51.859139,60.187993],[51.766358,60.085865],[51.551321,59.941533],[51.467194,59.915573],[51.390272,59.994091],[51.179065,60.048892],[51.047665,60.031904],[50.831023,59.863324],[50.735837,59.870694],[50.288832,59.805536],[50.268901,59.7488],[49.988744,59.778361],[49.982241,59.723801],[50.084931,59.680315],[49.859414,59.655265],[49.798092,59.484999],[49.870036,59.477682],[49.866896,59.360181],[49.815425,59.210155],[49.725497,59.198212],[49.519772,59.216079],[49.568798,59.392349],[49.344454,59.409331],[49.347335,59.465417],[49.216094,59.47503],[49.151193,59.507078],[49.039664,59.482398],[49.101547,59.661699],[48.523224,59.706844],[48.499928,60.021452],[48.472056,60.13227],[48.492226,60.195156],[48.769603,60.316144],[48.785465,60.354924],[48.676327,60.390446],[48.530512,60.400429],[48.555107,60.458759],[48.496802,60.517251],[48.560666,60.551513],[48.419677,60.837206],[47.96653,60.879171],[47.955992,60.988545],[47.897198,61.016821],[47.655019,61.033604],[47.603077,61.060586],[47.463344,61.042686],[47.19318,61.067393],[47.193951,60.996978],[47.108785,60.939032],[47.072164,60.844481]]]]}},{"type":"Feature","properties":{"id":"r37","name":"Костромская область","sourceName":"Костромская область","disputed":false},"geometry":{"type":"MultiPolygon","coordinates":[[[[40.930072,58.576336],[41.019201,58.541739],[41.078738,58.468862],[41.048341,58.441757],[41.189698,58.350375],[41.138783,58.306043],[41.037442,58.283714],[40.882116,58.178652],[40.892504,58.138565],[40.809087,58.006626],[40.680084,57.981601],[40.597672,57.897109],[40.638259,57.864494],[40.673414,57.697475],[40.707318,57.625776],[40.631984,57.56882],[40.524801,57.59297],[40.40563,57.493452],[40.443977,57.417478],[40.430464,57.285829],[40.563659,57.313549],[40.653451,57.288239],[40.861736,57.342267],[40.929412,57.320323],[41.057355,57.344063],[41.139434,57.409306],[41.312641,57.414808],[41.567387,57.45253],[41.608792,57.493307],[41.569898,57.634141],[41.599156,57.736762],[41.895725,57.693402],[41.930339,57.634648],[42.124028,57.559258],[42.322874,57.573506],[42.465958,57.622092],[42.719241,57.643018],[42.74892,57.690753],[42.883711,57.654661],[42.851943,57.615724],[42.847368,57.508583],[42.81475,57.4295],[42.89554,57.37111],[43.304617,57.428877],[43.305531,57.479644],[43.467661,57.59135],[43.630696,57.54719],[43.659094,57.500162],[43.853393,57.417485],[44.122268,57.457501],[44.245756,57.51785],[44.365285,57.528337],[44.502869,57.612103],[44.500886,57.655674],[44.597113,57.700878],[44.739011,57.697385],[44.83011,57.793732],[44.880783,57.881924],[44.800976,57.959861],[44.869006,58.076712],[45.009464,58.091175],[45.223571,58.088666],[45.293524,58.032057],[45.50891,58.028511],[45.534206,57.947063],[45.673213,57.924128],[45.742835,57.966831],[45.747791,58.028677],[45.922555,58.057032],[46.34493,58.062218],[46.335236,58.165583],[46.416211,58.214995],[46.394919,58.375077],[46.579335,58.399094],[46.560507,58.480485],[46.661132,58.570336],[47.017877,58.618604],[47.000707,58.690501],[47.077078,58.756594],[47.293182,58.781391],[47.249268,58.869416],[47.286914,58.919338],[47.492903,58.895293],[47.573837,58.915113],[47.591606,58.973854],[47.5187,59.060829],[47.209394,59.201214],[47.247709,59.352628],[47.048947,59.369321],[47.117822,59.598969],[46.79716,59.623604],[46.78983,59.593086],[46.408911,59.618645],[46.406308,59.496395],[46.368871,59.343196],[46.165765,59.353715],[46.163072,59.313612],[46.020292,59.323947],[45.979028,59.171648],[45.340468,59.216042],[45.333896,59.183884],[45.056262,59.198298],[45.039644,59.121812],[44.190221,59.17012],[44.207774,59.225699],[44.090678,59.234088],[43.94817,59.208092],[43.900833,59.239426],[43.692617,59.25915],[43.610897,59.189801],[43.420694,59.291302],[43.263919,59.246937],[43.175206,59.263005],[42.799691,59.170034],[42.654928,59.264309],[42.668402,59.314497],[42.573804,59.329918],[42.348388,59.304629],[42.202767,59.327548],[42.216254,59.408483],[42.034862,59.429549],[41.986462,59.3929],[41.951354,59.261145],[42.098663,59.24982],[42.090339,59.15592],[42.001337,59.104732],[41.878227,59.083329],[41.71442,59.084944],[41.525212,59.041272],[41.515481,59.013879],[41.334083,58.983058],[41.268229,58.992002],[41.172,58.931752],[41.243286,58.852072],[41.156287,58.803261],[41.230467,58.741234],[41.052204,58.606772],[40.930072,58.576336]]]]}},{"type":"Feature","properties":{"id":"r38","name":"Тверская область","sourceName":"Тверская область","disputed":false},"geometry":{"type":"MultiPolygon","coordinates":[[[[30.978757,56.969897],[30.975962,56.911792],[30.867493,56.809484],[30.772483,56.764499],[30.881864,56.643172],[31.021925,56.644396],[31.04246,56.574992],[30.998732,56.525702],[31.042594,56.468188],[31.211736,56.427769],[31.229027,56.338444],[31.509342,56.307795],[31.46057,56.242247],[31.451065,56.139812],[31.501066,56.034807],[31.363869,55.968229],[31.414319,55.890728],[31.406805,55.805773],[31.483134,55.718642],[31.653002,55.734798],[31.735422,55.716451],[31.865975,55.78406],[32.035329,55.76618],[32.095164,55.670643],[32.169414,55.691712],[32.259051,55.670092],[32.315606,55.70763],[32.458314,55.709686],[32.76505,55.678622],[32.8428,55.653421],[33.0061,55.647522],[33.170343,55.659309],[33.196879,55.701868],[33.53347,55.77377],[33.575761,55.848673],[33.648069,55.844485],[33.650924,55.956405],[33.821652,55.962074],[33.811741,56.006062],[33.87697,56.054433],[34.085427,56.026866],[34.15825,56.063054],[34.336202,56.012169],[34.381548,56.022678],[34.539419,55.931408],[34.684549,55.935589],[34.925254,55.984819],[35.148495,55.957501],[35.196821,56.012079],[35.304736,56.058311],[35.28455,56.124996],[35.363129,56.178871],[35.315791,56.227991],[35.50231,56.259486],[35.434271,56.458656],[35.518457,56.430333],[35.599685,56.477777],[35.735272,56.389721],[35.871625,56.37212],[36.012155,56.37822],[36.273977,56.417564],[36.425619,56.473675],[36.54243,56.473843],[36.614859,56.517958],[36.813078,56.579103],[37.098352,56.540526],[37.148042,56.587675],[37.115391,56.640885],[37.17425,56.696425],[37.066831,56.755621],[37.167297,56.779564],[37.483008,56.787671],[37.574944,56.873177],[37.548218,56.918446],[37.758185,56.949991],[37.798462,56.908819],[37.984001,56.865396],[38.009817,56.771481],[38.103836,56.759725],[38.244299,56.793463],[38.108268,56.87657],[38.194199,56.902533],[38.251866,57.028605],[38.242694,57.117297],[38.161622,57.170992],[38.148415,57.224503],[38.245701,57.239084],[38.32641,57.282261],[38.284207,57.365971],[38.089051,57.331697],[38.016234,57.336215],[37.882599,57.39494],[37.800582,57.501326],[37.85767,57.5797],[37.736112,57.621813],[37.649168,57.703003],[37.379967,57.837475],[37.407551,57.939816],[37.499022,57.987764],[37.51363,58.041175],[37.605225,58.07703],[37.582835,58.161892],[37.38433,58.202757],[37.368606,58.338433],[37.624237,58.420457],[37.628222,58.482944],[37.512288,58.553923],[37.413973,58.583469],[37.304705,58.696169],[37.202669,58.747582],[37.18322,58.826327],[37.070959,58.863139],[36.959319,58.828296],[36.847863,58.836168],[36.765447,58.800944],[36.829193,58.742107],[36.66368,58.701748],[36.630504,58.619255],[36.503051,58.515478],[36.181682,58.51165],[36.102447,58.504954],[35.939633,58.423027],[35.551328,58.456874],[35.470656,58.409995],[35.331258,58.412427],[35.283327,58.36566],[35.257167,58.274199],[35.050888,58.194615],[34.974672,58.225534],[34.749008,58.223637],[34.721495,58.090302],[34.504716,58.114822],[34.425484,58.149261],[34.223395,58.187271],[34.170765,58.212845],[33.802965,58.137807],[33.780013,58.169795],[33.617137,58.122078],[33.53089,58.051676],[33.625161,58.005129],[33.684006,57.905601],[33.547352,57.851164],[33.551329,57.767487],[33.593119,57.727617],[33.426627,57.700311],[33.306631,57.648529],[33.293068,57.54945],[33.233437,57.545719],[33.264033,57.42192],[33.07835,57.466113],[32.915921,57.445144],[32.826286,57.455627],[32.706919,57.434025],[32.670973,57.375154],[32.582649,57.320788],[32.181588,57.178602],[32.106282,57.185621],[32.001669,57.113838],[31.898327,57.125242],[31.725252,57.092029],[31.531003,56.946578],[31.441735,56.954436],[31.396194,56.909396],[31.241306,56.951509],[31.100948,56.930977],[30.978757,56.969897]]]]}},{"type":"Feature","properties":{"id":"r39","name":"Тульская область","sourceName":"Тульская область","disputed":false},"geometry":{"type":"MultiPolygon","coordinates":[[[[37.272035,54.839777],[37.229558,54.805061],[37.245222,54.707979],[37.142571,54.569363],[36.970507,54.604839],[36.894968,54.563494],[36.941926,54.50975],[36.890308,54.460459],[36.983973,54.388175],[36.931142,54.342983],[36.966846,54.291658],[36.790644,54.276346],[36.680245,54.289297],[36.545239,54.277377],[36.362531,54.211163],[36.240872,54.215805],[36.234578,54.171553],[36.060266,54.18023],[36.115405,54.108635],[36.207958,54.092492],[36.09868,54.006953],[36.128371,53.964773],[35.981549,53.908719],[35.92153,53.851237],[35.973197,53.800197],[35.954414,53.733176],[36.074004,53.681861],[35.991189,53.626273],[36.060734,53.573425],[36.173945,53.539393],[36.296466,53.549973],[36.32032,53.473698],[36.573274,53.377057],[36.635626,53.420219],[36.784136,53.295815],[37.094112,53.286224],[37.158125,53.258045],[37.439863,53.29431],[37.475918,53.264215],[37.590463,53.278939],[37.572872,53.188019],[37.648876,53.096258],[37.730973,53.127954],[37.824341,53.086377],[37.866469,53.012217],[37.925037,53.055766],[38.122278,53.054437],[38.230784,52.994509],[38.370654,52.989955],[38.467696,53.028438],[38.565863,52.99108],[38.636444,53.051641],[38.671049,53.129568],[38.57756,53.188462],[38.604789,53.251055],[38.528911,53.302222],[38.624095,53.353601],[38.763755,53.357529],[38.725936,53.443112],[38.722323,53.528485],[38.937824,53.574779],[38.922183,53.764826],[38.85508,53.756294],[38.816215,53.828428],[38.874829,53.946696],[38.779377,53.968812],[38.800115,54.013705],[38.682614,54.088839],[38.781663,54.156209],[38.711702,54.244404],[38.665982,54.256714],[38.510521,54.296849],[38.527101,54.395264],[38.39772,54.475176],[38.377215,54.526831],[38.516588,54.59149],[38.456644,54.653588],[38.391978,54.63557],[38.216253,54.696624],[38.134454,54.686644],[38.050275,54.720807],[38.039657,54.764673],[37.938469,54.849673],[37.779168,54.815614],[37.758426,54.743],[37.682832,54.717463],[37.563038,54.742341],[37.446294,54.841587],[37.272035,54.839777]]]]}},{"type":"Feature","properties":{"id":"r40","name":"Калужская область","sourceName":"Калужская область","disputed":false},"geometry":{"type":"MultiPolygon","coordinates":[[[[35.334221,55.271752],[35.342516,55.233722],[35.274322,55.111455],[35.208929,55.062557],[35.114697,55.037647],[35.124703,54.976239],[35.051015,54.969835],[34.990916,54.897844],[34.871971,54.903384],[34.893736,54.757531],[34.789711,54.707565],[34.620999,54.661333],[34.51163,54.677671],[34.520689,54.598645],[34.444682,54.516637],[34.222496,54.50422],[34.152746,54.553944],[34.084276,54.54611],[33.987039,54.57977],[33.709243,54.545834],[33.633653,54.476861],[33.660765,54.448698],[33.614987,54.373981],[33.689941,54.329382],[33.603378,54.258884],[33.629445,54.187207],[33.564217,54.175693],[33.527039,54.10274],[33.452535,54.082574],[33.504592,54.016586],[33.715717,54.023977],[33.798929,53.990937],[33.80622,53.89639],[33.911543,53.867228],[34.074014,53.86795],[34.18062,53.900824],[34.227645,53.839432],[34.496489,53.673982],[34.519712,53.500843],[34.63795,53.383027],[34.982773,53.373609],[35.141099,53.279123],[35.247443,53.319465],[35.383564,53.337393],[35.384099,53.397562],[35.463722,53.418108],[35.623268,53.523857],[35.794964,53.52476],[35.822518,53.587647],[35.925304,53.652394],[35.991189,53.626273],[36.074004,53.681861],[35.954414,53.733176],[35.973197,53.800197],[35.92153,53.851237],[35.981549,53.908719],[36.128371,53.964773],[36.09868,54.006953],[36.207958,54.092492],[36.115405,54.108635],[36.060266,54.18023],[36.234578,54.171553],[36.240872,54.215805],[36.362531,54.211163],[36.545239,54.277377],[36.680245,54.289297],[36.790644,54.276346],[36.966846,54.291658],[36.931142,54.342983],[36.983973,54.388175],[36.890308,54.460459],[36.941926,54.50975],[36.894968,54.563494],[36.970507,54.604839],[37.142571,54.569363],[37.245222,54.707979],[37.229558,54.805061],[37.272035,54.839777],[37.165285,54.86658],[37.192994,54.923256],[37.095868,55.032409],[37.116322,55.098063],[37.045003,55.142201],[36.93724,55.241391],[36.794096,55.226977],[36.763246,55.269828],[36.621329,55.265391],[36.535195,55.307073],[36.417366,55.303984],[36.328046,55.215914],[36.237559,55.188104],[36.115347,55.184706],[35.958628,55.241411],[35.842833,55.232315],[35.741156,55.295578],[35.576835,55.269049],[35.446271,55.229013],[35.334221,55.271752]]]]}},{"type":"Feature","properties":{"id":"r41","name":"Ульяновская область","sourceName":"Ульяновская область","disputed":false},"geometry":{"type":"MultiPolygon","coordinates":[[[[46.441731,54.761445],[46.421202,54.688222],[46.500659,54.626381],[46.544414,54.46807],[46.534027,54.398745],[46.708287,54.39845],[46.663933,54.295173],[46.44085,54.270431],[46.3239,54.190137],[46.062373,54.170452],[45.969883,54.138093],[45.870607,54.000688],[45.813633,53.975716],[45.976949,53.98513],[46.078067,53.966138],[46.185294,53.911999],[46.17272,53.796735],[46.279374,53.790302],[46.376481,53.670359],[46.438391,53.648993],[46.455797,53.512958],[46.568175,53.462485],[46.746153,53.41597],[46.791834,53.372678],[46.908509,53.36347],[46.863107,53.177165],[46.930099,53.171332],[46.917765,52.919133],[46.892765,52.893382],[46.97028,52.80898],[46.940143,52.721964],[46.817569,52.697949],[46.801859,52.621141],[46.932318,52.620723],[47.006543,52.574224],[47.148724,52.5824],[47.20611,52.547227],[47.380715,52.57369],[47.442631,52.563272],[47.540305,52.610497],[47.679419,52.597673],[47.722415,52.570621],[47.812411,52.736339],[47.897102,52.724596],[47.933741,52.646579],[48.042756,52.678249],[48.115787,52.794915],[48.19549,52.769032],[48.428632,52.814407],[48.579817,52.86443],[48.522826,52.949445],[48.359846,52.957338],[48.325615,52.996912],[48.363287,53.048013],[48.249203,53.065634],[48.22456,53.004761],[48.136843,53.050528],[48.212984,53.137229],[48.109719,53.178832],[48.142666,53.246232],[48.05411,53.270478],[47.936798,53.362035],[48.026014,53.421352],[48.035817,53.471305],[48.142127,53.46636],[48.230902,53.490874],[48.369543,53.474137],[48.406508,53.563752],[48.345203,53.593476],[48.348159,53.652527],[48.501419,53.649835],[48.496603,53.694885],[48.568594,53.732384],[48.782186,53.73168],[48.851574,53.70602],[48.994808,53.706596],[48.994669,53.872317],[49.311524,53.872624],[49.703278,53.830193],[49.816593,53.889757],[49.850446,53.831996],[50.035857,53.819146],[50.037275,53.880285],[49.92765,53.889398],[49.97804,53.978772],[50.055435,53.977369],[50.182345,54.023657],[50.223575,54.069714],[50.201921,54.168069],[50.242641,54.217581],[50.238884,54.295933],[50.155801,54.421101],[50.103772,54.423706],[50.092459,54.5066],[49.952806,54.508811],[49.804095,54.564632],[49.684911,54.577329],[49.581222,54.615054],[49.489771,54.709728],[49.476072,54.778521],[49.288299,54.891446],[49.238971,54.841559],[49.148209,54.841825],[49.09039,54.788549],[48.88178,54.79602],[48.881741,54.625206],[48.465153,54.625211],[48.24946,54.717956],[48.021554,54.727712],[47.903466,54.696397],[47.909532,54.647899],[47.816443,54.641706],[47.822985,54.728389],[47.717752,54.735028],[47.693945,54.658187],[47.616532,54.55753],[47.539343,54.530415],[47.355589,54.627395],[47.290809,54.674267],[47.267867,54.673486],[47.207492,54.657143],[47.034094,54.705496],[46.892286,54.644277],[46.799972,54.639554],[46.776443,54.684164],[46.658486,54.674231],[46.493309,54.757752],[46.441731,54.761445]]]]}},{"type":"Feature","properties":{"id":"r42","name":"Республика Марий Эл","sourceName":"Марий Эл","disputed":false},"geometry":{"type":"MultiPolygon","coordinates":[[[[46.721544,56.963392],[46.59311,56.929966],[46.314766,56.945247],[46.273081,56.902918],[46.091476,56.862831],[45.941509,56.859195],[45.918534,56.722482],[45.950749,56.649393],[45.886151,56.626066],[45.66978,56.614284],[45.627051,56.568021],[45.661902,56.460918],[45.765588,56.420194],[45.963762,56.428534],[45.897548,56.219832],[45.996376,56.171785],[46.185308,56.031569],[46.38668,56.108821],[46.586121,56.132553],[46.655615,56.099032],[46.734628,56.129107],[46.796975,56.190563],[46.918395,56.213096],[47.150551,56.314996],[47.392278,56.324122],[47.380268,56.227231],[47.425881,56.156816],[47.878968,56.125786],[47.933033,56.092303],[47.931256,56.03468],[48.047062,55.945689],[48.169206,55.935567],[48.222827,55.876277],[48.406167,55.825699],[48.383295,55.867481],[48.474072,55.93618],[48.666195,55.938391],[48.712245,56.013791],[48.848632,56.115987],[48.9477,56.139046],[48.984553,56.200543],[48.922421,56.256181],[49.031806,56.284657],[49.051564,56.34479],[49.21585,56.390075],[49.312777,56.332456],[49.455574,56.425532],[49.549388,56.43168],[49.569368,56.502881],[49.756333,56.537227],[49.813884,56.501165],[49.750548,56.46291],[49.86106,56.425313],[49.946482,56.428925],[50.160043,56.530607],[50.202985,56.583254],[50.081423,56.611177],[50.053872,56.648226],[50.104437,56.792259],[50.041011,56.852249],[49.900419,56.880523],[49.767832,56.873558],[49.760903,56.952163],[49.649981,57.066049],[49.468026,57.057757],[49.416784,57.009083],[49.277082,57.033935],[49.138697,57.17991],[49.216754,57.306004],[49.151218,57.33006],[49.007399,57.289029],[49.002717,57.124579],[48.947945,57.082648],[48.824609,57.165219],[48.581064,57.172133],[48.416842,57.110189],[48.328936,57.16609],[48.269972,57.133671],[48.207719,57.042523],[48.142131,56.995837],[47.949257,56.986713],[47.768903,57.001637],[47.662765,56.98331],[47.602351,56.924553],[47.486695,56.873412],[47.434973,56.88289],[47.261413,56.80731],[47.128306,56.821234],[47.095051,56.926632],[46.89438,56.95183],[46.819338,56.921149],[46.721544,56.963392]],[[49.524869,56.485832],[49.534847,56.5034],[49.551464,56.495247],[49.546705,56.483279],[49.524869,56.485832]]]]}},{"type":"Feature","properties":{"id":"r43","name":"Смоленская область","sourceName":"Смоленская область","disputed":false},"geometry":{"type":"MultiPolygon","coordinates":[[[[30.931557,55.623159],[30.95904,55.50104],[30.90454,55.44465],[30.93467,55.39985],[30.83059,55.334176],[30.923523,55.20066],[30.969465,55.1776],[30.993879,55.030681],[30.938604,54.967566],[30.81871,54.94022],[30.75451,54.80504],[30.91218,54.75603],[31.06093,54.66162],[31.1768,54.66814],[31.20624,54.62634],[31.0847,54.51012],[31.23542,54.43434],[31.3185,54.33761],[31.31352,54.24851],[31.38288,54.23246],[31.49248,54.16148],[31.67264,54.10638],[31.77298,54.11316],[31.892902,54.053335],[31.85383,54.00441],[31.857017,53.917842],[31.756881,53.832367],[31.86387,53.78305],[31.987248,53.803446],[32.14093,53.80537],[32.23114,53.7664],[32.322727,53.761792],[32.35534,53.72177],[32.460683,53.737652],[32.49996,53.69053],[32.4131,53.66521],[32.479968,53.547706],[32.65317,53.49457],[32.762935,53.424048],[32.857514,53.427463],[32.862313,53.511242],[32.951575,53.606479],[33.069399,53.661908],[33.211167,53.780062],[33.298769,53.816648],[33.251289,53.891812],[33.408709,53.946289],[33.432129,54.000274],[33.504592,54.016586],[33.452535,54.082574],[33.527039,54.10274],[33.564217,54.175693],[33.629445,54.187207],[33.603378,54.258884],[33.689941,54.329382],[33.614987,54.373981],[33.660765,54.448698],[33.633653,54.476861],[33.709243,54.545834],[33.987039,54.57977],[34.084276,54.54611],[34.152746,54.553944],[34.222496,54.50422],[34.444682,54.516637],[34.520689,54.598645],[34.51163,54.677671],[34.620999,54.661333],[34.789711,54.707565],[34.893736,54.757531],[34.871971,54.903384],[34.990916,54.897844],[35.051015,54.969835],[35.124703,54.976239],[35.114697,55.037647],[35.208929,55.062557],[35.274322,55.111455],[35.342516,55.233722],[35.334221,55.271752],[35.274107,55.331069],[35.324762,55.480205],[35.300606,55.581443],[35.386857,55.594644],[35.32325,55.665981],[35.30433,55.734254],[35.330782,55.792565],[35.199279,55.889126],[35.148495,55.957501],[34.925254,55.984819],[34.684549,55.935589],[34.539419,55.931408],[34.381548,56.022678],[34.336202,56.012169],[34.15825,56.063054],[34.085427,56.026866],[33.87697,56.054433],[33.811741,56.006062],[33.821652,55.962074],[33.650924,55.956405],[33.648069,55.844485],[33.575761,55.848673],[33.53347,55.77377],[33.196879,55.701868],[33.170343,55.659309],[33.0061,55.647522],[32.8428,55.653421],[32.76505,55.678622],[32.458314,55.709686],[32.315606,55.70763],[32.259051,55.670092],[32.169414,55.691712],[32.095164,55.670643],[32.035329,55.76618],[31.865975,55.78406],[31.735422,55.716451],[31.653002,55.734798],[31.483134,55.718642],[31.038165,55.758896],[31.062574,55.704743],[30.965018,55.668984],[30.931557,55.623159]]]]}},{"type":"Feature","properties":{"id":"r44","name":"Пермский край","sourceName":"Пермский край","disputed":false},"geometry":{"type":"MultiPolygon","coordinates":[[[[59.348463,61.66377],[59.236325,61.62637],[59.148321,61.629707],[59.048309,61.536394],[58.918948,61.531536],[58.843882,61.495045],[57.922196,61.498826],[57.092687,61.50185],[57.080551,61.475297],[56.653124,61.5243],[56.56634,61.418999],[56.37827,61.443122],[56.274501,61.191858],[55.813087,61.246778],[55.730554,61.09171],[55.272479,61.146023],[55.19996,60.991563],[55.05005,61.009161],[54.976851,60.859908],[53.87597,60.982831],[53.826351,60.835202],[53.352946,60.882025],[53.413843,61.032158],[52.870558,61.09062],[52.806464,60.937746],[52.431433,60.976416],[52.360943,60.829175],[51.893792,60.8817],[51.771541,60.579912],[52.152814,60.541242],[52.12267,60.464806],[52.348937,60.438315],[52.368736,60.358377],[52.317282,60.227188],[52.44445,60.184868],[52.920523,60.153778],[53.37263,60.155608],[53.421552,60.224519],[53.625636,60.114233],[53.685846,60.001456],[53.6303,59.742317],[53.597778,59.687428],[53.449701,59.702848],[53.357126,59.461552],[53.222744,59.358456],[53.231039,59.322301],[53.384022,59.152672],[53.682241,59.151151],[53.902916,59.086836],[53.87563,59.044473],[53.770654,59.00398],[53.753649,58.964697],[53.826422,58.828951],[53.926141,58.794746],[53.905413,58.754864],[53.780279,58.722024],[53.76717,58.656445],[53.702641,58.602127],[53.785599,58.455538],[53.772575,58.420644],[53.88668,58.31436],[53.785463,58.236607],[53.881299,58.200116],[53.989937,58.069713],[54.136468,57.957979],[54.130595,57.875985],[54.155006,57.71436],[54.056055,57.680584],[54.126741,57.615644],[53.991837,57.559337],[54.173095,57.521944],[54.143876,57.483947],[54.292475,57.432529],[54.154916,57.401067],[54.141776,57.315905],[54.311665,57.305716],[54.344605,57.158853],[54.311305,57.0841],[54.434826,57.035921],[54.36676,56.981221],[54.153452,56.980931],[54.150754,56.922388],[54.08791,56.81075],[54.014841,56.752071],[53.943293,56.761489],[53.873961,56.815064],[53.796359,56.800024],[53.884968,56.662533],[53.851004,56.654217],[53.838854,56.625688],[53.84102,56.59672],[54.054993,56.592409],[54.10796,56.541972],[54.191302,56.534463],[54.244086,56.458165],[54.328795,56.482895],[54.377579,56.378702],[54.4864,56.4107],[54.5398,56.5114],[54.679644,56.4862],[54.788421,56.426413],[55.021814,56.324292],[55.116014,56.3494],[55.196512,56.307451],[55.459557,56.331608],[55.522033,56.380746],[55.691955,56.408486],[55.774309,56.445925],[55.83681,56.42065],[55.919867,56.449547],[55.952536,56.373755],[56.081113,56.290316],[56.162298,56.317164],[56.267411,56.305743],[56.40723,56.40379],[56.652679,56.232966],[56.725129,56.230841],[56.783004,56.164346],[56.85044,56.166111],[56.921333,56.103883],[57.064534,56.159073],[57.167776,56.162307],[57.219294,56.249383],[57.285038,56.304739],[57.406237,56.34266],[57.323348,56.394217],[57.388288,56.531496],[57.39909,56.640547],[57.335024,56.687188],[57.347261,56.748935],[57.229384,56.856],[57.315829,56.928444],[57.430833,56.955129],[57.466781,56.912899],[57.676062,56.920509],[57.839912,56.984905],[57.872988,57.055695],[58.021624,57.078962],[58.103573,57.128724],[57.998718,57.19],[58.028881,57.237622],[57.940486,57.31643],[58.012026,57.484537],[57.985679,57.554646],[58.094477,57.658863],[58.15942,57.679759],[58.446871,57.673931],[58.460452,57.582358],[58.537085,57.564072],[58.83132,57.740102],[58.863791,57.838097],[58.728266,57.852053],[58.586743,58.041514],[58.816306,58.214851],[58.924693,58.28101],[59.137063,58.259842],[59.18624,58.278588],[59.287457,58.419285],[59.38493,58.429651],[59.453623,58.478057],[59.39606,58.585343],[59.415573,58.662859],[59.153582,58.717546],[59.105835,58.77378],[59.080028,58.906096],[59.20694,58.953952],[59.092924,59.000481],[59.196787,59.147133],[58.95987,59.234125],[58.789187,59.239542],[58.624727,59.297966],[58.524931,59.435023],[58.362935,59.46464],[58.479048,59.711673],[58.602325,59.693481],[58.693449,59.85661],[58.800246,59.843002],[58.839456,59.931982],[58.988792,59.907617],[58.984157,59.985133],[59.029805,60.015235],[59.137965,60.205882],[59.143803,60.326179],[59.218446,60.44328],[59.355832,60.521459],[59.423639,60.635472],[59.425948,60.750256],[59.482731,60.831521],[59.475006,60.939248],[59.369371,60.968356],[59.344114,61.104862],[59.292176,61.161206],[59.257545,61.313038],[59.369239,61.392871],[59.401653,61.46366],[59.406496,61.616265],[59.348463,61.66377]],[[53.842667,56.617525],[53.882409,56.625908],[53.889345,56.645707],[54.044127,56.642096],[53.957127,56.602785],[53.853217,56.599894],[53.842667,56.617525]]]]}},{"type":"Feature","properties":{"id":"r45","name":"Ивановская область","sourceName":"Ивановская область","disputed":false},"geometry":{"type":"MultiPolygon","coordinates":[[[[40.430464,57.285829],[40.29796,57.287611],[40.193111,57.203873],[39.853334,57.17419],[39.824378,57.128063],[39.723018,57.074697],[39.621221,57.060488],[39.501841,56.935981],[39.379646,56.833224],[39.402019,56.771048],[39.491998,56.749415],[39.579191,56.798241],[39.72651,56.796011],[39.900942,56.770205],[39.869085,56.624718],[39.957077,56.533707],[40.046509,56.484456],[40.22551,56.439819],[40.490601,56.583698],[40.767234,56.594363],[40.918034,56.50348],[41.032232,56.490377],[41.316213,56.487934],[41.370215,56.501039],[41.585362,56.473681],[41.677381,56.49658],[41.833692,56.499741],[41.948542,56.481586],[41.979437,56.373575],[42.046402,56.352363],[42.189135,56.39877],[42.218455,56.440683],[42.405769,56.447772],[42.614182,56.406734],[42.651056,56.46847],[42.897287,56.470342],[42.853172,56.552922],[42.92491,56.569364],[42.898378,56.645773],[42.797447,56.691727],[42.870814,56.809429],[43.084443,56.824191],[43.152336,56.879027],[43.250795,56.895032],[43.214734,56.978615],[43.099189,57.096033],[43.101808,57.198735],[43.184381,57.255553],[43.203062,57.315011],[43.304617,57.428877],[42.89554,57.37111],[42.81475,57.4295],[42.847368,57.508583],[42.851943,57.615724],[42.883711,57.654661],[42.74892,57.690753],[42.719241,57.643018],[42.465958,57.622092],[42.322874,57.573506],[42.124028,57.559258],[41.930339,57.634648],[41.895725,57.693402],[41.599156,57.736762],[41.569898,57.634141],[41.608792,57.493307],[41.567387,57.45253],[41.312641,57.414808],[41.139434,57.409306],[41.057355,57.344063],[40.929412,57.320323],[40.861736,57.342267],[40.653451,57.288239],[40.563659,57.313549],[40.430464,57.285829]]]]}},{"type":"Feature","properties":{"id":"r46","name":"Чувашская Республика","sourceName":"Чувашия","disputed":false},"geometry":{"type":"MultiPolygon","coordinates":[[[[48.050632,54.989088],[48.102709,54.991061],[48.113203,55.024608],[48.05238,55.00272],[48.050632,54.989088]]],[[[47.290809,54.674267],[47.355589,54.627395],[47.370814,54.697904],[47.290809,54.674267]]],[[[47.8373,54.768253],[47.85386,54.741635],[47.850659,54.773181],[47.8373,54.768253]]],[[[47.819619,54.903472],[47.842827,54.909117],[47.822454,54.913742],[47.819619,54.903472]]],[[[46.185308,56.031569],[46.080268,55.948898],[46.150682,55.900137],[46.073492,55.867697],[46.100442,55.798637],[45.952936,55.75773],[45.914065,55.695883],[45.960194,55.630865],[46.06508,55.614096],[46.107867,55.530672],[46.308803,55.500014],[46.394891,55.462952],[46.378577,55.417811],[46.256641,55.399179],[46.199877,55.337738],[46.229394,55.287286],[46.173581,55.236669],[46.079679,55.220505],[46.028377,55.149342],[46.061001,55.047639],[46.137705,55.022711],[46.279319,55.034057],[46.243187,54.977962],[46.410591,54.874072],[46.382018,54.830457],[46.441731,54.761445],[46.493309,54.757752],[46.658486,54.674231],[46.776443,54.684164],[46.799972,54.639554],[46.892286,54.644277],[47.034094,54.705496],[47.207492,54.657143],[47.267867,54.673486],[47.283934,54.712965],[47.387674,54.752798],[47.369252,54.828718],[47.450518,54.861459],[47.603164,54.832356],[47.722629,54.858919],[47.763722,54.954319],[47.976187,54.952781],[48.028034,55.039695],[47.901614,55.091834],[48.03788,55.108639],[48.107665,55.145905],[48.016183,55.28475],[47.911613,55.322252],[47.783703,55.23867],[47.687218,55.233977],[47.70341,55.349249],[47.780374,55.333057],[47.912739,55.429404],[47.969208,55.51546],[48.107967,55.524123],[48.103694,55.568879],[48.010683,55.629275],[48.083966,55.694768],[48.222262,55.687399],[48.309992,55.781634],[48.406167,55.825699],[48.222827,55.876277],[48.169206,55.935567],[48.047062,55.945689],[47.931256,56.03468],[47.933033,56.092303],[47.878968,56.125786],[47.425881,56.156816],[47.380268,56.227231],[47.392278,56.324122],[47.150551,56.314996],[46.918395,56.213096],[46.796975,56.190563],[46.734628,56.129107],[46.655615,56.099032],[46.586121,56.132553],[46.38668,56.108821],[46.185308,56.031569]],[[47.698839,55.388287],[47.703566,55.396145],[47.738953,55.375665],[47.706103,55.381188],[47.698839,55.388287]],[[47.294091,54.847865],[47.325065,54.852519],[47.322108,54.842708],[47.294091,54.847865]]]]}},{"type":"Feature","properties":{"id":"r47","name":"Республика Северная Осетия — Алания","sourceName":"Северная Осетия - Алания","disputed":false},"geometry":{"type":"MultiPolygon","coordinates":[[[[43.398487,42.896923],[43.560661,42.868327],[43.652795,42.795479],[43.778776,42.758044],[43.807887,42.721072],[43.759004,42.655092],[43.770458,42.58878],[43.836416,42.598723],[43.965006,42.546942],[44.021778,42.597196],[44.233345,42.627957],[44.248892,42.679922],[44.319256,42.7225],[44.416457,42.719994],[44.678461,42.756177],[44.630115,42.883143],[44.701413,42.884269],[44.75094,42.843453],[44.853651,42.835576],[44.882929,42.912537],[44.953009,42.946579],[44.903326,43.096648],[44.773101,43.1577],[44.697017,43.270732],[44.653688,43.219464],[44.568979,43.234828],[44.577958,43.416361],[44.486887,43.434263],[44.479066,43.513722],[44.503346,43.587919],[44.63363,43.614966],[44.797311,43.594948],[44.847608,43.56497],[44.83243,43.681956],[44.80294,43.71941],[44.789621,43.817085],[44.666445,43.82658],[44.471309,43.801203],[44.291438,43.810387],[44.267364,43.746333],[44.302567,43.688174],[44.429341,43.685154],[44.43545,43.605894],[44.474986,43.58225],[44.412997,43.452857],[44.333482,43.444053],[44.17493,43.3486],[44.146346,43.437676],[44.037769,43.352206],[44.098232,43.26719],[43.940236,43.286538],[43.861798,43.264182],[43.829874,43.323265],[43.750206,43.221695],[43.703382,43.131198],[43.652037,43.101212],[43.622618,43.01069],[43.572302,42.943093],[43.4291,42.955619],[43.398487,42.896923]]]]}},{"type":"Feature","properties":{"id":"r48","name":"Брянская область","sourceName":"Брянская область","disputed":false},"geometry":{"type":"MultiPolygon","coordinates":[[[[32.762935,53.424048],[32.7335,53.33253],[32.51009,53.29468],[32.414345,53.186095],[32.094753,53.076191],[31.830955,53.110379],[31.786399,53.179727],[31.644211,53.220267],[31.54334,53.190819],[31.41841,53.18764],[31.36356,53.14396],[31.330609,53.041807],[31.37189,52.93358],[31.58698,52.79377],[31.60063,52.74605],[31.50312,52.6985],[31.617056,52.576296],[31.596662,52.439861],[31.63256,52.39818],[31.62681,52.29011],[31.68354,52.27767],[31.70929,52.21484],[31.78104,52.18557],[31.781789,52.111907],[31.954161,52.08159],[32.065939,52.034699],[32.252748,52.088922],[32.31648,52.12104],[32.324542,52.223413],[32.401708,52.248171],[32.35516,52.327346],[32.550034,52.326866],[32.700589,52.247901],[32.833022,52.278295],[32.995741,52.27186],[33.169904,52.372834],[33.412799,52.349803],[33.518636,52.354675],[33.560506,52.301927],[33.677819,52.354607],[33.836472,52.361389],[33.936844,52.24979],[34.05262,52.200979],[34.116327,52.141215],[34.080837,52.070686],[34.14241,51.968086],[34.385548,51.843075],[34.36413,51.941633],[34.403542,51.993775],[34.545471,52.071284],[34.609376,52.036475],[34.742774,52.087892],[34.726352,52.15202],[34.761107,52.188804],[34.869013,52.202119],[34.887945,52.278386],[34.94107,52.313659],[34.924193,52.369988],[34.848439,52.398047],[34.854596,52.451538],[34.922607,52.512414],[34.991555,52.50716],[35.02522,52.610608],[35.015803,52.709161],[34.925741,52.800581],[34.861173,52.808901],[34.825726,52.865741],[34.875969,52.916812],[35.052545,52.966675],[35.240067,52.994564],[35.269924,53.108502],[35.121884,53.15423],[35.10567,53.227345],[35.141099,53.279123],[34.982773,53.373609],[34.63795,53.383027],[34.519712,53.500843],[34.496489,53.673982],[34.227645,53.839432],[34.18062,53.900824],[34.074014,53.86795],[33.911543,53.867228],[33.80622,53.89639],[33.798929,53.990937],[33.715717,54.023977],[33.504592,54.016586],[33.432129,54.000274],[33.408709,53.946289],[33.251289,53.891812],[33.298769,53.816648],[33.211167,53.780062],[33.069399,53.661908],[32.951575,53.606479],[32.862313,53.511242],[32.857514,53.427463],[32.762935,53.424048]]]]}},{"type":"Feature","properties":{"id":"r49","name":"Пензенская область","sourceName":"Пензенская область","disputed":false},"geometry":{"type":"MultiPolygon","coordinates":[[[[42.144531,53.802341],[42.081739,53.748005],[42.143951,53.712079],[42.109533,53.515339],[42.255598,53.484075],[42.285082,53.428585],[42.246815,53.392787],[42.379592,53.327366],[42.420968,53.271701],[42.494068,53.241357],[42.754868,53.018262],[42.957555,52.930946],[42.954222,52.911944],[43.10569,52.803579],[43.193604,52.717261],[43.220343,52.636794],[43.058242,52.559391],[43.024048,52.486763],[43.081329,52.404693],[43.039706,52.370635],[43.117153,52.37877],[43.142162,52.438962],[43.283355,52.440201],[43.336238,52.373748],[43.488266,52.379427],[43.56725,52.407008],[43.669829,52.393654],[43.747019,52.432056],[43.891909,52.405085],[44.028928,52.330323],[44.156717,52.306612],[44.314552,52.306192],[44.401212,52.429344],[44.535785,52.450395],[44.507483,52.523551],[44.682972,52.463814],[44.853116,52.447721],[44.892952,52.356528],[45.061078,52.36153],[45.148294,52.418508],[45.267626,52.390862],[45.352976,52.396469],[45.524668,52.459737],[45.62145,52.477667],[45.732676,52.45693],[45.794148,52.41629],[45.961039,52.396793],[46.012701,52.454175],[46.004107,52.510991],[46.140302,52.549581],[46.166902,52.607934],[46.268342,52.610239],[46.325899,52.680843],[46.489002,52.681361],[46.571619,52.702207],[46.743722,52.611189],[46.801859,52.621141],[46.817569,52.697949],[46.940143,52.721964],[46.97028,52.80898],[46.892765,52.893382],[46.917765,52.919133],[46.930099,53.171332],[46.863107,53.177165],[46.908509,53.36347],[46.791834,53.372678],[46.746153,53.41597],[46.568175,53.462485],[46.455797,53.512958],[46.438391,53.648993],[46.376481,53.670359],[46.279374,53.790302],[46.17272,53.796735],[46.185294,53.911999],[46.078067,53.966138],[45.976949,53.98513],[45.813633,53.975716],[45.633792,53.913755],[45.564036,53.929465],[45.485437,53.890096],[45.35717,53.870064],[45.176467,53.971527],[44.984281,53.957396],[44.831459,53.963251],[44.803149,53.92669],[44.685678,53.914915],[44.607604,53.881195],[44.603824,53.798975],[44.689718,53.750708],[44.715204,53.680125],[44.458908,53.663962],[44.414121,53.697857],[44.148737,53.704363],[44.119049,53.730156],[43.927452,53.770688],[43.923849,53.87381],[43.745811,53.959363],[43.69107,53.950276],[43.535252,54.014353],[43.458459,53.978798],[43.347603,53.997465],[43.126751,53.977284],[43.09672,53.87381],[42.931977,53.795533],[42.759604,53.825475],[42.6291,53.80906],[42.570068,53.749389],[42.498596,53.734776],[42.357451,53.826181],[42.35023,53.853669],[42.144531,53.802341]]]]}},{"type":"Feature","properties":{"id":"r50","name":"Белгородская область","sourceName":"Белгородская область","disputed":false},"geometry":{"type":"MultiPolygon","coordinates":[[[[35.350987,50.975007],[35.393005,50.924714],[35.410347,50.805038],[35.488713,50.776804],[35.460073,50.689009],[35.391486,50.641734],[35.43623,50.530284],[35.47588,50.48904],[35.58678,50.4487],[35.62677,50.35171],[35.73818,50.35446],[35.83174,50.43377],[36.06794,50.45076],[36.16064,50.43154],[36.36406,50.28751],[36.47341,50.31309],[36.57417,50.27447],[36.64867,50.21765],[36.69296,50.26914],[36.93687,50.350336],[37.102286,50.351521],[37.292486,50.401301],[37.332996,50.437011],[37.46492,50.43102],[37.48466,50.35652],[37.62646,50.29335],[37.61495,50.21644],[37.75486,50.07843],[37.79692,50.08409],[37.92652,50.0338],[37.964579,49.978925],[38.055923,49.923187],[38.171016,49.941901],[38.221848,49.979138],[38.17823,50.079996],[38.329592,50.085404],[38.35029,50.00663],[38.48871,49.96324],[38.58261,49.97749],[38.72354,49.92737],[38.74363,49.89784],[38.91718,49.85973],[38.94911,49.79587],[39.06772,49.81544],[39.179732,49.888659],[39.217667,50.048129],[39.159814,50.140906],[39.137774,50.224666],[39.047222,50.276746],[39.014783,50.455454],[39.081008,50.53075],[39.083569,50.605573],[38.957737,50.697817],[38.76859,50.719567],[38.803684,50.762344],[38.706516,50.800234],[38.720936,50.877304],[38.876593,50.930671],[38.864588,51.005923],[38.803495,51.076693],[38.699355,51.022127],[38.58801,51.012156],[38.518256,51.07103],[38.387686,51.077056],[38.411662,51.165983],[38.483829,51.162307],[38.434292,51.28578],[38.335277,51.256143],[38.288584,51.296352],[38.035173,51.381351],[37.98618,51.420358],[37.847478,51.429731],[37.703198,51.35774],[37.47205,51.368026],[37.383742,51.384521],[37.300755,51.331542],[37.159994,51.319629],[37.096716,51.243182],[36.989985,51.190595],[36.790768,51.160269],[36.665726,51.086137],[36.531642,51.133797],[36.486282,51.062953],[36.404843,51.11844],[36.353138,51.091598],[36.064989,51.158692],[35.922334,51.130149],[35.996461,51.071242],[35.909873,51.020532],[35.862745,50.958006],[35.788022,50.943016],[35.734212,50.975939],[35.570907,50.901557],[35.54306,50.944578],[35.350987,50.975007]]]]}},{"type":"Feature","properties":{"id":"r51","name":"Липецкая область","sourceName":"Липецкая область","disputed":false},"geometry":{"type":"MultiPolygon","coordinates":[[[[37.866469,53.012217],[37.842658,52.868786],[37.884592,52.814333],[37.891259,52.740489],[37.810331,52.708182],[37.824277,52.632034],[37.775183,52.58957],[37.820162,52.528973],[37.789985,52.497305],[37.930833,52.472308],[37.928458,52.403076],[38.057294,52.297414],[37.984032,52.252771],[37.839406,52.20895],[37.738268,52.01703],[37.821724,51.975734],[37.867912,51.900885],[37.993854,51.894579],[38.24195,51.922897],[38.292611,51.96594],[38.399619,51.987485],[38.555547,52.055531],[38.741764,52.041692],[38.877206,52.09655],[39.015011,51.984812],[39.087042,52.034477],[39.299772,52.103184],[39.473172,52.073549],[39.515367,52.022596],[39.484369,51.977717],[39.840761,51.921077],[39.927212,51.967388],[40.042467,51.952219],[40.127123,51.985584],[40.273819,51.949144],[40.354018,51.965474],[40.53414,51.945692],[40.536676,52.008933],[40.614188,52.052097],[40.637032,52.174902],[40.733435,52.251247],[40.660279,52.285884],[40.572754,52.276909],[40.512791,52.354903],[40.293363,52.391964],[40.296317,52.441296],[40.226615,52.500961],[39.976678,52.596802],[39.915694,52.708851],[39.97932,52.753208],[40.083271,52.754594],[40.125435,53.022167],[40.155331,53.046237],[40.095531,53.275049],[40.169999,53.312082],[40.173669,53.353893],[40.038051,53.403314],[39.932111,53.513974],[39.753604,53.585429],[39.59453,53.523596],[39.559951,53.442997],[39.32723,53.390583],[39.17434,53.408271],[39.170063,53.44035],[39.054738,53.578467],[38.937824,53.574779],[38.722323,53.528485],[38.725936,53.443112],[38.763755,53.357529],[38.624095,53.353601],[38.528911,53.302222],[38.604789,53.251055],[38.57756,53.188462],[38.671049,53.129568],[38.636444,53.051641],[38.565863,52.99108],[38.467696,53.028438],[38.370654,52.989955],[38.230784,52.994509],[38.122278,53.054437],[37.925037,53.055766],[37.866469,53.012217]]]]}},{"type":"Feature","properties":{"id":"r52","name":"Новгородская область","sourceName":"Новгородская область","disputed":false},"geometry":{"type":"MultiPolygon","coordinates":[[[[29.894085,58.445747],[29.892181,58.309506],[29.766656,58.252532],[29.633659,58.256647],[29.689452,58.188816],[29.628881,58.100909],[29.789646,58.091002],[29.987182,58.030395],[29.889138,57.968395],[29.991783,57.942018],[30.071759,57.958173],[30.245907,57.890843],[30.294738,57.910281],[30.544553,57.86399],[30.45226,57.687999],[30.518809,57.642471],[30.680627,57.644054],[30.542752,57.546626],[30.423359,57.424207],[30.464248,57.350097],[30.541043,57.30409],[30.745663,57.263208],[30.62847,57.176504],[30.687549,57.149025],[30.675652,57.004156],[30.765501,56.9457],[30.871113,56.941201],[30.978757,56.969897],[31.100948,56.930977],[31.241306,56.951509],[31.396194,56.909396],[31.441735,56.954436],[31.531003,56.946578],[31.725252,57.092029],[31.898327,57.125242],[32.001669,57.113838],[32.106282,57.185621],[32.181588,57.178602],[32.582649,57.320788],[32.670973,57.375154],[32.706919,57.434025],[32.826286,57.455627],[32.915921,57.445144],[33.07835,57.466113],[33.264033,57.42192],[33.233437,57.545719],[33.293068,57.54945],[33.306631,57.648529],[33.426627,57.700311],[33.593119,57.727617],[33.551329,57.767487],[33.547352,57.851164],[33.684006,57.905601],[33.625161,58.005129],[33.53089,58.051676],[33.617137,58.122078],[33.780013,58.169795],[33.802965,58.137807],[34.170765,58.212845],[34.223395,58.187271],[34.425484,58.149261],[34.504716,58.114822],[34.721495,58.090302],[34.749008,58.223637],[34.974672,58.225534],[35.050888,58.194615],[35.257167,58.274199],[35.283327,58.36566],[35.331258,58.412427],[35.470656,58.409995],[35.551328,58.456874],[35.939633,58.423027],[36.102447,58.504954],[36.181682,58.51165],[36.228686,58.582474],[36.116421,58.674069],[36.103803,58.724755],[35.996759,58.714157],[35.962167,58.751129],[35.783203,58.753698],[35.744992,58.82213],[35.57926,58.810316],[35.552567,58.847333],[35.409386,58.84934],[35.295517,58.779846],[35.175289,58.816589],[35.131941,58.868317],[35.17886,58.948819],[34.998257,58.939983],[34.868292,58.990594],[34.864922,59.055515],[34.722362,59.084852],[34.511956,59.144646],[34.28417,59.178155],[34.105741,59.170158],[34.032296,59.147703],[33.907846,59.207326],[33.800101,59.200665],[33.773571,59.28302],[33.62203,59.327798],[33.630295,59.382494],[33.348401,59.385252],[33.342771,59.315153],[33.056956,59.418503],[32.92141,59.348622],[32.846921,59.348621],[32.732449,59.271441],[32.770172,59.218648],[32.725908,59.148458],[32.647397,59.117194],[32.447236,59.107971],[32.280729,59.202122],[32.296785,59.278769],[32.199722,59.289634],[32.095995,59.38192],[31.963515,59.432369],[31.906152,59.376154],[31.804102,59.354581],[31.552404,59.369069],[31.537263,59.281025],[31.580584,59.231836],[31.508878,59.200718],[31.476982,59.101899],[31.222168,59.005089],[31.164102,59.075406],[31.080905,59.090679],[30.964267,59.016809],[30.922426,58.921503],[30.813167,58.876562],[30.68272,58.858718],[30.713969,58.778193],[30.664179,58.736576],[30.406441,58.702876],[30.377748,58.73926],[30.215526,58.760751],[30.121606,58.745329],[30.072681,58.628347],[30.171235,58.530442],[30.099747,58.51449],[30.069715,58.447409],[29.894085,58.445747]]]]}},{"type":"Feature","properties":{"id":"r53","name":"Архангельская область","sourceName":"Архангельская область","disputed":false},"geometry":{"type":"MultiPolygon","coordinates":[[[[37.90677,63.99368],[37.86085,64.01164],[37.89757,63.99117],[37.90677,63.99368]]],[[[36.78719,64.04337],[36.76929,64.03847],[36.76013,64.01386],[36.79209,64.03429],[36.78719,64.04337]]],[[[35.63596,64.96554],[35.63867,64.95321],[35.69343,64.96938],[35.69733,64.98416],[35.63596,64.96554]]],[[[42.67422,66.68276],[42.65046,66.7392],[42.52459,66.77462],[42.42968,66.74957],[42.59456,66.67542],[42.67422,66.68276]]],[[[44.249558,66.436164],[44.11969,66.30934],[44.07411,66.19195],[44.14596,66.10645],[44.15597,66.03312],[43.96736,66.09436],[43.88423,66.17868],[43.71782,66.18635],[43.4564,66.13128],[43.46326,66.17431],[43.67982,66.23564],[43.6002,66.29401],[43.358947,66.335391],[43.25651,66.41215],[42.87445,66.39232],[42.60764,66.39332],[42.59853,66.44166],[42.31198,66.50786],[42.10734,66.48655],[41.99226,66.37818],[41.85893,66.32205],[41.76491,66.24129],[41.5219,66.12108],[41.33046,66.06007],[40.98839,66.00672],[40.74353,65.98515],[40.64138,65.93524],[40.48602,65.8128],[40.17186,65.69246],[39.8784,65.62794],[39.7788,65.57771],[39.71335,65.49149],[39.72242,65.33851],[39.83886,65.28277],[40.03921,65.11635],[40.14133,65.05957],[40.213799,64.947837],[40.376873,64.929415],[40.412061,64.857984],[40.313176,64.768657],[40.22084,64.723801],[40.054335,64.686794],[39.970763,64.620907],[39.833622,64.659537],[39.73476,64.562404],[39.532273,64.549245],[39.283044,64.645845],[39.14132,64.656444],[38.89784,64.73648],[38.56401,64.77136],[38.48523,64.7475],[38.15707,64.7111],[38.05479,64.77155],[38.27485,64.80002],[38.13898,64.84287],[37.88652,64.89203],[37.69397,64.96897],[37.65699,65.03625],[37.17513,65.14964],[37.00029,65.169],[36.86346,65.10165],[36.80811,64.9548],[36.43723,64.90339],[36.55115,64.73224],[36.69572,64.70937],[36.91837,64.52679],[37.19784,64.37139],[37.34287,64.34206],[37.44953,64.38036],[37.55366,64.38011],[37.65172,64.42264],[37.7911,64.43815],[37.78345,64.37739],[37.99694,64.2981],[37.89096,64.21158],[38.00088,64.14248],[38.07468,64.00353],[38.01393,63.93361],[37.85755,63.88858],[37.63996,63.88458],[37.61432,63.81698],[37.43799,63.78382],[37.25101,63.81533],[37.20516,63.87714],[36.68544,63.90566],[36.553041,63.952169],[36.558627,63.794795],[36.590395,63.748201],[36.455216,63.626485],[35.93535,63.605399],[35.892773,63.576226],[36.029888,63.465428],[36.192072,63.425609],[36.261894,63.280401],[36.245765,63.211511],[36.307068,63.15076],[36.258139,63.01153],[36.487951,62.838889],[36.528467,62.793114],[36.821712,62.69601],[37.070641,62.648683],[37.368941,62.677886],[37.548008,62.622088],[37.577011,62.499195],[37.635381,62.477396],[37.596416,62.357571],[37.476446,62.26954],[37.452738,62.215169],[37.701812,62.212684],[37.773086,62.138087],[37.836783,61.98254],[37.943999,61.972526],[37.934746,61.909282],[37.85945,61.755579],[37.759843,61.615429],[37.81674,61.529811],[37.823888,61.400439],[37.88074,61.366033],[37.872908,61.290487],[38.018173,61.224792],[38.007959,61.141705],[38.123649,61.160507],[38.211378,61.063861],[38.181332,60.985107],[38.21795,60.931051],[38.392299,60.892972],[38.404946,60.806727],[38.586728,60.797676],[38.619959,60.716362],[38.807283,60.708491],[38.89625,60.7715],[39.143225,60.679941],[39.19359,60.722709],[39.375122,60.687016],[39.758875,60.741187],[39.885604,60.65393],[40.048809,60.674312],[40.185938,60.671378],[40.333945,60.6991],[40.453539,60.777337],[40.574868,60.719656],[40.72106,60.780623],[40.785138,60.715341],[40.895154,60.684256],[41.085131,60.666039],[41.140831,60.635816],[41.342462,60.687545],[41.424661,60.818025],[41.377683,60.85032],[41.509109,60.895225],[41.768515,60.873382],[41.824642,60.916387],[41.94381,60.905249],[41.926889,60.84368],[42.111598,60.835738],[42.173689,60.786259],[42.429209,60.768388],[42.570482,60.773183],[42.566334,60.819468],[42.658296,60.887947],[42.919692,60.813687],[42.994978,60.729891],[43.077678,60.744464],[43.135143,60.809201],[43.523734,60.766376],[43.544626,60.85791],[43.734947,60.881055],[43.782949,61.037182],[43.978624,61.057391],[44.180954,61.061493],[44.159802,60.965034],[44.92503,60.910785],[45.251136,60.89404],[45.338405,61.195118],[45.809008,61.161534],[45.759413,61.011219],[46.299524,60.968742],[46.312821,60.995849],[46.552399,61.023029],[46.542857,60.982266],[46.823677,60.963126],[46.820444,60.881563],[47.072164,60.844481],[47.108785,60.939032],[47.193951,60.996978],[47.19318,61.067393],[47.463344,61.042686],[47.603077,61.060586],[47.655019,61.033604],[47.897198,61.016821],[47.955992,60.988545],[47.96653,60.879171],[48.419677,60.837206],[48.474967,61.022139],[48.92158,61.136045],[48.957936,61.104959],[49.126753,61.17223],[49.321827,61.152372],[49.502104,61.605036],[49.043737,61.649069],[49.227262,62.1022],[49.374007,62.132736],[49.537706,62.539805],[49.640796,62.76916],[48.741332,62.8517],[48.681413,62.702136],[48.352231,62.733736],[48.255704,62.506109],[48.298019,62.476922],[48.322901,62.307153],[47.659359,62.328386],[47.642617,62.175714],[47.389083,62.181409],[47.402889,62.334427],[47.231909,62.337187],[47.245359,62.638732],[47.060895,62.826287],[47.409062,62.964802],[47.530814,63.049948],[47.570357,63.144764],[47.39005,63.156332],[47.16017,63.245445],[47.051019,63.253906],[46.942724,63.34941],[46.939262,63.453551],[47.011967,63.517972],[47.017316,63.577728],[46.809881,63.756648],[46.499691,63.864584],[46.151162,63.94385],[45.943394,63.956627],[45.594518,64.056964],[45.39935,64.174918],[45.714043,64.257442],[45.852006,64.278031],[46.321081,64.247987],[46.630221,64.316901],[47.344534,64.35439],[48.16144,64.345249],[48.196509,64.2266],[48.464726,64.204326],[48.52447,64.355617],[48.88379,64.326694],[48.961064,64.477553],[49.483163,64.425058],[49.552407,64.575831],[49.912503,64.557875],[50.360683,64.510388],[50.498827,64.791727],[50.245634,64.82851],[49.762888,65.176504],[49.636629,65.289107],[49.055647,65.22477],[49.03605,65.43562],[48.999789,66.113264],[48.084647,66.129254],[48.029132,66.013281],[47.911042,66.032277],[47.749226,65.906458],[47.843529,65.855339],[47.738354,65.820969],[47.471346,65.843935],[47.144758,65.821305],[46.770449,65.935343],[46.558159,65.978016],[46.347105,66.038287],[45.848494,66.085428],[45.70329,66.083267],[45.515382,66.115301],[45.267541,66.178248],[44.989002,66.225047],[44.854938,66.230571],[44.589523,66.297577],[44.520753,66.361621],[44.249558,66.436164]]],[[[36.8154,65.19431],[36.8367,65.20875],[36.78947,65.20265],[36.8154,65.19431]]],[[[36.01521,65.02362],[35.8562,65.04543],[35.82265,65.15202],[35.76214,65.1726],[35.5373,65.14484],[35.52091,65.08089],[35.677606,65.034357],[35.72474,64.97137],[35.876567,65.016471],[36.01521,65.02362]]],[[[36.11383,65.13705],[35.99037,65.19356],[35.93306,65.14376],[36.11383,65.13705]]],[[[58.677882,74.421352],[58.705059,74.417567],[58.717983,74.43165],[58.66573,74.427961],[58.677882,74.421352]]],[[[59.101205,74.414543],[58.963237,74.336325],[59.082401,74.328585],[59.101205,74.414543]]],[[[53.0935,73.05051],[53.14532,73.06813],[53.10491,73.06225],[53.0935,73.05051]]],[[[54.13681,73.43254],[54.05788,73.43797],[54.06603,73.41673],[54.13681,73.43254]]],[[[54.5751,73.65271],[54.61357,73.64394],[54.62343,73.65121],[54.5751,73.65271]]],[[[56.26445,70.55557],[56.30252,70.5529],[56.29296,70.56309],[56.26445,70.55557]]],[[[55.54993,70.60726],[55.58157,70.59498],[55.58637,70.6032],[55.54993,70.60726]]],[[[55.6497,70.57633],[55.68596,70.56202],[55.7066,70.57521],[55.6497,70.57633]]],[[[55.61036,70.63457],[55.53588,70.65252],[55.57714,70.63597],[55.61036,70.63457]]],[[[53.62409,71.093606],[53.65604,71.1171],[53.461235,71.11958],[53.573711,71.082904],[53.62409,71.093606]]],[[[53.4375,71.052509],[53.43133,71.0662],[53.40428,71.06107],[53.4375,71.052509]]],[[[52.5736,71.39049],[52.32136,71.34239],[52.23791,71.2783],[52.36129,71.22271],[52.59107,71.23227],[52.79588,71.12873],[52.81542,71.06695],[52.9737,71.03152],[53.179069,71.078104],[53.241738,71.140316],[53.190702,71.220403],[52.898468,71.366939],[52.5736,71.39049]]],[[[53.430457,71.208742],[53.399336,71.237953],[53.367621,71.244141],[53.387042,71.197758],[53.430457,71.208742]]],[[[53.237658,71.29142],[53.208876,71.303461],[53.160712,71.301224],[53.191369,71.284315],[53.237658,71.29142]]],[[[53.01131,71.3795],[53.04691,71.35439],[53.03322,71.37817],[53.01131,71.3795]]],[[[52.64288,71.40337],[52.666453,71.38895],[52.683976,71.391627],[52.64288,71.40337]]],[[[52.5736,71.39049],[52.54224,71.42203],[52.5213,71.40847],[52.5736,71.39049]]],[[[56.39595,70.50621],[56.43686,70.47976],[56.46548,70.48138],[56.42885,70.50657],[56.39595,70.50621]]],[[[56.31094,70.50821],[56.33545,70.49603],[56.3592,70.50711],[56.31094,70.50821]]],[[[56.601562,70.495684],[56.654,70.49692],[56.6949,70.5237],[56.59707,70.51341],[56.601562,70.495684]]],[[[58.700981,79.780853],[58.632324,79.785279],[58.648385,79.775224],[58.700981,79.780853]]],[[[49.21875,80.02947],[49.179787,80.039025],[49.130386,80.027221],[49.21875,80.02947]]],[[[59.964301,79.92791],[59.854084,79.899124],[59.955887,79.886323],[60.073087,79.912323],[59.964301,79.92791]]],[[[58.736583,79.958824],[58.627784,79.93702],[58.813903,79.892273],[58.978288,79.906921],[58.736583,79.958824]]],[[[36.785959,80.15625],[36.618686,80.168824],[36.589985,80.152717],[36.736786,80.132118],[36.785959,80.15625]]],[[[56.676484,80.472619],[56.608784,80.498321],[56.470521,80.48494],[56.551986,80.469018],[56.676484,80.472619]]],[[[54.84375,80.531173],[54.638535,80.498672],[55.000118,80.441139],[55.099983,80.498321],[54.84375,80.531173]]],[[[55.306885,80.429871],[54.984684,80.409218],[55.296814,80.378144],[55.306885,80.429871]]],[[[54.84375,80.431961],[54.483276,80.433472],[54.447384,80.384118],[54.779313,80.391869],[54.84375,80.431961]]],[[[45,80.613824],[45.022083,80.573318],[45.417187,80.548423],[46.083187,80.549339],[46.032982,80.4515],[46.275486,80.442521],[46.529027,80.527633],[46.873684,80.554718],[47.265819,80.645867],[47.482585,80.73812],[47.774686,80.769118],[48.139281,80.648071],[48.613891,80.67688],[48.596592,80.775352],[48.218083,80.814628],[47.945678,80.797302],[47.439186,80.85202],[47.151386,80.814719],[46.904906,80.741272],[46.155884,80.665719],[45.526485,80.64762],[45,80.613824]]],[[[53.4375,80.548776],[53.216186,80.516517],[53.457702,80.469116],[53.56073,80.507323],[53.4375,80.548776]]],[[[54.369082,80.493819],[54.271583,80.582122],[53.909962,80.596877],[53.966863,80.519027],[53.89032,80.447877],[54.269103,80.414307],[54.537987,80.466424],[54.369082,80.493819]]],[[[54.410187,80.554536],[54.44149,80.565423],[54.339978,80.580682],[54.315484,80.564523],[54.410187,80.554536]]],[[[58.782777,80.562073],[58.803284,80.61548],[58.494874,80.581482],[58.782777,80.562073]]],[[[57.65625,80.536478],[57.907593,80.532264],[58.083884,80.612724],[57.474685,80.611619],[57.317486,80.560525],[57.65625,80.536478]]],[[[56.25,80.752978],[55.747925,80.714478],[55.569485,80.62732],[56.370884,80.595122],[56.892284,80.621818],[57.014202,80.673005],[56.898583,80.715103],[56.492676,80.76007],[56.25,80.752978]]],[[[60.221577,80.15625],[60.083787,80.185922],[59.944183,80.178123],[60.026184,80.146019],[60.221577,80.15625]]],[[[59.0625,80.108626],[59.243085,80.134621],[59.106872,80.136474],[59.0625,80.108626]]],[[[54.257389,80.302659],[54.102387,80.255821],[54.399285,80.205123],[54.420185,80.284622],[54.257389,80.302659]]],[[[50.625,79.92363],[51.105529,79.906128],[51.431924,79.919051],[51.203185,79.983222],[51.298385,80.05249],[51.013288,80.103021],[50.709119,80.045051],[50.583484,79.98822],[50.266686,79.991019],[50.131385,79.940133],[50.625,79.92363]]],[[[49.377937,80.081688],[49.418483,80.009622],[49.692166,80.052018],[49.377937,80.081688]]],[[[59.0625,80.050667],[58.792714,80.008224],[59.305583,79.937218],[59.717282,79.937332],[59.928284,80.005309],[59.864486,80.051621],[59.464286,80.086921],[59.0625,80.050667]]],[[[52.812927,80.107467],[52.835286,80.094818],[52.900708,80.105605],[52.812927,80.107467]]],[[[50.351294,80.15625],[50.309185,80.214019],[49.87268,80.214112],[49.551988,80.159119],[49.885685,80.054817],[50.147822,80.060706],[50.128769,80.128082],[50.351294,80.15625]]],[[[57.086917,80.15625],[57.170983,80.3163],[57.004271,80.350282],[56.700394,80.314071],[56.241985,80.331322],[55.940143,80.296654],[56.153085,80.177619],[55.825058,80.089913],[56.099384,80.061622],[57.02173,80.057312],[57.086917,80.15625]]],[[[61.182385,80.338669],[61.094185,80.339622],[61.138484,80.332222],[61.182385,80.338669]]],[[[51.589467,80.315705],[51.588585,80.335023],[51.532985,80.323121],[51.589467,80.315705]]],[[[55.428985,80.315438],[55.1391,80.296082],[54.958184,80.244721],[55.145684,80.211624],[55.500484,80.258216],[55.428985,80.315438]]],[[[58.903705,80.277137],[58.906791,80.289689],[58.815986,80.297921],[58.779492,80.28469],[58.903705,80.277137]]],[[[53.924785,80.331139],[53.939513,80.292907],[54.087525,80.330873],[53.924785,80.331139]]],[[[52.390683,80.359665],[52.319786,80.325523],[52.534791,80.333145],[52.390683,80.359665]]],[[[53.545295,80.15625],[53.947511,80.230103],[53.453492,80.322082],[53.281285,80.389923],[53.035277,80.387504],[52.642701,80.261475],[52.219577,80.244293],[52.395287,80.188019],[52.691784,80.154319],[53.545295,80.15625]]],[[[57.989112,80.15625],[58.431186,80.142418],[58.491088,80.19812],[58.101283,80.231019],[58.203311,80.267829],[58.648314,80.325318],[59.316712,80.320922],[58.914791,80.418893],[58.079185,80.475823],[57.009586,80.450317],[57.293984,80.346421],[57.276484,80.24282],[57.34967,80.153077],[57.856873,80.093323],[57.989112,80.15625]]],[[[60.293987,80.353532],[60.258487,80.362502],[60.208686,80.347923],[60.311685,80.341523],[60.293987,80.353532]]],[[[54.84375,80.367432],[54.711486,80.37912],[54.597484,80.358322],[54.66333,80.347289],[54.84375,80.367432]]],[[[56.25,80.389518],[55.900185,80.419221],[55.778584,80.380218],[56.176685,80.346817],[56.25,80.389518]]],[[[58.273686,81.210418],[58.210483,81.193108],[58.305683,81.201621],[58.273686,81.210418]]],[[[58.794186,81.441124],[58.771912,81.455872],[58.709094,81.444916],[58.794186,81.441124]]],[[[59.0625,81.727959],[59.343387,81.758696],[59.283788,81.846931],[58.849669,81.856872],[57.912484,81.810822],[58.064484,81.768219],[57.976284,81.713822],[58.220703,81.688109],[58.560303,81.724671],[59.0625,81.727959]]],[[[62.236445,81.5625],[61.910084,81.588219],[61.912483,81.538917],[62.236445,81.5625]]],[[[58.565917,81.578674],[58.679283,81.637718],[58.356685,81.622621],[58.565917,81.578674]]],[[[61.902597,81.623375],[61.952886,81.611922],[62.019286,81.624512],[61.972386,81.633622],[61.902597,81.623375]]],[[[58.936283,81.631425],[58.828282,81.636719],[58.871285,81.624925],[58.936283,81.631425]]],[[[63.28125,81.710105],[62.326484,81.694924],[62.693908,81.599494],[63.460384,81.569122],[63.791836,81.612962],[63.756183,81.675125],[63.28125,81.710105]]],[[[58.278411,81.526924],[58.280086,81.503135],[58.406311,81.517272],[58.278411,81.526924]]],[[[60.46875,81.295231],[60.037484,81.308624],[59.845519,81.291321],[60.431702,81.238098],[60.46875,81.295231]]],[[[54.515321,81.271729],[54.454987,81.283424],[54.451687,81.302621],[54.308785,81.337624],[54.302085,81.314522],[54.392701,81.296326],[54.461595,81.267745],[54.515321,81.271729]]],[[[54.84375,81.377584],[54.934383,81.375672],[54.926285,81.396523],[54.84375,81.377584]]],[[[59.0625,81.294647],[59.357727,81.334289],[59.104675,81.419686],[58.577285,81.373816],[58.640686,81.315124],[59.0625,81.294647]]],[[[57.673949,81.5625],[57.274586,81.530418],[57.035188,81.541221],[56.905587,81.445222],[57.401684,81.43882],[57.840272,81.378119],[58.302285,81.377921],[58.553386,81.406021],[58.359183,81.479523],[58.055484,81.487222],[57.673949,81.5625]]],[[[63.164786,80.943244],[63.090286,80.90206],[62.653182,80.828141],[62.520584,80.78022],[63.16413,80.637824],[63.598686,80.682418],[64.415688,80.705223],[64.97914,80.779664],[65.384888,80.91272],[65.282584,80.972907],[65.402282,81.013923],[65.234688,81.123818],[65.005387,81.17108],[64.575485,81.190116],[64.189513,81.135925],[64.188294,81.006714],[63.967785,80.95462],[63.164786,80.943244]]],[[[60.46875,80.432389],[60.597787,80.394622],[61.087708,80.362489],[61.646896,80.468459],[61.660279,80.555023],[62.011487,80.578017],[62.178408,80.66005],[62.218284,80.766121],[62.043586,80.85968],[61.57611,80.86213],[61.249886,80.826318],[60.413514,80.774224],[60.116782,80.827271],[59.599671,80.778686],[59.673096,80.740479],[59.471497,80.690673],[59.338086,80.485024],[59.665386,80.386818],[60.46875,80.432389]]],[[[54.84375,80.841482],[54.379701,80.861877],[54.050983,80.800117],[54.313476,80.771728],[54.687984,80.778221],[54.883912,80.710877],[55.966481,80.76596],[55.315085,80.836822],[54.84375,80.841482]]],[[[57.65625,80.803551],[56.893184,80.875823],[56.654907,80.957519],[56.025086,81.023522],[55.499085,80.999619],[55.243584,81.057219],[54.966685,81.074021],[54.46185,81.027673],[55.034786,80.933022],[55.391085,80.922317],[56.056518,80.803529],[56.669186,80.781494],[57.180485,80.668419],[57.601795,80.703468],[57.812984,80.756118],[57.65625,80.803551]]],[[[58.883904,80.869056],[58.165897,80.847434],[57.946384,80.756622],[58.569687,80.723923],[58.970985,80.76162],[58.883904,80.869056]]],[[[47.8125,80.060094],[47.981335,80.099426],[48.520079,80.122924],[49.113883,80.169624],[48.850076,80.21231],[48.891686,80.280923],[48.519104,80.308899],[49.134085,80.371124],[49.572785,80.346817],[49.80228,80.383682],[49.666077,80.478271],[50.214084,80.51902],[50.986524,80.545829],[51.165527,80.618531],[51.363383,80.62812],[51.801796,80.713088],[51.292115,80.796509],[50.665683,80.76632],[50.657264,80.829155],[51.002785,80.85762],[50.832085,80.946419],[50.582786,80.895829],[49.805115,80.907471],[49.646485,80.849023],[49.176085,80.772095],[49.329097,80.699135],[49.670487,80.660622],[49.236184,80.58612],[49.154121,80.513427],[48.372925,80.549072],[47.95172,80.529739],[47.612124,80.483237],[48.201985,80.451819],[48.091483,80.411324],[47.605538,80.394226],[48.032586,80.299683],[47.631905,80.297447],[47.1839,80.375931],[46.754887,80.315017],[47.006077,80.221221],[48.000202,80.232551],[47.654384,80.075019],[47.8125,80.060094]]],[[[58.062985,80.940926],[58.102885,80.969621],[57.960186,80.971818],[58.062985,80.940926]]],[[[50.625,81.057101],[51.017089,81.122314],[50.748085,81.187522],[50.372985,81.136016],[50.625,81.057101]]],[[[54.337478,81.076852],[54.298286,81.098319],[54.248486,81.101722],[54.247085,81.077424],[54.337478,81.076852]]],[[[58.329372,81.074044],[57.875687,81.04782],[58.334781,80.933501],[58.60608,80.933471],[58.760022,81.004195],[58.329372,81.074044]]],[[[60.46875,80.903924],[60.777893,80.888718],[61.206482,80.921082],[61.580623,81.017731],[61.542479,81.104126],[61.144586,81.112924],[60.707486,81.071824],[60.001187,80.973518],[60.46875,80.903924]]],[[[57.65625,80.997809],[56.863587,81.075822],[56.778076,81.021911],[57.035188,80.937524],[57.33403,80.896041],[57.327884,80.857918],[57.848693,80.81549],[58.340984,80.904823],[57.865723,80.950622],[57.65625,80.997809]]],[[[58.641185,81.044128],[58.845929,81.090775],[58.556787,81.098121],[58.641185,81.044128]]],[[[58.448302,81.14508],[58.301697,81.10772],[58.519279,81.105943],[58.448302,81.14508]]],[[[57.65625,81.099499],[58.046876,81.210083],[57.359684,81.201019],[56.924483,81.143822],[57.308983,81.101081],[57.65625,81.099499]]],[[[59.0625,81.209974],[59.644283,81.162324],[59.650086,81.201903],[59.0625,81.209974]]],[[[56.151132,81.198852],[56.652585,81.166221],[57.527885,81.306823],[57.012387,81.387619],[56.36715,81.396248],[56.496703,81.332703],[56.317486,81.268219],[55.591483,81.320617],[55.460084,81.264892],[55.563484,81.208718],[56.151132,81.198852]]],[[[59.157384,74.499629],[59.144595,74.617329],[59.309093,74.675124],[59.45165,74.60983],[59.714421,74.564477],[59.866315,74.613082],[59.908796,74.707536],[60.199148,74.72444],[60.296276,74.752456],[60.155315,74.841437],[60.562273,74.852803],[60.571314,74.942983],[60.138295,74.943341],[60.147406,74.968665],[60.588406,75.03534],[60.825434,75.145395],[61.109455,75.178912],[61.26676,75.266703],[61.466472,75.207119],[61.678293,75.282348],[61.672089,75.323973],[62.05655,75.43072],[62.35238,75.44059],[62.844863,75.522191],[63.52428,75.61139],[63.63166,75.67025],[63.81904,75.64261],[64.00685,75.65996],[64.18535,75.7177],[64.61763,75.74008],[64.7303,75.77042],[65.1935,75.8221],[65.80479,75.91437],[65.964587,75.973156],[66.82065,76.04319],[67.26892,76.10196],[67.87103,76.21813],[68.14753,76.2541],[68.3618,76.3154],[68.43535,76.39144],[68.61728,76.40507],[68.71348,76.48079],[68.95684,76.53663],[68.796069,76.575548],[68.85818,76.63927],[69.06398,76.70136],[69.00518,76.77978],[68.80036,76.81507],[68.728682,76.879223],[68.497815,76.930063],[68.162181,76.961534],[68.122218,76.990256],[67.75667,77.0008],[67.111,76.94251],[66.72913,76.87454],[66.73006,76.82931],[66.45848,76.81859],[66.402051,76.774741],[65.95323,76.7139],[65.82099,76.64707],[66.01012,76.59745],[65.99314,76.49931],[65.56488,76.55652],[65.38696,76.48879],[64.97139,76.47583],[64.50095,76.33467],[64.07036,76.27424],[63.98072,76.33138],[63.72009,76.32958],[63.58345,76.27945],[63.30914,76.25766],[63.03841,76.19122],[62.78753,76.2261],[62.53238,76.15995],[62.35114,76.17772],[62.41825,76.24555],[61.869319,76.258262],[61.691334,76.296536],[61.174461,76.277342],[60.959129,76.210228],[60.90658,76.144777],[61.149584,76.13542],[61.106202,76.046807],[60.818026,75.998604],[60.474079,76.006209],[60.715601,76.101036],[60.27762,76.119939],[60.05927,76.098331],[60.324846,75.964804],[60.038352,75.961008],[59.728645,75.89501],[59.555637,75.921695],[59.126501,75.900022],[59.199754,75.861286],[58.88374,75.847857],[58.733728,75.799154],[58.818129,75.774767],[58.690796,75.725614],[58.091521,75.662162],[58.14225,75.611853],[58.000019,75.56038],[57.612661,75.503968],[57.730485,75.42138],[57.717337,75.348364],[57.514282,75.314414],[57.310945,75.368158],[57.033017,75.379218],[56.713785,75.305609],[56.964601,75.22481],[56.611451,75.136873],[56.553,75.093598],[56.143144,75.127436],[55.945752,75.176435],[55.789953,75.108737],[55.93091,75.047098],[55.833512,74.961549],[55.997134,74.957727],[56.215391,74.999581],[56.346414,74.887977],[55.829939,74.788311],[55.92289,74.753006],[56.308273,74.777124],[56.486895,74.727276],[56.414747,74.686611],[55.905912,74.634891],[55.824244,74.670246],[55.602443,74.611741],[55.602847,74.552848],[55.811748,74.516118],[56.049321,74.510234],[56.163551,74.447208],[55.376813,74.409878],[55.29887,74.34745],[55.523353,74.335781],[55.730278,74.296701],[55.685749,74.246871],[55.442472,74.272363],[55.23625,74.227996],[55.616053,74.170935],[55.617142,74.092115],[55.179798,74.161726],[54.97037,74.137385],[54.729577,74.067777],[54.57796,73.99788],[54.79033,73.95568],[54.26219,73.90128],[53.94446,73.76502],[53.68255,73.73015],[53.89892,73.6837],[53.9995,73.62168],[54.22288,73.60286],[54.39041,73.62597],[54.59841,73.69286],[54.8242,73.671],[54.6466,73.6089],[54.38839,73.55716],[54.3047,73.50164],[54.35073,73.42296],[54.07506,73.36404],[54.28366,73.31534],[54.23245,73.25751],[53.94126,73.29332],[53.76953,73.27959],[53.6107,73.2287],[53.42436,73.22979],[53.19871,73.13542],[53.19246,73.05941],[53.30087,73.01597],[53.12048,72.98831],[52.95466,72.90548],[52.61426,72.8513],[52.40503,72.71781],[52.55141,72.65963],[52.8011,72.64401],[52.74047,72.56898],[52.9563,72.53992],[52.68717,72.45823],[52.69363,72.40075],[52.54025,72.35663],[52.71845,72.29732],[52.62516,72.25455],[52.45775,72.27433],[52.4738,72.19247],[52.36711,72.15744],[52.32767,72.08067],[52.14064,72.10992],[51.91969,72.10841],[51.86189,72.15278],[51.56531,72.06142],[51.44268,71.78096],[51.59675,71.60405],[51.62047,71.536],[51.887932,71.463567],[52.11383,71.45398],[52.21937,71.47308],[52.27191,71.56061],[52.69462,71.52006],[52.65237,71.47325],[53.13555,71.42124],[53.15849,71.3526],[53.296652,71.284253],[53.42787,71.28009],[53.552448,71.196494],[53.65063,71.19437],[53.83809,71.13391],[53.876412,71.078851],[53.69828,71.07214],[53.563127,71.034898],[53.781894,70.931572],[53.683097,70.877607],[53.40458,70.85478],[53.48591,70.80057],[53.69204,70.7907],[54.10714,70.7198],[54.33585,70.74039],[54.507758,70.712692],[54.696321,70.743564],[54.743983,70.671433],[55.16861,70.54516],[55.31895,70.60042],[55.61036,70.63457],[55.74705,70.59159],[56.00156,70.57399],[56.24772,70.60328],[56.39188,70.54019],[56.53336,70.52093],[56.74886,70.58882],[57.03792,70.47041],[57.1901,70.48871],[57.30512,70.56138],[57.4792,70.62184],[57.54941,70.71287],[57.419142,70.8002],[57.305066,70.800042],[57.04565,70.85219],[56.899024,70.927177],[56.606247,71.025606],[56.375919,71.133382],[56.212915,71.184815],[55.829258,71.508319],[55.738782,71.553739],[55.583548,71.700895],[55.524604,71.881876],[55.384895,71.986419],[55.46216,72.135491],[55.575378,72.173115],[55.529495,72.234098],[55.373597,72.291846],[55.46972,72.333011],[55.479547,72.435418],[55.552381,72.51524],[55.696115,72.596824],[55.67358,72.6574],[55.89631,72.64392],[55.84165,72.738109],[55.89296,72.78138],[56.121607,72.778407],[56.221414,72.842117],[56.265982,72.94575],[56.431343,73.020708],[56.17835,73.064052],[56.548862,73.108888],[56.559921,73.158093],[56.395428,73.224999],[56.715229,73.253278],[56.750663,73.315405],[56.965868,73.324493],[57.24124,73.449284],[57.208006,73.553553],[57.583714,73.595002],[57.655194,73.712825],[57.884821,73.767946],[57.832254,73.831263],[57.862847,73.908299],[57.51091,74.056573],[57.715144,74.057696],[57.994871,73.989487],[58.249413,74.000684],[58.146733,74.049543],[58.190762,74.12468],[58.508217,74.195537],[58.68717,74.253829],[58.670638,74.402114],[58.497441,74.495088],[58.768604,74.476229],[58.823288,74.445375],[59.101205,74.414543],[59.152429,74.494821],[59.157384,74.499629]]],[[[59.152429,74.494821],[59.231553,74.483176],[59.240804,74.53868],[59.182677,74.534145],[59.205936,74.511933],[59.157384,74.499629],[59.152429,74.494821]]],[[[58.735307,75.77755],[58.664775,75.778944],[58.584915,75.752144],[58.713644,75.761352],[58.735307,75.77755]]],[[[59.258708,75.927196],[59.272999,75.957734],[59.04642,75.93419],[59.11027,75.918054],[59.258708,75.927196]]],[[[59.514151,76.029749],[59.520301,76.016649],[59.623364,76.019269],[59.687311,76.044268],[59.54121,76.027168],[59.514151,76.029749]]],[[[62.95028,76.22861],[62.97292,76.22107],[63.01304,76.23809],[62.95028,76.22861]]],[[[59.514151,76.029749],[59.439596,76.045587],[59.380867,76.017537],[59.514151,76.029749]]]]}},{"type":"Feature","properties":{"id":"r54","name":"Нижегородская область","sourceName":"Нижегородская область","disputed":false},"geometry":{"type":"MultiPolygon","coordinates":[[[[41.795935,55.103672],[41.85803,55.058076],[41.997626,55.099703],[41.999029,54.9962],[42.226476,54.958679],[42.404528,55.005028],[42.494678,54.907429],[42.442662,54.825224],[42.433575,54.793561],[42.444321,54.798354],[42.641943,54.781992],[42.738283,54.787761],[42.885506,54.767088],[42.968963,54.797617],[43.046913,54.772469],[43.11591,54.794375],[43.169227,54.897769],[43.242986,54.919565],[43.35547,54.905895],[43.590768,54.902653],[43.618222,54.854423],[43.861144,54.80495],[43.973629,54.727426],[44.09598,54.734113],[44.06844,54.648567],[44.371133,54.583641],[44.461659,54.522933],[44.626656,54.556182],[44.687659,54.484424],[44.769772,54.520891],[44.907995,54.463531],[44.965142,54.487611],[45.099935,54.468519],[45.139918,54.489457],[45.036103,54.629858],[45.018253,54.705283],[45.111952,54.800055],[45.226577,54.802827],[45.230701,54.877285],[45.426846,54.885528],[45.445806,54.957524],[45.422554,55.038037],[45.640229,55.177921],[45.72766,55.184632],[45.752112,55.067922],[45.698321,55.011776],[45.97341,55.001105],[46.061001,55.047639],[46.028377,55.149342],[46.079679,55.220505],[46.173581,55.236669],[46.229394,55.287286],[46.199877,55.337738],[46.256641,55.399179],[46.378577,55.417811],[46.394891,55.462952],[46.308803,55.500014],[46.107867,55.530672],[46.06508,55.614096],[45.960194,55.630865],[45.914065,55.695883],[45.952936,55.75773],[46.100442,55.798637],[46.073492,55.867697],[46.150682,55.900137],[46.080268,55.948898],[46.185308,56.031569],[45.996376,56.171785],[45.897548,56.219832],[45.963762,56.428534],[45.765588,56.420194],[45.661902,56.460918],[45.627051,56.568021],[45.66978,56.614284],[45.886151,56.626066],[45.950749,56.649393],[45.918534,56.722482],[45.941509,56.859195],[46.091476,56.862831],[46.273081,56.902918],[46.314766,56.945247],[46.59311,56.929966],[46.721544,56.963392],[46.767052,57.096526],[46.749178,57.161911],[46.838155,57.177129],[46.856562,57.221494],[46.717703,57.285511],[46.68254,57.343308],[46.761026,57.366569],[46.902445,57.515709],[47.021939,57.487807],[47.236707,57.554687],[47.377968,57.546853],[47.481365,57.515179],[47.4941,57.578697],[47.556497,57.652749],[47.535192,57.689273],[47.605583,57.741104],[47.617145,57.859228],[47.771781,57.888717],[47.73261,57.933815],[47.410783,57.980791],[47.296928,58.0157],[46.585195,58.027796],[46.492278,58.040772],[46.436307,58.004617],[46.34493,58.062218],[45.922555,58.057032],[45.747791,58.028677],[45.742835,57.966831],[45.673213,57.924128],[45.534206,57.947063],[45.50891,58.028511],[45.293524,58.032057],[45.223571,58.088666],[45.009464,58.091175],[44.869006,58.076712],[44.800976,57.959861],[44.880783,57.881924],[44.83011,57.793732],[44.739011,57.697385],[44.597113,57.700878],[44.500886,57.655674],[44.502869,57.612103],[44.365285,57.528337],[44.245756,57.51785],[44.122268,57.457501],[43.853393,57.417485],[43.659094,57.500162],[43.630696,57.54719],[43.467661,57.59135],[43.305531,57.479644],[43.304617,57.428877],[43.203062,57.315011],[43.184381,57.255553],[43.101808,57.198735],[43.099189,57.096033],[43.214734,56.978615],[43.250795,56.895032],[43.152336,56.879027],[43.084443,56.824191],[42.870814,56.809429],[42.797447,56.691727],[42.898378,56.645773],[42.92491,56.569364],[42.853172,56.552922],[42.897287,56.470342],[42.651056,56.46847],[42.614182,56.406734],[42.725957,56.36644],[42.794772,56.284807],[42.788201,56.207921],[42.942883,56.190469],[42.871771,56.138158],[42.688223,56.08365],[42.719076,56.009528],[42.60881,55.932994],[42.531744,55.95661],[42.506266,55.88505],[42.393333,55.788542],[42.295724,55.773173],[42.136665,55.681753],[42.134566,55.617994],[42.06483,55.587369],[42.094265,55.488752],[42.166871,55.443995],[42.016668,55.377439],[41.972521,55.286605],[41.894756,55.264397],[41.795935,55.103672]]]]}},{"type":"Feature","properties":{"id":"r55","name":"Курганская область","sourceName":"Курганская область","disputed":false},"geometry":{"type":"MultiPolygon","coordinates":[[[[62.061058,56.130821],[62.230419,56.027999],[62.238595,55.933735],[62.31766,55.947603],[62.304293,55.837975],[62.360737,55.805429],[62.469247,55.800751],[62.525893,55.769909],[62.523405,55.590302],[62.62009,55.490569],[62.454923,55.467246],[62.47628,55.433965],[62.319534,55.413737],[62.18825,55.445441],[62.161149,55.312684],[62.071679,55.259332],[62.160815,55.231132],[62.237112,55.108568],[62.147238,55.03827],[62.046347,55.021295],[61.995558,54.980732],[62.111899,54.798037],[62.037149,54.764265],[62.077854,54.675609],[62.319144,54.670853],[62.441153,54.715725],[62.550252,54.652031],[62.671724,54.624012],[62.978433,54.70545],[63.199821,54.699085],[63.226293,54.609063],[63.2851,54.581361],[63.181211,54.394922],[63.125166,54.380913],[63.171626,54.308113],[63.344,54.251514],[63.3541,54.1904],[63.456788,54.194801],[63.8152,54.2672],[63.903,54.2136],[64.0184,54.2306],[63.9766,54.2777],[64.1079,54.3071],[64.3577,54.3351],[64.4209,54.3255],[64.5008,54.3659],[64.6441,54.3711],[64.7403,54.3544],[64.9728,54.4227],[65.1201,54.3313],[65.2379,54.3768],[65.2079,54.4483],[65.213741,54.541467],[65.304787,54.569369],[65.49445,54.596661],[65.631101,54.641835],[65.747158,54.607688],[65.835542,54.655958],[65.849986,54.698245],[65.981598,54.717621],[65.9982,54.625504],[66.4089,54.7052],[66.792,54.7649],[67.282345,54.825914],[67.333049,54.873306],[67.563527,54.844391],[67.773531,54.885956],[67.819464,54.971231],[67.910862,54.983692],[68.032564,54.950461],[68.235134,54.969052],[68.272202,55.084814],[68.190745,55.151776],[68.280743,55.204403],[68.445188,55.196533],[68.649153,55.208548],[68.635512,55.265321],[68.696868,55.288835],[68.714266,55.347519],[68.682148,55.387897],[68.555691,55.430851],[68.486273,55.417287],[68.432854,55.476641],[68.321853,55.507337],[68.317003,55.5694],[68.188755,55.589124],[68.177142,55.72036],[68.138859,55.728834],[67.920944,55.654964],[67.79429,55.728749],[67.633784,55.714146],[67.40392,55.727855],[67.278328,55.938899],[67.303046,55.9629],[66.76387,55.975632],[66.635863,56.006067],[66.451777,55.959582],[66.30855,56.049543],[66.161296,56.068576],[66.020971,55.993602],[65.84187,56.068988],[65.778002,56.157672],[65.673665,56.213742],[65.683123,56.269664],[65.454226,56.285428],[65.234286,56.276729],[65.122002,56.307573],[65.136775,56.372141],[65.093433,56.441139],[64.989483,56.518366],[65.012426,56.576128],[64.979605,56.636822],[64.991291,56.717528],[64.927055,56.7724],[64.764311,56.812473],[64.545599,56.788758],[64.493862,56.745584],[64.327899,56.756542],[64.350427,56.68256],[64.287097,56.605852],[64.183935,56.58758],[64.221468,56.537953],[64.178836,56.460685],[63.829419,56.481103],[63.74679,56.537487],[63.595406,56.558355],[63.473944,56.611631],[63.31507,56.567783],[63.124405,56.564124],[62.985872,56.597938],[62.890995,56.590835],[62.871181,56.546933],[62.742916,56.558361],[62.724762,56.507773],[62.602932,56.490658],[62.569212,56.565813],[62.428448,56.526957],[62.254465,56.399082],[62.256548,56.34077],[62.15402,56.274073],[62.07111,56.297018],[62.061058,56.130821]]]]}},{"type":"Feature","properties":{"id":"r56","name":"Курская область","sourceName":"Курская область","disputed":false},"geometry":{"type":"MultiPolygon","coordinates":[[[[34.385548,51.843075],[34.435815,51.732626],[34.161334,51.686345],[34.16726,51.645658],[34.295169,51.5328],[34.295988,51.481829],[34.222388,51.428758],[34.285412,51.374676],[34.237848,51.292152],[34.306796,51.238178],[34.383668,51.27401],[34.483371,51.244627],[34.661654,51.247478],[34.668698,51.197159],[34.817314,51.168911],[34.979821,51.235006],[35.150481,51.223433],[35.123326,51.164645],[35.148198,51.082447],[35.213135,51.046436],[35.304276,51.074054],[35.409781,51.039037],[35.350987,50.975007],[35.54306,50.944578],[35.570907,50.901557],[35.734212,50.975939],[35.788022,50.943016],[35.862745,50.958006],[35.909873,51.020532],[35.996461,51.071242],[35.922334,51.130149],[36.064989,51.158692],[36.353138,51.091598],[36.404843,51.11844],[36.486282,51.062953],[36.531642,51.133797],[36.665726,51.086137],[36.790768,51.160269],[36.989985,51.190595],[37.096716,51.243182],[37.159994,51.319629],[37.300755,51.331542],[37.383742,51.384521],[37.47205,51.368026],[37.703198,51.35774],[37.847478,51.429731],[37.98618,51.420358],[38.035173,51.381351],[38.288584,51.296352],[38.33691,51.304152],[38.297481,51.521305],[38.139917,51.628731],[38.224395,51.699273],[38.38662,51.683529],[38.478134,51.721006],[38.399056,51.782003],[38.446396,51.844548],[38.429118,51.94475],[38.292611,51.96594],[38.24195,51.922897],[37.993854,51.894579],[37.867912,51.900885],[37.821724,51.975734],[37.738268,52.01703],[37.710247,51.970256],[37.507934,52.016485],[37.424947,51.934378],[37.329548,52.008185],[37.074764,52.07417],[36.792174,52.127743],[36.772347,52.161246],[36.64018,52.184415],[36.496133,52.232407],[36.41636,52.345507],[36.298401,52.381697],[36.189105,52.328057],[36.003516,52.310459],[35.951507,52.278092],[35.814661,52.301282],[35.645443,52.250453],[35.66483,52.33468],[35.595295,52.384266],[35.606443,52.437365],[35.431434,52.426658],[35.40203,52.374298],[35.282666,52.389463],[35.193696,52.347066],[35.083484,52.334013],[34.924193,52.369988],[34.94107,52.313659],[34.887945,52.278386],[34.869013,52.202119],[34.761107,52.188804],[34.726352,52.15202],[34.742774,52.087892],[34.609376,52.036475],[34.545471,52.071284],[34.403542,51.993775],[34.36413,51.941633],[34.385548,51.843075]]]]}},{"type":"Feature","properties":{"id":"r57","name":"Забайкальский край","sourceName":"Забайкальский край","disputed":false},"geometry":{"type":"MultiPolygon","coordinates":[[[[115.729827,56.962428],[115.616496,56.908207],[115.586138,56.826036],[115.614453,56.771381],[115.555691,56.693825],[115.43302,56.666531],[115.420681,56.5955],[115.500035,56.577015],[115.67836,56.572132],[115.69336,56.486321],[115.795792,56.441252],[115.671789,56.391546],[115.675782,56.280727],[115.764721,56.17723],[115.779897,55.986148],[115.904963,55.926943],[115.83697,55.856333],[115.864485,55.743051],[115.828624,55.676457],[115.908067,55.650583],[115.875046,55.603273],[115.902383,55.409705],[115.974102,55.355582],[116.106803,55.343843],[116.377619,55.379369],[116.472505,55.229117],[116.62278,55.144371],[116.755746,55.117608],[116.836253,55.031198],[116.87504,54.87622],[116.918977,54.828643],[116.848854,54.76924],[116.814945,54.672955],[116.74571,54.662903],[116.771717,54.589542],[116.720588,54.529272],[116.52673,54.519021],[116.483058,54.484205],[116.343168,54.509192],[116.189165,54.511567],[115.596138,54.410469],[115.501694,54.37421],[115.500362,54.31454],[115.341298,54.267231],[115.249162,54.207561],[115.161819,54.189431],[115.143888,54.118111],[115.012518,54.073642],[114.984912,53.999681],[114.864106,53.951484],[114.753329,53.947756],[114.577312,53.882428],[114.51207,53.814304],[114.363925,53.814216],[114.351143,53.77394],[114.24374,53.744249],[114.003458,53.727496],[113.967153,53.643506],[113.824245,53.630769],[113.882472,53.516155],[113.826728,53.41774],[113.937326,53.358602],[113.925698,53.285684],[113.97283,53.235556],[114.104554,53.183163],[114.205566,53.17746],[114.141656,53.107782],[114.206541,53.06724],[114.325716,53.041399],[114.316606,52.978211],[114.253673,52.933586],[114.227221,52.812848],[114.077388,52.66222],[113.960309,52.627381],[113.912555,52.640163],[113.640318,52.529455],[113.590877,52.448327],[113.488178,52.469431],[113.152477,52.452545],[113.093361,52.402749],[112.981963,52.376365],[112.905982,52.333427],[112.735468,52.326659],[112.680258,52.354375],[112.546581,52.346365],[112.511075,52.249215],[112.381304,52.202993],[112.305501,52.244955],[112.192062,52.251191],[112.177772,52.302828],[112.069747,52.282547],[112.00637,52.209806],[111.774875,52.069585],[111.732801,51.997311],[111.462437,51.871232],[111.315622,51.870204],[111.288817,51.839701],[111.149232,51.832889],[111.014541,51.79132],[111.000971,51.724921],[110.933459,51.722001],[110.84181,51.675205],[110.872508,51.614728],[110.778413,51.581751],[110.687543,51.508567],[110.521932,51.499919],[110.426613,51.520746],[110.293146,51.602495],[110.183925,51.594042],[110.048233,51.623071],[109.834017,51.552891],[109.792196,51.516021],[109.597111,51.453292],[109.422078,51.431482],[109.225135,51.365903],[109.026317,51.478432],[108.920459,51.431544],[108.785628,51.437992],[108.679036,51.504815],[108.635208,51.488003],[108.618639,51.408569],[108.479155,51.387533],[108.462478,51.295736],[108.375583,51.25607],[108.557588,51.17786],[108.561342,51.120566],[108.453526,51.052886],[108.341118,51.062878],[108.330447,50.99959],[108.215531,50.828505],[108.097351,50.784698],[108.069356,50.73881],[108.181822,50.649003],[108.278786,50.639365],[108.480485,50.583103],[108.535443,50.538194],[108.683387,50.54036],[108.654183,50.464604],[108.530548,50.472065],[108.339359,50.393902],[108.206819,50.411713],[108.110622,50.305489],[108.016512,50.346547],[107.967331,50.321736],[107.941416,50.241707],[107.734021,50.153214],[107.790663,50.061952],[107.759212,49.971554],[107.7934,49.9379],[107.8934,49.932],[107.9677,49.735],[107.9683,49.6548],[108.1611,49.5618],[108.3038,49.5319],[108.3564,49.4279],[108.5175,49.3227],[108.6525,49.3473],[108.7178,49.3349],[108.9554,49.3448],[109.0581,49.3232],[109.1712,49.3529],[109.3261,49.3292],[109.4124,49.2998],[109.5591,49.2208],[109.6838,49.226],[109.8533,49.2016],[110.0924,49.1831],[110.1998,49.1542],[110.3281,49.1991],[110.3796,49.247],[110.4762,49.2016],[110.6836,49.1709],[110.8193,49.182],[111.0787,49.2621],[111.2768,49.3104],[111.3748,49.3577],[111.5148,49.323],[111.6683,49.3798],[111.9092,49.3764],[112.1946,49.4466],[112.2783,49.4844],[112.4865,49.5241],[112.6889,49.5041],[112.8066,49.5151],[112.9068,49.5685],[113.0439,49.6082],[113.2235,49.8441],[113.4531,49.9294],[113.4888,49.9736],[113.6519,49.9997],[113.7427,50.0749],[113.8787,50.1049],[114.1784,50.243],[114.3388,50.2827],[114.4677,50.2335],[114.6171,50.2456],[114.8312,50.2237],[115.0075,50.1639],[115.0677,50.0939],[115.2239,49.9884],[115.2947,49.959],[115.5067,49.9071],[115.74634,49.885772],[115.9829,49.9707],[116.0727,50.0137],[116.2355,50.0356],[116.3436,49.9958],[116.6216,49.9311],[116.7266,49.8326],[117.0614,49.6856],[117.276288,49.630441],[117.471214,49.626934],[117.628608,49.565982],[117.793331,49.520143],[117.9151,49.54],[118.1184,49.6704],[118.1653,49.6591],[118.254,49.7157],[118.4556,49.7808],[118.6379,49.9159],[118.7817,49.9266],[119.1051,49.9967],[119.2105,50.044],[119.3187,50.1174],[119.310048,50.21794],[119.371572,50.322644],[119.350619,50.357736],[119.152724,50.358008],[119.253976,50.466143],[119.29185,50.582372],[119.4257,50.6817],[119.4965,50.762],[119.5035,50.8408],[119.583472,50.97552],[119.691193,51.028786],[119.755986,51.08965],[119.781349,51.173815],[119.752768,51.212413],[119.874151,51.331613],[119.934343,51.354485],[119.995371,51.458164],[120.0353,51.6086],[120.166753,51.677997],[120.304674,51.780973],[120.477037,51.884522],[120.6547,51.92746],[120.712133,52.007165],[120.679405,52.036107],[120.780369,52.158288],[120.756056,52.248532],[120.621659,52.324605],[120.683861,52.42887],[120.716677,52.525976],[120.440873,52.641428],[120.391202,52.615175],[120.282313,52.622037],[120.184905,52.576966],[120.078688,52.583142],[120.027061,52.635386],[120.062137,52.707144],[120.02842,52.758647],[120.280769,52.860507],[120.356727,52.939923],[120.555204,53.079981],[120.635979,53.103448],[120.682162,53.171305],[120.883507,53.291835],[121.120473,53.274327],[121.276002,53.288374],[121.572112,53.34684],[121.69461,53.391905],[121.948509,53.428197],[122.112072,53.431152],[122.071742,53.489639],[121.974671,53.55462],[121.948005,53.616322],[121.96676,53.697527],[121.9249,53.77003],[121.946601,53.826274],[121.848812,53.952169],[121.774529,53.935273],[121.626528,54.096369],[121.654548,54.134028],[121.779499,54.175246],[121.715283,54.216169],[121.730633,54.283649],[121.664952,54.377032],[121.759862,54.439438],[121.890032,54.417087],[121.912289,54.377137],[122.128962,54.413104],[122.14582,54.458755],[121.929866,54.569081],[121.93917,54.629767],[121.889118,54.654598],[121.937792,54.713422],[121.879915,54.803022],[121.794049,54.772232],[121.640328,54.764774],[121.667207,54.834498],[121.74898,54.871431],[121.959649,55.000532],[121.95025,55.091264],[121.913876,55.119523],[122.03258,55.196149],[121.943818,55.232939],[121.985257,55.312551],[121.960947,55.374333],[121.999728,55.433874],[121.899496,55.619519],[121.780001,55.632219],[121.696744,55.614257],[121.607495,55.525772],[121.484099,55.522684],[121.419257,55.494462],[121.336304,55.530157],[121.36111,55.607218],[121.317121,55.65923],[121.3371,55.821683],[121.246779,55.88011],[121.269105,55.940675],[121.193811,56.041188],[121.045408,56.009329],[120.993658,56.041873],[120.855829,56.021638],[120.778611,55.977042],[120.657889,55.966889],[120.633166,55.930567],[120.477635,55.930509],[120.477545,55.886741],[120.340293,55.882653],[120.250885,55.93599],[120.159902,55.875223],[120.083189,55.935283],[120.12743,56.024235],[120.032566,56.108902],[120.173616,56.206326],[120.303761,56.202379],[120.378755,56.23746],[120.508655,56.248471],[120.466301,56.295101],[120.235379,56.403327],[120.254406,56.447785],[120.089185,56.500828],[119.949473,56.492727],[119.923613,56.54911],[119.833165,56.56601],[119.776596,56.733397],[119.655777,56.776279],[119.706492,56.829407],[119.812775,56.854107],[119.85614,56.896079],[119.791058,56.980033],[119.69011,56.985813],[119.597018,57.028036],[119.572568,57.076454],[119.661951,57.19039],[119.590954,57.250667],[119.586803,57.304075],[119.509504,57.370754],[119.419936,57.395929],[119.392819,57.485241],[119.486432,57.549482],[119.502115,57.599544],[119.420717,57.620952],[119.179843,57.589429],[119.166955,57.718408],[119.04583,57.764522],[119.103373,57.832283],[119.091565,57.913008],[119.163985,58.031456],[119.162911,58.169353],[119.116842,58.238128],[118.807119,58.230418],[118.680026,58.178824],[118.57685,58.232497],[118.474681,58.229584],[118.254371,58.397679],[118.001543,58.423339],[117.672319,58.406302],[117.472249,58.326015],[117.594369,58.184642],[117.404419,58.123508],[117.37973,58.018834],[117.409278,57.911606],[117.346079,57.864469],[117.119853,57.860793],[117.099101,57.79806],[117.181607,57.769668],[117.140152,57.665354],[117.335114,57.634848],[117.254805,57.537425],[117.32575,57.478756],[117.372771,57.343186],[117.451929,57.348377],[117.449871,57.259616],[117.540218,57.271448],[117.624161,57.324861],[117.779141,57.318355],[117.772521,57.264121],[117.702103,57.19996],[117.576207,57.165135],[117.675637,57.08947],[117.677128,57.027251],[117.629226,56.972867],[117.547597,56.954465],[117.402941,56.845418],[117.350371,56.936971],[117.17628,56.892906],[117.161698,56.840513],[116.970648,56.801782],[116.742915,56.738758],[116.520988,56.773756],[116.316016,56.87033],[116.230002,56.829235],[116.115518,56.819059],[115.828917,56.946525],[115.729827,56.962428]]]]}},{"type":"Feature","properties":{"id":"r58","name":"Республика Алтай","sourceName":"Алтай","disputed":false},"geometry":{"type":"MultiPolygon","coordinates":[[[[87.1327,52.617593],[87.052753,52.660268],[86.937875,52.655672],[86.77279,52.596092],[86.788456,52.52445],[86.646113,52.49556],[86.679427,52.43683],[86.642823,52.377093],[86.693579,52.294799],[86.781098,52.294582],[86.72418,52.199242],[86.726358,52.138991],[86.648831,52.105669],[86.491708,52.128748],[86.395733,52.033191],[86.232449,52.040291],[85.918843,52.105662],[85.889903,52.026922],[85.81753,51.971154],[85.853561,51.891053],[85.749909,51.867242],[85.771946,51.827244],[85.702837,51.732469],[85.626286,51.747246],[85.582319,51.697222],[85.502949,51.701243],[85.444258,51.563389],[85.325933,51.5613],[85.244031,51.499162],[85.166854,51.486525],[85.112573,51.528716],[84.995946,51.514356],[84.851356,51.442713],[84.716156,51.426799],[84.57719,51.343604],[84.457012,51.316085],[84.386597,51.265799],[84.256471,51.282613],[84.197805,51.222876],[84.120656,51.071237],[84.042041,51.15374],[83.948102,51.144497],[83.978526,51.069498],[84.101388,51.042257],[84.222168,50.987377],[84.34091,50.980694],[84.490696,50.948059],[84.438297,50.859238],[84.539808,50.847646],[84.572262,50.814645],[84.511298,50.765456],[84.473729,50.687078],[84.354764,50.693788],[84.127971,50.659636],[84.073109,50.634915],[84.1694,50.5503],[84.2293,50.5392],[84.2039,50.4685],[84.2668,50.3576],[84.2509,50.2924],[84.3635,50.2087],[84.447,50.2466],[84.5645,50.1996],[84.6212,50.2126],[84.8564,50.0922],[84.9458,50.0965],[85.0298,50.0556],[84.9839,49.9854],[84.9885,49.9101],[85.0593,49.8844],[85.2096,49.7267],[85.2121,49.6279],[85.3197,49.5951],[85.3833,49.6349],[85.4897,49.6012],[85.593,49.6196],[85.6777,49.5559],[85.7602,49.5784],[85.8834,49.5662],[85.9736,49.4887],[86.0541,49.5291],[86.1192,49.527],[86.1988,49.4689],[86.3171,49.6008],[86.3972,49.6057],[86.5788,49.7254],[86.5961,49.8066],[86.781,49.7881],[86.7772,49.7008],[86.7094,49.6881],[86.6005,49.614],[86.6188,49.5745],[86.7405,49.5739],[86.8223,49.5454],[86.8392,49.4563],[86.937,49.4233],[86.9192,49.3674],[87.0404,49.2478],[87.208,49.2496],[87.3176,49.2301],[87.2826,49.1117],[87.4193,49.07],[87.5638,49.1331],[87.7547,49.1644],[87.9854,49.1816],[88.0556,49.2529],[88.1691,49.2968],[88.1756,49.4541],[88.4112,49.4936],[88.4949,49.4719],[88.5909,49.5012],[88.7328,49.4515],[88.8801,49.4781],[88.9708,49.4657],[89.2009,49.5228],[89.1955,49.5875],[89.241,49.6452],[89.345,49.5918],[89.4578,49.6605],[89.6608,49.6999],[89.7192,49.7283],[89.706,49.7908],[89.6469,49.8255],[89.5915,49.9111],[89.590116,50.01716],[89.511507,50.119309],[89.525583,50.183729],[89.440603,50.203696],[89.367255,50.181951],[89.343768,50.264244],[89.409559,50.336444],[89.496835,50.363912],[89.490463,50.442131],[89.58989,50.428129],[89.613229,50.374267],[89.707322,50.384121],[89.864909,50.469675],[89.848757,50.526519],[89.644048,50.581307],[89.466529,50.780475],[89.375918,50.826409],[89.346949,50.881253],[89.268043,50.915982],[89.193732,50.981809],[89.055555,51.046395],[89.028882,51.112445],[89.049849,51.159806],[88.967313,51.202925],[89.008876,51.394259],[88.863067,51.485813],[88.791531,51.553761],[88.658053,51.52805],[88.702876,51.393362],[88.636336,51.386999],[88.572836,51.319959],[88.445489,51.285126],[88.258637,51.353447],[88.156395,51.348495],[88.119042,51.430628],[87.983963,51.466309],[87.934449,51.526312],[88.000642,51.58864],[88.004116,51.641954],[88.076042,51.674834],[88.110094,51.740266],[87.988046,51.75182],[87.89145,51.812562],[87.993432,51.956262],[88.087596,52.000021],[88.126426,52.068234],[88.252557,52.08198],[88.348632,52.118443],[88.375832,52.177457],[88.380696,52.273858],[88.441906,52.335631],[88.369192,52.441723],[88.25208,52.399897],[88.143614,52.428852],[88.123465,52.462634],[88.000199,52.519339],[87.891813,52.538161],[87.84665,52.492152],[87.75407,52.484511],[87.653327,52.422416],[87.542327,52.482901],[87.428271,52.49947],[87.297967,52.592209],[87.174017,52.588911],[87.1327,52.617593]]]]}},{"type":"Feature","properties":{"id":"r59","name":"Рязанская область","sourceName":"Рязанская область","disputed":false},"geometry":{"type":"MultiPolygon","coordinates":[[[[38.665982,54.256714],[38.711702,54.244404],[38.781663,54.156209],[38.682614,54.088839],[38.800115,54.013705],[38.779377,53.968812],[38.874829,53.946696],[38.816215,53.828428],[38.85508,53.756294],[38.922183,53.764826],[38.937824,53.574779],[39.054738,53.578467],[39.170063,53.44035],[39.17434,53.408271],[39.32723,53.390583],[39.559951,53.442997],[39.59453,53.523596],[39.753604,53.585429],[39.932111,53.513974],[40.038051,53.403314],[40.173669,53.353893],[40.169999,53.312082],[40.232801,53.341582],[40.368908,53.341455],[40.424585,53.387493],[40.409111,53.46148],[40.504241,53.45806],[40.700873,53.555919],[40.77996,53.547762],[40.814524,53.483601],[40.895789,53.504954],[41.042144,53.476481],[41.039905,53.429787],[41.150731,53.427229],[41.185548,53.472143],[41.353684,53.525571],[41.369722,53.744189],[41.548889,53.811862],[41.638685,53.775034],[41.686248,53.811649],[41.868209,53.821062],[41.980193,53.802414],[42.144531,53.802341],[42.35023,53.853669],[42.444625,53.995998],[42.363887,54.018338],[42.261952,54.087393],[42.417168,54.103094],[42.520645,54.132308],[42.583538,54.177787],[42.395634,54.254498],[42.477745,54.299079],[42.529911,54.370217],[42.628586,54.375868],[42.567065,54.442481],[42.562258,54.505203],[42.648882,54.587932],[42.597332,54.635541],[42.643047,54.671403],[42.439807,54.709716],[42.389103,54.789667],[42.442662,54.825224],[42.494678,54.907429],[42.404528,55.005028],[42.226476,54.958679],[41.999029,54.9962],[41.997626,55.099703],[41.85803,55.058076],[41.795935,55.103672],[41.772956,55.132378],[41.631239,55.120261],[41.543868,55.173107],[41.443436,55.145457],[41.321256,55.196107],[41.294505,55.233472],[41.099888,55.206303],[40.993449,55.257039],[40.903138,55.237651],[40.612955,55.217774],[40.527195,55.302347],[40.358068,55.289607],[40.27841,55.346734],[40.190923,55.365007],[40.154644,55.264389],[39.987484,55.213318],[39.837854,55.204526],[39.799059,55.137608],[39.862565,55.111142],[39.804256,55.005216],[39.517518,54.983877],[39.466207,54.892387],[39.300491,54.73527],[39.232055,54.718611],[39.226063,54.635703],[39.02361,54.64112],[38.826756,54.60643],[38.779489,54.47923],[38.930667,54.43928],[38.940648,54.407989],[38.712983,54.348532],[38.665982,54.256714]]],[[[42.433575,54.793561],[42.454866,54.750434],[42.503668,54.770663],[42.444321,54.798354],[42.433575,54.793561]]]]}},{"type":"Feature","properties":{"id":"r60","name":"Ямало-Ненецкий автономный округ","sourceName":"Ямало-Ненецкий автономный округ","disputed":false},"geometry":{"type":"MultiPolygon","coordinates":[[[[71.636,66.90468],[71.6097,66.90243],[71.65268,66.89621],[71.636,66.90468]]],[[[71.69966,66.88519],[71.66399,66.87747],[71.7048,66.87576],[71.69966,66.88519]]],[[[67.40769,68.76258],[67.3043,68.81464],[67.28078,68.77144],[67.40769,68.76258]]],[[[66.4817,68.94856],[66.39588,69.00355],[66.21873,69.06471],[66.05417,69.09151],[65.99226,69.07291],[66.16061,69.06606],[66.29722,69.01404],[66.3622,69.00188],[66.4817,68.94856]]],[[[67.32353,69.48098],[67.38131,69.52678],[67.33205,69.5823],[67.1611,69.55221],[67.03032,69.47152],[67.22153,69.43229],[67.32353,69.48098]]],[[[66.796875,70.41961],[66.73187,70.44142],[66.69925,70.44305],[66.80754,70.40144],[66.796875,70.41961]]],[[[72.18441,66.35113],[72.22859,66.33792],[72.24729,66.35186],[72.2238,66.3649],[72.18441,66.35113]]],[[[71.015625,66.38083],[71.00381,66.40761],[70.9697,66.38785],[71.015625,66.38083]]],[[[70.87059,66.44022],[70.8924,66.43702],[70.93261,66.44458],[70.87059,66.44022]]],[[[70.08664,66.43857],[70.02774,66.43602],[70.013,66.41899],[70.06254,66.41252],[70.08664,66.43857]]],[[[71.13266,66.52615],[71.17634,66.52324],[71.17653,66.5364],[71.13266,66.52615]]],[[[69.33048,66.61266],[69.34961,66.60009],[69.35618,66.60979],[69.33048,66.61266]]],[[[76.699742,73.125],[76.60098,73.1691],[76.20687,73.19695],[76.16079,73.1559],[76.34642,73.12611],[76.699742,73.125]]],[[[75.60835,73.4604],[75.74419,73.42143],[75.90447,73.43193],[75.79217,73.51992],[75.60835,73.4604]]],[[[70.104362,73.004628],[70.183152,73.033198],[70.44906,73.01522],[70.60165,73.05843],[70.91267,73.10484],[71.19218,73.10461],[71.36688,73.15458],[71.67921,73.15562],[71.56545,73.26292],[71.15511,73.43681],[70.83509,73.47756],[70.34373,73.44231],[70.01199,73.37902],[70.04653,73.25032],[69.937942,73.052858],[70.104362,73.004628]]],[[[62.000444,65.717736],[62.162845,65.641382],[62.265281,65.632344],[62.31297,65.535157],[62.425405,65.503702],[62.366543,65.43211],[62.454152,65.339291],[62.872114,65.290589],[62.817293,65.19469],[62.823741,65.054607],[62.695222,64.872818],[62.807012,64.840715],[62.811534,64.736448],[62.731729,64.682102],[62.589629,64.640373],[62.557643,64.558547],[62.714807,64.496628],[62.834749,64.505259],[62.913436,64.467695],[63.052354,64.515668],[63.247328,64.520418],[63.477518,64.456145],[63.516973,64.363156],[63.410065,64.333669],[63.61126,64.270514],[63.913423,64.287707],[64.043311,64.359353],[64.482332,64.371083],[64.603817,64.442677],[64.724249,64.430431],[64.983107,64.470057],[65.178586,64.468122],[65.376371,64.555241],[65.933079,64.555248],[65.997001,64.582256],[66.197823,64.59119],[66.45493,64.527194],[66.708921,64.554487],[66.970269,64.508071],[66.989855,64.452413],[66.828735,64.291745],[66.866675,64.203068],[67.173981,64.155999],[67.173003,64.121351],[67.468898,64.077359],[67.677623,64.076902],[67.836193,64.047912],[67.945155,64.111922],[68.17795,64.168602],[68.22016,64.205661],[68.448825,64.287694],[68.554679,64.286463],[68.789036,64.224683],[68.914756,64.225913],[68.972196,64.347165],[68.858472,64.438539],[69.139597,64.454516],[69.279718,64.475579],[69.396756,64.386862],[69.724948,64.395908],[69.888528,64.321694],[70.086485,64.31878],[70.293517,64.343852],[70.451002,64.2487],[70.663629,64.238863],[70.770934,64.191113],[70.766496,64.112367],[70.558903,64.015282],[70.688871,63.94098],[70.706206,63.886808],[70.825653,63.821911],[70.922692,63.702792],[71.247148,63.700463],[71.455856,63.683308],[71.563007,63.571948],[71.536975,63.472687],[71.645484,63.192752],[71.881758,63.255933],[72.033459,63.255622],[72.128306,63.296786],[72.406384,63.299387],[72.66308,63.281521],[72.872556,63.355793],[72.901202,63.3974],[73.054297,63.426791],[73.106153,63.378196],[73.263269,63.334776],[73.363796,63.232242],[73.498183,63.187955],[74.003924,63.16813],[74.253194,63.173027],[74.524322,63.036364],[74.941549,63.025322],[75.080264,63.068454],[75.177443,63.060908],[75.312551,63.09707],[75.604962,63.088084],[75.778408,63.117148],[75.893379,63.106482],[76.266714,63.013198],[76.34005,62.951344],[76.666942,63.03481],[76.851631,62.988709],[77.025323,62.97192],[77.136819,62.811422],[77.378102,62.707897],[77.870423,62.575948],[78.092906,62.464098],[78.134596,62.492828],[78.405963,62.560355],[78.519467,62.561092],[78.739462,62.602213],[79.251138,62.606674],[79.436125,62.617529],[79.549697,62.604292],[79.84344,62.608557],[79.908321,62.785033],[80.093017,62.817933],[80.588787,63.010208],[80.588381,63.078139],[80.680919,63.115941],[80.921948,63.156636],[81.037018,63.147459],[81.04349,63.064524],[81.1503,62.968745],[81.319859,62.909914],[81.291249,62.858547],[81.391306,62.816941],[81.638742,62.779396],[81.665461,62.730553],[81.841287,62.695857],[81.945271,62.746047],[82.159325,62.813008],[82.28936,62.766298],[82.460168,62.775159],[82.761864,62.749446],[82.758996,62.659955],[83.049317,62.589347],[83.023482,62.526334],[83.324248,62.458029],[83.553267,62.527374],[83.622688,62.503169],[83.814028,62.569876],[83.960389,62.490159],[83.999492,62.414854],[84.102061,62.377306],[84.23908,62.381468],[84.298348,62.269345],[84.386936,62.25079],[84.440859,62.195657],[84.698142,62.390519],[84.935707,62.482305],[84.89644,62.550588],[85.099163,62.641226],[85.214249,62.798508],[85.369446,62.879135],[85.471088,62.881443],[85.53983,62.938304],[85.502784,62.971997],[85.619849,63.034473],[85.502887,63.135314],[85.502517,63.177791],[85.598154,63.299987],[85.704665,63.345816],[85.577508,63.379641],[85.455583,63.361023],[85.374222,63.393427],[85.417437,63.437233],[85.317586,63.507781],[85.078386,63.533944],[85.085848,63.565094],[85.302541,63.647649],[85.329072,63.796407],[85.366722,63.844078],[85.491013,63.876445],[85.482025,63.914251],[85.75205,64.001927],[85.967046,64.048501],[85.933575,64.132014],[86.007285,64.272084],[85.921623,64.431646],[85.804287,64.496899],[85.907316,64.574106],[85.819372,64.679925],[85.833713,64.784334],[85.735818,64.823632],[85.527884,64.85222],[85.340311,64.791581],[85.167076,64.7772],[85.100654,64.820103],[84.923987,64.864172],[85.025955,64.924338],[84.921258,64.954149],[84.755948,64.943312],[84.587194,64.90822],[84.371262,64.901682],[84.284623,64.94824],[84.354288,64.977971],[84.393556,65.054653],[84.288352,65.104061],[84.38348,65.201851],[84.542418,65.244356],[84.567119,65.317042],[84.493406,65.390253],[84.509418,65.477438],[84.282737,65.617595],[84.29285,65.687125],[84.151455,65.694778],[83.966508,65.792251],[83.762194,65.789367],[83.563395,65.761979],[83.473505,65.814529],[83.551045,65.902985],[83.311026,65.986285],[83.269447,66.049229],[83.351897,66.119241],[83.513789,66.153953],[83.539154,66.187446],[83.238121,66.382911],[83.119947,66.402522],[83.076214,66.462893],[83.082868,66.576432],[83.32771,66.658633],[83.250573,66.698628],[83.144944,66.830278],[82.730564,67.003301],[82.133208,67.2189],[82.136118,67.246504],[82.303994,67.333324],[82.250594,67.405108],[82.397382,67.521762],[82.260205,67.544636],[82.055803,67.640415],[82.098844,67.719674],[81.963442,67.753996],[81.724489,67.892795],[81.767561,67.947541],[81.973863,67.959532],[82.335616,67.933346],[82.396129,67.967409],[82.347783,68.123965],[82.552208,68.167067],[82.557966,68.26484],[82.629405,68.275401],[82.714025,68.405172],[82.62097,68.54776],[82.648785,68.608826],[82.824517,68.637134],[82.872731,68.674322],[82.800677,68.759195],[82.594519,68.807023],[82.493701,68.971615],[82.315583,69.053849],[82.460954,69.077317],[82.468054,69.14523],[82.39592,69.173855],[82.138464,69.162346],[82.001487,69.194029],[81.844422,69.195059],[81.805257,69.253679],[81.961172,69.352549],[81.821998,69.427072],[81.640992,69.413596],[81.67646,69.31661],[81.585507,69.269522],[81.437938,69.248205],[81.335078,69.284426],[81.03203,69.213412],[80.795927,69.269559],[80.762196,69.30638],[80.432638,69.331127],[80.236667,69.365988],[79.917844,69.352295],[79.661787,69.428579],[79.544678,69.584276],[79.458558,69.633626],[79.274866,69.677791],[79.132922,69.685417],[79.087384,69.763771],[78.913266,69.868182],[79.158702,69.951187],[79.200147,70.032955],[79.507395,70.111808],[79.755067,70.27571],[79.878573,70.261865],[80.023538,70.331577],[80.414205,70.460549],[80.702053,70.460186],[80.82179,70.631349],[80.641232,70.706509],[80.715196,70.809468],[80.638733,70.833051],[80.583982,71.043189],[79.996963,71.116462],[79.433874,71.296142],[79.220234,71.307417],[79.143139,71.38226],[79.313637,71.454336],[79.394241,71.612286],[79.841094,71.582324],[80.138899,71.663788],[80.148266,71.757419],[80.074416,71.823327],[80.379051,71.878692],[80.17003,71.93004],[80.062768,71.980913],[79.91305,71.991997],[79.73776,72.040823],[79.393911,72.028686],[78.769734,72.163414],[78.625833,72.17134],[78.667055,72.243517],[78.613903,72.287387],[78.424233,72.334442],[78.499157,72.366584],[78.12318,72.34732],[77.87961,72.3027],[77.74152,72.20684],[77.52173,72.17441],[77.39654,72.09691],[77.54147,72.05373],[77.73113,72.09345],[77.97689,72.10086],[78.08036,72.07762],[78.24013,71.9669],[78.08964,71.86508],[77.77854,71.81141],[77.49143,71.83992],[77.32029,71.91761],[76.95589,72.01711],[76.89165,72.05277],[76.59509,72.03208],[76.35554,71.99782],[76.07875,71.87593],[76.16821,71.70625],[76.28624,71.64179],[76.30443,71.56334],[76.58327,71.50572],[76.65104,71.46669],[76.98061,71.41149],[77.07023,71.41478],[77.2605,71.32982],[77.62247,71.27216],[77.74397,71.30987],[78.31165,71.22854],[78.25245,71.13305],[78.28377,71.06676],[78.46613,70.97496],[78.35034,70.92347],[77.93584,70.96901],[77.91435,71.02877],[77.79423,71.12652],[77.43789,71.16473],[77.26873,71.15861],[76.62876,71.19674],[76.27148,71.19625],[75.84838,71.22253],[75.29854,71.33185],[75.21718,71.41517],[75.50121,71.53582],[75.41697,71.57566],[75.47658,71.65172],[75.28174,71.71806],[75.21927,71.7717],[75.27045,71.93744],[75.37314,71.94487],[75.56034,72.21963],[75.70589,72.27611],[75.55434,72.3742],[75.49063,72.49344],[75.63558,72.54286],[75.34934,72.68186],[75.43746,72.75147],[75.00077,72.86993],[74.74302,72.80711],[74.92317,72.69873],[74.99135,72.62204],[75.07302,72.44015],[75.07337,72.26021],[74.90566,72.11366],[74.58164,72.00982],[73.58176,71.82306],[73.46042,71.76648],[73.52777,71.71136],[73.40404,71.58285],[73.06014,71.44378],[73.04331,71.37526],[73.37587,71.29588],[73.64108,71.15502],[73.74301,71.02639],[73.8919,70.96795],[73.92004,70.83983],[74.15729,70.73156],[74.28876,70.62397],[74.30406,70.52533],[74.25565,70.45289],[74.0203,70.30296],[73.79638,70.19683],[73.67825,70.11258],[73.77527,70.08618],[73.7384,69.9347],[73.64089,69.81481],[73.53464,69.74175],[73.65328,69.60234],[73.85198,69.48957],[73.90817,69.36163],[73.77206,69.18158],[73.873,69.07738],[73.98841,69.06932],[74.21051,69.12282],[74.44543,69.13079],[74.65159,69.10743],[74.73717,69.07482],[75.12764,69.10016],[75.1286,69.13683],[75.35282,69.21159],[75.55398,69.25285],[75.82513,69.23266],[76.06383,69.23576],[76.47363,69.11994],[76.66631,69.13696],[76.81553,69.0838],[76.94047,69.00333],[77.22227,68.97549],[77.37048,68.91112],[77.61898,68.89882],[77.6884,68.86923],[77.68306,68.78647],[77.74445,68.70986],[77.69701,68.63063],[77.77328,68.52488],[77.95268,68.49702],[77.92117,68.40074],[78.08146,68.33428],[78.15808,68.26397],[78.11661,68.23435],[77.80807,68.21731],[77.67138,68.1907],[77.52489,68.1173],[77.47646,67.97421],[77.56265,67.92868],[77.46632,67.88415],[77.46639,67.75616],[77.54577,67.72177],[77.73939,67.73113],[78.14722,67.66712],[78.19288,67.74391],[78.29082,67.78113],[78.38859,67.72874],[78.58972,67.69731],[78.60989,67.66793],[78.84053,67.62422],[78.67256,67.56447],[78.50617,67.56124],[78.30822,67.52967],[78.24304,67.56107],[78.02327,67.53006],[77.77325,67.55598],[77.53799,67.65556],[77.35642,67.68564],[77.07518,67.77231],[77.12498,67.8329],[77.22993,67.82742],[77.30184,67.88897],[77.19193,67.9502],[77.22774,68.03577],[77.20643,68.10518],[77.28906,68.14571],[77.33699,68.2264],[77.165,68.2467],[77.15863,68.31121],[77.29157,68.3662],[77.22637,68.45792],[77.29713,68.47883],[77.21182,68.55718],[77.05998,68.58313],[76.94004,68.65352],[76.66462,68.7399],[76.62033,68.77667],[76.69997,68.84735],[76.56315,68.97268],[76.20645,68.97584],[75.63106,68.89656],[75.3366,68.88123],[74.77306,68.78383],[74.54938,68.73335],[74.45452,68.68207],[74.4538,68.48154],[74.31523,68.36035],[74.58031,68.24459],[74.79182,68.02887],[74.82029,67.95166],[74.78664,67.75273],[74.66382,67.6411],[74.13708,67.44327],[74.002699,67.326315],[73.92174,67.2898],[73.95397,67.20678],[73.876,66.99978],[73.62445,66.9312],[73.48189,66.82014],[73.03057,66.7282],[72.9735,66.66946],[72.82667,66.62433],[72.47168,66.58893],[72.30574,66.48578],[72.40842,66.37658],[72.29737,66.29399],[72.06941,66.218772],[71.96901,66.24892],[71.80074,66.23669],[71.7012,66.30243],[71.4785,66.33326],[71.17965,66.35205],[70.86494,66.35154],[70.39359,66.3277],[69.90376,66.39971],[69.76726,66.46335],[69.44851,66.48555],[69.1275,66.615],[69.16484,66.763],[68.89099,66.76842],[68.78687,66.75425],[68.5359,66.61104],[68.43412,66.67297],[68.4338,66.74302],[68.7039,66.76587],[69.06302,66.81497],[69.33888,66.70877],[69.4992,66.73136],[69.62191,66.61075],[69.6145,66.5709],[69.86031,66.47207],[70.16496,66.54246],[70.0547,66.59029],[70.16221,66.66215],[70.02794,66.73597],[69.83581,66.77238],[69.89251,66.85338],[70.19274,66.69337],[70.36551,66.6655],[70.26817,66.57822],[70.71968,66.49042],[71.13148,66.55736],[71.27209,66.63417],[71.38204,66.60479],[71.59052,66.64127],[71.64365,66.72226],[71.54912,66.7462],[71.48719,66.82201],[71.52212,66.90602],[71.85228,66.97117],[72.02565,67.0885],[72.06151,67.15396],[72.20784,67.14022],[72.18845,67.24758],[72.04297,67.29417],[72.20978,67.32803],[72.38918,67.31142],[72.44354,67.39435],[72.41187,67.46363],[72.55073,67.51772],[72.56299,67.60372],[72.69929,67.60182],[72.86042,67.63276],[72.921938,67.694465],[73.10583,67.72355],[73.054628,67.794653],[73.173563,67.83498],[73.19077,67.93242],[73.04281,68.05061],[73.10232,68.15235],[73.07717,68.20623],[73.41978,68.36883],[73.42788,68.40858],[73.58605,68.50782],[73.42645,68.5969],[73.11012,68.71505],[72.75731,68.81696],[72.60677,68.89676],[72.4853,69.07461],[72.51824,69.22598],[72.6092,69.26787],[72.55964,69.36641],[72.63573,69.50127],[72.50081,69.63635],[72.66915,69.75782],[72.63217,69.88017],[72.49846,69.98113],[72.49406,70.03293],[72.58836,70.13241],[72.40858,70.24008],[72.48276,70.32081],[72.73886,70.39657],[72.74359,70.5178],[72.67896,70.58004],[72.74681,70.66364],[72.787,70.87681],[72.58242,70.9848],[72.66759,71.05863],[72.53754,71.14587],[72.26012,71.20004],[72.04738,71.28548],[71.98729,71.35832],[71.8287,71.45489],[71.82634,71.5071],[72.14527,71.59905],[72.16906,71.66901],[72.3189,71.70306],[72.30497,71.82151],[72.51188,71.93531],[72.59109,72.07487],[72.70218,72.11298],[72.71107,72.20495],[72.83379,72.25353],[72.77608,72.4438],[72.82649,72.4756],[72.69291,72.59099],[72.9079,72.61046],[72.91625,72.68197],[72.65054,72.7315],[72.02077,72.81966],[71.62484,72.88936],[71.32272,72.87053],[71.12184,72.88805],[70.8083,72.87001],[70.27669,72.88145],[69.67349,72.85254],[69.60491,72.89848],[69.39927,72.94369],[69.2478,72.78962],[69.01728,72.68834],[68.94692,72.545],[68.84123,72.41439],[68.731484,72.16343],[68.5313,71.84717],[68.30521,71.65535],[68.09611,71.54791],[67.59961,71.43016],[67.41688,71.36022],[66.93259,71.26989],[66.87654,71.20037],[66.57864,70.96521],[66.83877,70.96151],[66.64391,70.86785],[66.7244,70.80494],[66.90917,70.77696],[67.21847,70.83249],[67.39104,70.75726],[67.36797,70.65046],[67.27837,70.60286],[67.23196,70.5224],[67.33358,70.44181],[67.21214,70.36038],[67.12798,70.21687],[67.37064,70.107],[67.33798,69.99447],[67.03936,69.94605],[66.89425,69.96293],[66.84777,69.8964],[66.80769,69.7036],[66.85036,69.52974],[66.99978,69.39267],[67.16718,69.36179],[67.19052,69.41624],[66.93406,69.45737],[66.95362,69.51181],[66.87523,69.61034],[67.13482,69.6606],[67.38384,69.60427],[67.51174,69.61486],[67.68347,69.58287],[67.81247,69.50135],[68.14301,69.46112],[68.03543,69.344],[68.11943,69.2192],[68.38197,69.06135],[68.43467,68.99917],[68.60909,68.92809],[68.77129,68.90308],[69.06157,68.9399],[69.1438,68.90751],[68.96432,68.64941],[68.8333,68.53482],[68.59191,68.35701],[68.54614,68.25669],[68.37319,68.20321],[68.19658,68.21817],[68.18886,68.28051],[68.26366,68.31537],[68.15496,68.39474],[67.78761,68.45435],[67.68924,68.53746],[67.32775,68.67194],[67.17572,68.70169],[67.06871,68.75983],[67.03168,68.83573],[66.63833,68.88098],[66.33846,68.93871],[66.06685,69.02892],[65.71577,69.07423],[65.73365,69.10797],[65.20195,69.21492],[65.083685,69.260027],[65.025041,69.193918],[64.896678,69.177919],[64.829245,69.155683],[64.760528,69.126732],[64.735405,69.120174],[64.711538,69.079576],[64.538948,69.028795],[64.518135,68.978933],[64.624637,68.932736],[64.557261,68.867615],[64.809513,68.877657],[65.085294,68.810969],[65.22558,68.820371],[65.398303,68.778002],[65.353261,68.743744],[65.436069,68.646778],[65.658298,68.581045],[65.609221,68.489609],[65.472578,68.417891],[65.364489,68.282158],[65.274676,68.234566],[65.288958,68.153982],[65.352139,68.107793],[65.319394,68.016118],[65.432183,67.90966],[65.5432,67.932502],[65.766259,67.921182],[65.920661,67.96083],[66.133509,67.914682],[66.021731,67.809888],[66.226747,67.753885],[66.220695,67.684884],[65.845715,67.667578],[65.822687,67.538601],[66.048175,67.580506],[66.093311,67.495058],[66.010179,67.409108],[65.698554,67.380796],[65.665897,67.32427],[65.426237,67.209387],[65.318911,67.203139],[65.18091,67.142545],[65.244684,67.09368],[65.081882,67.039277],[65.139159,66.907727],[64.877128,66.834849],[64.553329,66.796648],[64.496341,66.719664],[64.395068,66.72215],[64.261545,66.645425],[63.993179,66.639145],[63.802101,66.531855],[63.447751,66.468432],[63.308081,66.391106],[63.234032,66.30107],[63.138085,66.256855],[62.869189,66.064291],[62.831275,65.997422],[62.904052,65.965107],[62.775354,65.902371],[62.799675,65.857698],[62.496709,65.847722],[62.468907,65.823102],[62.000444,65.717736]]],[[[66.60435,70.4743],[66.65673,70.4576],[66.61786,70.48624],[66.60435,70.4743]]],[[[66.5976,70.49582],[66.53728,70.55141],[66.50798,70.54001],[66.5976,70.49582]]],[[[76.88236,72.21042],[76.91158,72.18824],[76.96344,72.20161],[76.92541,72.21644],[76.88236,72.21042]]],[[[77.01131,72.24137],[76.97866,72.22957],[76.99708,72.22201],[77.04381,72.22679],[77.01131,72.24137]]],[[[77.27911,72.23599],[77.19813,72.22625],[77.27729,72.22431],[77.27911,72.23599]]],[[[77.06936,72.27966],[77.80325,72.28727],[77.87965,72.3467],[78.1123,72.38937],[78.32475,72.50716],[78.13099,72.56534],[77.61406,72.60076],[77.31702,72.5062],[77.22786,72.4321],[76.96631,72.36577],[76.86583,72.3043],[77.06936,72.27966]]],[[[74.69984,72.86014],[74.63134,72.93978],[74.68893,72.98666],[74.67969,73.08902],[74.38552,73.10939],[74.22804,73.08436],[74.10929,72.99635],[74.24191,72.94043],[74.6517,72.83481],[74.69984,72.86014]]]]}},{"type":"Feature","properties":{"id":"r61","name":"Красноярский край","sourceName":"Красноярский край","disputed":false},"geometry":{"type":"MultiPolygon","coordinates":[[[[88.634506,55.31622],[88.651407,55.299072],[88.664144,55.303534],[88.646141,55.318868],[88.634506,55.31622]]],[[[81.01902,72.30113],[80.97451,72.29526],[81.05006,72.28771],[81.01902,72.30113]]],[[[80.73622,72.42884],[80.77589,72.40155],[80.82576,72.39738],[80.77877,72.4432],[80.73622,72.42884]]],[[[104.706867,72.64228],[104.637682,72.623841],[104.695471,72.62097],[104.706867,72.64228]]],[[[105.643458,72.836527],[105.690223,72.837523],[105.731365,72.848877],[105.654942,72.842878],[105.643458,72.836527]]],[[[104.93099,72.70276],[105.037975,72.734836],[104.98936,72.7517],[104.82525,72.71381],[104.93099,72.70276]]],[[[106.005519,72.95694],[106.021717,72.965803],[106.008381,72.984011],[105.977275,72.950434],[106.005519,72.95694]]],[[[78.82998,73.20736],[78.85189,73.22318],[78.82963,73.2278],[78.78582,73.18618],[78.84296,73.19906],[78.82998,73.20736]]],[[[78.75,72.774583],[78.88829,72.733],[79.39628,72.70164],[79.57405,72.75051],[79.38632,73.01106],[79.16983,73.08336],[79.0119,73.00546],[78.61928,72.8425],[78.75,72.774583]]],[[[86.39514,73.19709],[86.40639,73.21744],[86.36706,73.24077],[86.33608,73.21824],[86.39514,73.19709]]],[[[80.28859,73.42343],[80.33138,73.4168],[80.32114,73.42686],[80.28859,73.42343]]],[[[80.45951,73.43902],[80.47314,73.43267],[80.56568,73.42087],[80.45951,73.43902]]],[[[80.15625,73.464581],[80.18937,73.44939],[80.19843,73.46629],[80.15625,73.464581]]],[[[111.32291,73.852293],[111.218011,73.944254],[111.600834,74.013483],[111.557579,74.047429],[111.150139,74.02194],[111.046332,73.90501],[110.875709,73.918226],[110.667812,73.977178],[110.321983,74.016133],[109.971207,73.997718],[109.879501,73.892445],[109.549666,73.817475],[109.580505,73.726137],[109.670218,73.674483],[110.124516,73.703064],[110.296092,73.679747],[110.390487,73.722238],[110.598116,73.750976],[110.676628,73.793143],[110.883231,73.762895],[110.991666,73.812938],[111.32291,73.852293]]],[[[84.64319,73.860038],[84.680499,73.840503],[84.726896,73.85813],[84.64319,73.860038]]],[[[87.12603,73.77208],[87.07986,73.71488],[86.8633,73.64914],[87.02405,73.61856],[87.29899,73.78629],[87.12603,73.77208]]],[[[87.12523,73.7911],[87.09939,73.7708],[87.12603,73.77208],[87.12523,73.7911]]],[[[86.77373,73.97988],[86.681008,73.911297],[86.96934,73.93386],[86.77373,73.97988]]],[[[82.685383,74.051261],[82.828008,74.088124],[82.645505,74.135418],[82.437225,74.104593],[82.489386,74.058264],[82.685383,74.051261]]],[[[86.70227,74.10569],[86.62698,74.08291],[86.71627,74.07492],[86.78042,74.09374],[86.70227,74.10569]]],[[[86.54444,74.11504],[86.5244,74.12222],[86.478376,74.11772],[86.54444,74.11504]]],[[[86.36508,74.09084],[86.36645,74.0808],[86.40942,74.07794],[86.41557,74.08804],[86.36508,74.09084]]],[[[82.944706,74.075805],[83.071801,74.090451],[83.349813,74.051007],[83.463558,74.128189],[83.111723,74.120526],[82.944706,74.075805]]],[[[86.65188,74.0307],[86.57316,74.04852],[86.50349,74.02863],[86.56879,74.01657],[86.65188,74.0307]]],[[[84.93,74.29872],[85.00463,74.29659],[84.97744,74.30322],[84.93,74.29872]]],[[[85.12107,74.31748],[85.13571,74.30082],[85.19568,74.32042],[85.12107,74.31748]]],[[[85.14566,74.37795],[85.14839,74.3683],[85.24535,74.36863],[85.15499,74.38277],[85.14566,74.37795]]],[[[85.21963,74.3503],[85.17508,74.35409],[85.15574,74.34537],[85.24528,74.33969],[85.21963,74.3503]]],[[[85.54331,74.129575],[85.7473,74.141985],[85.70144,74.171294],[85.54331,74.129575]]],[[[85.493311,74.408639],[85.45649,74.43437],[85.311155,74.437373],[85.25836,74.41037],[85.493311,74.408639]]],[[[79.523659,74.53125],[79.561298,74.596893],[79.32824,74.61983],[79.21356,74.57371],[79.34578,74.53053],[79.523659,74.53125]]],[[[85.032455,74.53125],[85.0443,74.54829],[85.00009,74.54626],[84.97974,74.53024],[85.032455,74.53125]]],[[[85.68262,74.55126],[85.71898,74.56035],[85.68916,74.58301],[85.63261,74.55936],[85.68262,74.55126]]],[[[84.88329,74.53125],[84.91237,74.55652],[84.8583,74.56719],[84.81082,74.53577],[84.88329,74.53125]]],[[[84.237591,74.46146],[84.347801,74.437629],[84.305168,74.454493],[84.237591,74.46146]]],[[[84.76374,74.41231],[84.61881,74.49521],[84.44603,74.45727],[84.76374,74.41231]]],[[[85.46531,74.57814],[85.28865,74.57622],[85.15741,74.52187],[85.1787,74.48076],[85.43553,74.45503],[85.47216,74.50039],[85.65038,74.51517],[85.46531,74.57814]]],[[[86.17806,74.61064],[85.79703,74.57662],[85.76343,74.47806],[86.18057,74.48625],[86.11624,74.55709],[86.18095,74.60622],[86.17806,74.61064]]],[[[85.724163,74.653963],[85.699954,74.670612],[85.669936,74.658518],[85.724163,74.653963]]],[[[85.594563,74.83324],[85.635114,74.829561],[85.692968,74.848427],[85.63804,74.844323],[85.594563,74.83324]]],[[[85.55422,74.71772],[85.63014,74.792],[85.45919,74.79825],[85.36141,74.74895],[85.55422,74.71772]]],[[[85.238199,74.802365],[85.296302,74.798467],[85.319216,74.806369],[85.238199,74.802365]]],[[[81.728491,75.198004],[81.854594,75.164919],[82.096166,75.077979],[82.145002,75.122069],[82.028231,75.111198],[81.840703,75.174919],[81.728491,75.198004]]],[[[85.11743,74.84929],[85.22932,74.85747],[85.20772,74.86632],[85.11743,74.84929]]],[[[86.67098,74.74552],[86.81102,74.78389],[86.73504,74.824687],[87.088503,74.882325],[87.180443,74.94633],[87.010498,74.991037],[86.82256,74.96064],[86.51778,74.97592],[86.57613,74.888982],[86.31832,74.91681],[86.22488,74.88667],[86.37288,74.83886],[86.5766,74.83303],[86.53012,74.77967],[86.67098,74.74552]]],[[[85.656958,74.879565],[85.589355,74.885861],[85.534152,74.880596],[85.628594,74.868208],[85.656958,74.879565]]],[[[86.349487,74.947169],[86.379493,74.953062],[86.300985,74.962422],[86.319207,74.943499],[86.349487,74.947169]]],[[[88.03073,75.63073],[88.03165,75.64177],[87.89257,75.63472],[87.9094,75.62791],[88.03073,75.63073]]],[[[92.7519,75.80118],[92.83095,75.80597],[92.78822,75.80862],[92.7519,75.80118]]],[[[92.8125,75.824932],[92.89841,75.83628],[92.88885,75.85875],[92.68866,75.83789],[92.8125,75.824932]]],[[[93.35953,75.85417],[93.41481,75.86915],[93.31656,75.87211],[93.35953,75.85417]]],[[[86.19663,75.28012],[86.2647,75.27824],[86.3469,75.29115],[86.22057,75.28865],[86.19663,75.28012]]],[[[84.21436,74.65209],[84.24612,74.64217],[84.28541,74.65464],[84.24338,74.66165],[84.21436,74.65209]]],[[[92.64254,75.97256],[92.69143,76.00136],[92.57598,75.99684],[92.64254,75.97256]]],[[[96.45504,76.08041],[96.47927,76.07086],[96.50644,76.07764],[96.45504,76.08041]]],[[[93.84111,76.16715],[93.90095,76.16772],[93.91372,76.18351],[93.84111,76.16715]]],[[[94.69326,76.2724],[94.74829,76.26487],[94.79066,76.27657],[94.69326,76.2724]]],[[[99.35418,76.21581],[99.40366,76.21915],[99.46806,76.20925],[99.48907,76.22437],[99.4147,76.22914],[99.35418,76.21581]]],[[[95.19244,76.15374],[95.16591,76.21045],[95.01208,76.16524],[95.19244,76.15374]]],[[[94.921875,76.185734],[94.61915,76.22716],[94.44959,76.19525],[94.72645,76.19679],[94.921875,76.185734]]],[[[91.87358,76.05247],[91.81467,76.06011],[91.78449,76.05359],[91.86511,76.03915],[91.87358,76.05247]]],[[[96.8667,76.38905],[96.81337,76.38884],[96.85735,76.36718],[96.88594,76.37237],[96.8667,76.38905]]],[[[113.148717,76.463528],[113.105639,76.467916],[113.154291,76.443942],[113.148717,76.463528]]],[[[95.13024,76.39937],[95.20877,76.3877],[95.19622,76.40442],[95.13024,76.39937]]],[[[94.83599,76.4086],[95.0183,76.41397],[95.11623,76.42147],[95.10008,76.45125],[94.97056,76.41473],[94.83599,76.4086]]],[[[95.21562,76.46457],[95.32296,76.46668],[95.36714,76.4251],[95.4313,76.45567],[95.27743,76.47527],[95.21562,76.46457]]],[[[111.796267,76.604439],[111.807405,76.618918],[111.741622,76.625047],[111.741242,76.613107],[111.796267,76.604439]]],[[[96.44612,76.56404],[96.46354,76.55024],[96.51026,76.5652],[96.44612,76.56404]]],[[[95.33808,76.51074],[95.43443,76.51673],[95.47,76.53786],[95.43324,76.5533],[95.327745,76.521306],[95.33808,76.51074]]],[[[96.04918,76.54061],[96.07934,76.55265],[96.03581,76.56456],[95.99835,76.53419],[96.04918,76.54061]]],[[[95.625,76.524242],[95.64275,76.53714],[95.59387,76.54275],[95.55785,76.53213],[95.625,76.524242]]],[[[96.68162,76.30817],[96.7291,76.34226],[96.6033,76.3459],[96.53518,76.32513],[96.68162,76.30817]]],[[[96.08902,76.33234],[96.20172,76.32606],[96.23688,76.34939],[96.10123,76.34345],[96.08902,76.33234]]],[[[97.06059,76.23444],[97.12445,76.29431],[96.86243,76.3113],[96.68055,76.17922],[97.06059,76.23444]]],[[[94.5466,76.3477],[94.58747,76.33607],[94.62746,76.34514],[94.61546,76.35365],[94.5466,76.3477]]],[[[95.06789,76.371],[95.07673,76.35765],[95.11096,76.35839],[95.09194,76.37593],[95.06789,76.371]]],[[[113.39915,76.370897],[113.161592,76.374722],[113.200789,76.351105],[113.39915,76.370897]]],[[[92.12529,75.9042],[92.18851,75.91719],[92.23903,75.91429],[92.229,75.92524],[92.15706,75.91656],[92.12529,75.9042]]],[[[93.724742,78.185655],[93.667337,78.158249],[93.76813,78.139795],[93.789538,78.181276],[93.724742,78.185655]]],[[[106.592142,78.320931],[106.473338,78.265868],[106.182962,78.247056],[106.29838,78.179115],[106.820658,78.270085],[106.592142,78.320931]]],[[[106.85634,78.26447],[106.865739,78.28349],[106.83124,78.29603],[106.832881,78.265884],[106.85634,78.26447]]],[[[106.705714,78.347221],[106.664439,78.362481],[106.645242,78.354668],[106.705714,78.347221]]],[[[98.821138,78.548491],[98.827936,78.562904],[98.746537,78.561903],[98.759036,78.55069],[98.821138,78.548491]]],[[[98.753039,78.589537],[98.794413,78.602209],[98.822236,78.625574],[98.715541,78.607357],[98.753039,78.589537]]],[[[98.805712,78.479734],[98.811641,78.489823],[98.739137,78.484514],[98.805712,78.479734]]],[[[104.370809,79.043753],[104.284826,79.035243],[104.166311,79.032073],[104.14063,79.018102],[104.263808,79.024388],[104.370809,79.043753]]],[[[103.368826,79.214236],[103.305295,79.170515],[103.435964,79.166774],[103.368826,79.214236]]],[[[103.438811,79.119548],[103.412467,79.135151],[103.404462,79.117704],[103.438811,79.119548]]],[[[103.369008,79.131325],[103.38281,79.144407],[103.332808,79.142616],[103.369008,79.131325]]],[[[77.34375,79.524259],[76.66974,79.606085],[76.131517,79.625867],[76.133746,79.586907],[76.394274,79.511679],[76.699801,79.515996],[76.79104,79.46052],[77.480745,79.466156],[77.34375,79.524259]]],[[[91.210839,79.495663],[91.058215,79.520112],[91.030961,79.516354],[91.160737,79.493662],[91.210839,79.495663]]],[[[91.40625,79.501909],[91.315545,79.517577],[91.056239,79.540812],[90.934604,79.555873],[90.893137,79.549427],[90.644442,79.547921],[90.702241,79.536908],[90.841052,79.531591],[90.995737,79.538909],[91.264636,79.510282],[91.40625,79.501909]]],[[[100.170495,79.560067],[100.189661,79.571692],[100.120439,79.566038],[100.170495,79.560067]]],[[[100.218736,79.698789],[100.087038,79.656742],[100.393853,79.664609],[100.218736,79.698789]]],[[[91.64844,79.429867],[91.605241,79.464926],[91.473047,79.479616],[91.56241,79.445579],[91.64844,79.429867]]],[[[97.891825,79.839528],[97.867135,79.853972],[97.820909,79.852543],[97.891825,79.839528]]],[[[94.348131,79.917139],[94.386933,79.925098],[94.329545,79.929878],[94.348131,79.917139]]],[[[94.576341,79.977808],[94.558215,79.987531],[94.515634,79.976097],[94.576341,79.977808]]],[[[92.8125,79.044598],[92.697039,79.057864],[92.63624,79.058467],[92.42744,79.0853],[92.374468,79.099156],[92.301873,79.097995],[92.468241,79.071285],[92.566629,79.063311],[92.729035,79.039946],[92.8125,79.044598]]],[[[97.935366,78.75],[97.89554,78.765532],[97.85454,78.74611],[97.935366,78.75]]],[[[98.712642,78.774744],[98.631236,78.78155],[98.625795,78.76645],[98.676629,78.760974],[98.712642,78.774744]]],[[[96.831995,78.952825],[96.882769,78.949656],[96.858079,78.961977],[96.831995,78.952825]]],[[[99.84375,79.226852],[99.803842,79.239574],[99.777162,79.228414],[99.84375,79.226852]]],[[[92.8125,79.422849],[92.881838,79.373125],[93.070856,79.386622],[93.055018,79.415632],[92.8125,79.422849]]],[[[100.088968,79.433007],[100.032441,79.427583],[100.007884,79.391792],[100.15652,79.407449],[100.088968,79.433007]]],[[[92.524801,79.435054],[92.161738,79.41027],[92.305041,79.376929],[92.524801,79.435054]]],[[[92.8125,80.475604],[92.726412,80.487903],[92.681657,80.466546],[92.8125,80.475604]]],[[[97.494439,80.236303],[97.494439,80.259629],[97.443339,80.244613],[97.494439,80.236303]]],[[[78.75,80.817655],[79.540842,80.826873],[79.95324,80.881639],[79.824519,80.930797],[79.250635,80.957126],[78.880137,80.932095],[78.619036,80.836887],[78.75,80.817655]]],[[[93.343217,81.065143],[93.312341,81.073355],[93.200937,81.07262],[93.240519,81.064112],[93.343217,81.065143]]],[[[91.40625,81.181571],[90.708039,81.189592],[90.25174,81.172871],[90.11004,81.12492],[90.219217,81.058941],[90.725634,81.025623],[91.354272,81.027625],[91.735941,81.102593],[91.661639,81.158252],[91.40625,81.181571]]],[[[98.05141,80.07407],[98.073442,80.09775],[97.991717,80.09487],[98.05141,80.07407]]],[[[91.40625,79.689206],[91.930941,79.650638],[92.119638,79.676967],[92.502298,79.66583],[93.145076,79.700761],[93.516839,79.7948],[93.74444,79.822434],[93.910523,79.909187],[93.374049,79.9885],[93.020838,80.015349],[92.564142,80.013049],[92.531938,80.029366],[92.059236,80.036476],[91.932824,80.065255],[91.336465,80.054052],[91.253739,80.026988],[91.45604,79.908829],[91.302743,79.827125],[92.198908,79.804928],[91.99563,79.700676],[91.305635,79.738836],[91.40625,79.689206]]],[[[94.21875,79.984355],[94.403535,80.016953],[94.30083,80.037195],[94.064639,80.003343],[94.21875,79.984355]]],[[[92.8125,80.024087],[92.70463,80.03811],[92.672442,80.019153],[92.8125,80.024087]]],[[[99.84375,79.087735],[99.78892,79.135253],[99.326577,79.232731],[99.839136,79.257791],[99.936738,79.492058],[99.866839,79.535105],[99.988839,79.714713],[100.167337,79.771978],[99.932337,79.888907],[99.476802,80.01014],[99.086352,80.047597],[98.499048,80.02201],[98.596139,79.939968],[98.287836,79.812718],[97.942629,79.781235],[97.748843,79.794898],[97.281436,79.774009],[96.687639,79.703195],[96.511491,79.712103],[97.736214,79.843804],[98.040552,79.917139],[97.92644,80.000034],[98.123041,80.030473],[97.694942,80.146129],[97.200907,80.148541],[96.572741,80.08834],[96.170266,80.074574],[95.518107,80.09176],[94.786493,80.030603],[94.750636,79.980658],[94.361551,79.882377],[94.750841,79.796908],[94.116343,79.757861],[93.671738,79.610591],[93.964037,79.48435],[94.394037,79.475643],[94.478037,79.2663],[94.417551,79.225222],[94.74174,79.166889],[94.691736,79.107619],[94.891023,79.04045],[95.117442,79.013617],[95.495462,79.082053],[95.650942,79.084896],[95.750636,78.981575],[96.520243,78.969468],[96.976214,78.974517],[96.995539,78.922211],[97.386385,78.86492],[97.678042,78.795971],[97.941628,78.817617],[98.350571,78.788471],[99.190043,78.788158],[99.57599,78.801736],[100.060937,78.93493],[99.84375,79.087735]]],[[[96.060838,80.111559],[96.118639,80.126978],[95.999438,80.125979],[96.060838,80.111559]]],[[[92.8125,80.165195],[92.480464,80.153552],[93.60274,80.000295],[93.835604,79.997903],[94.36274,80.055526],[94.511935,80.111054],[95.415911,80.154416],[95.687021,80.190506],[96.999659,80.204827],[97.481241,80.278855],[97.275736,80.323301],[97.261796,80.419686],[97.132036,80.501803],[97.240496,80.612349],[98.033519,80.658239],[97.885575,80.778959],[97.470736,80.791234],[97.162934,80.862215],[96.8743,80.890499],[96.788835,80.973144],[96.289576,81.096008],[95.894937,81.246359],[95.190965,81.233029],[95.374162,81.179776],[94.923127,81.094146],[93.782541,80.99647],[93.336434,80.932095],[93.228884,80.871816],[92.896037,80.819167],[92.598573,80.717083],[92.639406,80.691326],[93.353639,80.714447],[92.96563,80.610907],[92.904337,80.475077],[92.000742,80.397245],[92.236216,80.333843],[91.74505,80.314564],[91.501238,80.258529],[92.012407,80.253749],[92.8125,80.165195]]],[[[106.982242,78.160455],[106.5691,78.136876],[106.749537,78.089369],[107.350183,78.062987],[107.731241,78.078661],[107.759714,78.122556],[107.502839,78.177167],[107.320185,78.144493],[106.982242,78.160455]]],[[[99.84375,77.941477],[100.009435,77.940903],[100.673265,78.059359],[100.776168,78.060716],[101.267483,78.167052],[102.319724,78.193761],[103.274991,78.198467],[103.532732,78.235417],[103.876581,78.240793],[104.447529,78.314749],[104.967666,78.325978],[105.409065,78.490425],[105.394132,78.695396],[105.286109,78.79223],[104.948422,78.853796],[104.554003,78.838738],[104.547699,78.941726],[104.449026,78.981505],[104.055905,78.996024],[104.030012,79.128134],[103.516805,79.140515],[103.339712,79.072633],[102.986571,79.045002],[102.654004,78.849241],[102.50151,78.885686],[102.688811,78.927223],[102.716626,79.064925],[102.864508,79.199632],[103.155989,79.290092],[102.862005,79.376775],[102.303487,79.413197],[102.206808,79.349517],[102.309935,79.21362],[102.001005,79.234983],[101.883809,79.356304],[101.60671,79.315263],[101.667806,79.226389],[101.360262,79.220473],[101.145276,79.103029],[100.907867,78.898301],[100.393584,78.681969],[100.408211,78.608777],[100.02482,78.297907],[99.661126,78.174963],[99.387977,78.013613],[99.561501,77.948067],[99.84375,77.941477]]],[[[110.914279,73.698611],[110.795432,73.657038],[110.473811,73.637527],[110.386857,73.587709],[110.142149,73.531789],[109.915368,73.454187],[109.66395,73.435859],[109.45026,73.466895],[109.230792,73.427143],[109.301519,73.391001],[108.926617,73.33734],[108.274121,73.292851],[108.355484,73.213008],[108.099173,73.235039],[107.800937,73.155661],[107.316737,73.148755],[107.018607,73.161856],[106.894384,73.1307],[106.688208,73.137731],[106.34679,73.185984],[106.21819,73.127499],[106.223179,72.979517],[106.36743,72.921617],[106.341374,72.887803],[106.02071,72.925947],[105.977157,72.869946],[105.789742,72.837544],[105.535997,72.745371],[105.153029,72.758032],[104.757937,72.600252],[104.541733,72.630494],[104.73573,72.69481],[104.77754,72.74979],[105.086064,72.805209],[105.378446,72.785201],[105.645884,72.879315],[105.814194,72.879989],[105.923208,73.007153],[105.906538,73.107132],[106.063255,73.140622],[106.098585,73.25075],[106.282585,73.320418],[106.635234,73.295202],[106.796738,73.318534],[106.95234,73.458223],[107.205321,73.533938],[107.391429,73.613461],[107.784824,73.615038],[108.045534,73.668736],[108.173028,73.659375],[108.483216,73.765207],[108.772151,73.934491],[109.172912,74.060002],[109.530755,74.077859],[109.876055,74.186951],[109.951561,74.258669],[109.902107,74.325768],[110.108586,74.384629],[110.22786,74.373883],[110.563411,74.483639],[110.912167,74.541064],[111.012765,74.53862],[111.195415,74.617807],[111.44788,74.683592],[111.802342,74.649194],[111.951002,74.726106],[112.132822,74.868519],[112.754605,74.938144],[113.510531,75.209723],[113.673268,75.299817],[113.756904,75.44402],[113.703468,75.504848],[113.3783,75.519905],[113.294793,75.567337],[113.322804,75.647559],[112.996705,75.610098],[113.02556,75.550378],[112.796345,75.550093],[112.802768,75.648509],[112.883474,75.757362],[113.16284,75.70338],[113.552329,75.657691],[113.726336,75.611057],[113.888602,75.763306],[113.924253,75.84456],[113.879146,75.926778],[113.536068,75.980958],[113.478185,76.151409],[113.285057,76.254697],[112.984125,76.240408],[112.991921,76.114174],[112.595855,76.193216],[112.808121,76.320476],[112.625705,76.35885],[112.73057,76.425389],[112.602773,76.448106],[112.604463,76.538411],[112.351425,76.636884],[111.998816,76.602514],[112.002522,76.549445],[111.556005,76.626963],[111.69708,76.669785],[111.139505,76.703622],[111.119702,76.75467],[110.796397,76.716397],[110.644084,76.749822],[110.275929,76.726524],[110.054545,76.692681],[109.784575,76.697119],[109.426762,76.752446],[108.762275,76.69952],[107.999541,76.732842],[108.040017,76.63547],[107.890549,76.527902],[107.623804,76.492595],[107.4349,76.525547],[107.005996,76.49418],[106.622823,76.487814],[106.768075,76.644598],[107.23574,76.797148],[107.450614,76.90146],[107.358203,76.964344],[106.867776,77.047422],[106.502462,77.003365],[106.193126,77.056524],[105.975964,76.996063],[105.688163,76.971311],[105.465106,77.005134],[105.892427,77.060236],[105.652717,77.099706],[105.435276,77.06749],[105.202964,77.090431],[105.081386,77.055367],[104.723312,77.080057],[104.384069,77.072703],[104.28525,77.103457],[104.630234,77.151169],[104.955584,77.152083],[105.363355,77.194634],[105.836653,77.342887],[106.079809,77.351164],[105.949783,77.512331],[105.747267,77.55137],[105.347031,77.538518],[104.803297,77.620013],[104.704437,77.684947],[104.424294,77.652864],[104.253971,77.723286],[104.092209,77.716852],[103.778161,77.635422],[103.446191,77.605197],[103.284544,77.629138],[102.905768,77.51966],[102.656448,77.493013],[102.343542,77.359061],[102.085203,77.339385],[101.394314,77.109003],[101.280477,77.048768],[101.332708,76.993118],[101.071906,76.944285],[100.930713,76.858717],[101.081461,76.750798],[101.205315,76.754366],[101.09327,76.54173],[100.86385,76.49926],[100.43897,76.45381],[100.11459,76.46555],[99.7047,76.44242],[99.406119,76.44673],[98.968108,76.502324],[98.87223,76.45458],[99.03058,76.40104],[99.10302,76.33279],[99.28539,76.33736],[99.40712,76.27146],[99.60795,76.2523],[99.62873,76.19136],[99.79626,76.12177],[99.26159,76.12074],[99.33464,76.20476],[98.93913,76.21871],[98.80344,76.25376],[98.39233,76.16844],[97.96502,76.1208],[98.20303,76.08843],[97.56238,76.03769],[97.53907,75.99458],[97.27286,75.95331],[97.22664,76.08956],[96.74406,76.00323],[96.9685,75.99635],[96.99028,75.94378],[96.8465,75.89671],[96.49969,75.87562],[96.70911,75.9705],[96.44132,76.00194],[96.29854,75.94675],[95.99306,75.93587],[96.09744,76.03686],[96.03359,76.10761],[96.15877,76.15807],[96.41893,76.12031],[96.47679,76.17348],[96.70958,76.25683],[96.47049,76.29996],[95.99073,76.28777],[95.89301,76.31577],[95.65162,76.24509],[95.34985,76.27842],[95.45664,76.16275],[95.28607,76.1056],[94.63044,76.11185],[94.33934,76.12766],[93.87995,76.08784],[93.86847,76.05621],[93.58002,76.03739],[93.05356,76.03092],[92.89776,75.92874],[93.27592,75.96206],[93.46311,75.84275],[92.65166,75.77066],[92.36869,75.73267],[92.09449,75.71863],[91.69257,75.7275],[91.68065,75.63035],[91.50878,75.6508],[91.01632,75.60377],[90.91537,75.6346],[90.5307,75.58899],[90.19237,75.597],[90.027208,75.512615],[89.465367,75.447562],[89.177888,75.469056],[88.879016,75.407571],[88.30283,75.20178],[88.32674,75.15039],[87.90692,75.106],[87.14985,75.14776],[86.89564,75.1006],[87.28621,75.04882],[87.70696,75.03175],[87.73783,74.97811],[87.46566,74.99244],[87.17819,74.97759],[87.36064,74.92805],[87.09369,74.85789],[87.06766,74.74661],[86.8739,74.75634],[86.74558,74.69937],[86.92482,74.67995],[86.8279,74.62823],[86.62461,74.70885],[86.12732,74.83405],[85.79823,74.86535],[85.79717,74.81131],[86.16352,74.77811],[85.93054,74.73566],[85.83056,74.66096],[85.724163,74.653963],[85.96072,74.61635],[86.17806,74.61064],[86.18095,74.60622],[86.50945,74.56141],[86.56378,74.47786],[86.12661,74.43189],[85.96472,74.39637],[85.90412,74.33546],[86.1683,74.28083],[86.63593,74.25198],[86.77839,74.20925],[86.72142,74.13353],[86.83093,74.07802],[86.713041,74.038443],[86.77373,73.97988],[87.09009,73.97333],[87.18881,73.87655],[87.44001,73.76948],[87.29937,73.73158],[87.29644,73.67287],[87.13084,73.60958],[86.81733,73.60987],[86.77786,73.71178],[87.02526,73.73595],[87.12523,73.7911],[87.138138,73.847665],[86.793995,73.892285],[86.106008,73.859446],[85.892691,73.81565],[85.56218,73.79733],[85.519722,73.718152],[85.174271,73.698417],[84.881257,73.754222],[84.452602,73.711483],[83.526792,73.643304],[83.038313,73.637074],[82.27427,73.63975],[81.40846,73.60078],[81.38171,73.57758],[80.91126,73.56053],[80.60807,73.56198],[80.51204,73.51298],[80.27296,73.52813],[80.23046,73.49221],[80.64634,73.45781],[80.62902,73.3888],[80.35493,73.29079],[80.63401,73.25954],[80.67304,73.18819],[80.56172,73.06932],[80.81515,73.02525],[80.88391,72.94277],[80.81003,72.77129],[80.69268,72.72771],[80.71877,72.62708],[80.87668,72.60782],[80.76735,72.50783],[80.89823,72.42388],[81.19935,72.35584],[81.81307,72.32719],[82.24903,72.25643],[82.36925,72.18867],[82.29139,72.08442],[82.54316,72.01691],[82.70898,71.89463],[83.201,71.87023],[83.41445,71.81885],[83.44423,71.73908],[83.2788,71.70621],[82.97346,71.73643],[82.95222,71.76758],[82.70596,71.76199],[82.31609,71.70691],[81.719413,71.68974],[81.38046,71.74822],[81.2835,71.83424],[80.84779,71.98437],[80.82299,72.0748],[80.1113,72.17482],[79.9154,72.21473],[79.49561,72.34819],[78.52175,72.37879],[78.499157,72.366584],[78.424233,72.334442],[78.613903,72.287387],[78.667055,72.243517],[78.625833,72.17134],[78.769734,72.163414],[79.393911,72.028686],[79.73776,72.040823],[79.91305,71.991997],[80.062768,71.980913],[80.17003,71.93004],[80.379051,71.878692],[80.074416,71.823327],[80.148266,71.757419],[80.138899,71.663788],[79.841094,71.582324],[79.394241,71.612286],[79.313637,71.454336],[79.143139,71.38226],[79.220234,71.307417],[79.433874,71.296142],[79.996963,71.116462],[80.583982,71.043189],[80.638733,70.833051],[80.715196,70.809468],[80.641232,70.706509],[80.82179,70.631349],[80.702053,70.460186],[80.414205,70.460549],[80.023538,70.331577],[79.878573,70.261865],[79.755067,70.27571],[79.507395,70.111808],[79.200147,70.032955],[79.158702,69.951187],[78.913266,69.868182],[79.087384,69.763771],[79.132922,69.685417],[79.274866,69.677791],[79.458558,69.633626],[79.544678,69.584276],[79.661787,69.428579],[79.917844,69.352295],[80.236667,69.365988],[80.432638,69.331127],[80.762196,69.30638],[80.795927,69.269559],[81.03203,69.213412],[81.335078,69.284426],[81.437938,69.248205],[81.585507,69.269522],[81.67646,69.31661],[81.640992,69.413596],[81.821998,69.427072],[81.961172,69.352549],[81.805257,69.253679],[81.844422,69.195059],[82.001487,69.194029],[82.138464,69.162346],[82.39592,69.173855],[82.468054,69.14523],[82.460954,69.077317],[82.315583,69.053849],[82.493701,68.971615],[82.594519,68.807023],[82.800677,68.759195],[82.872731,68.674322],[82.824517,68.637134],[82.648785,68.608826],[82.62097,68.54776],[82.714025,68.405172],[82.629405,68.275401],[82.557966,68.26484],[82.552208,68.167067],[82.347783,68.123965],[82.396129,67.967409],[82.335616,67.933346],[81.973863,67.959532],[81.767561,67.947541],[81.724489,67.892795],[81.963442,67.753996],[82.098844,67.719674],[82.055803,67.640415],[82.260205,67.544636],[82.397382,67.521762],[82.250594,67.405108],[82.303994,67.333324],[82.136118,67.246504],[82.133208,67.2189],[82.730564,67.003301],[83.144944,66.830278],[83.250573,66.698628],[83.32771,66.658633],[83.082868,66.576432],[83.076214,66.462893],[83.119947,66.402522],[83.238121,66.382911],[83.539154,66.187446],[83.513789,66.153953],[83.351897,66.119241],[83.269447,66.049229],[83.311026,65.986285],[83.551045,65.902985],[83.473505,65.814529],[83.563395,65.761979],[83.762194,65.789367],[83.966508,65.792251],[84.151455,65.694778],[84.29285,65.687125],[84.282737,65.617595],[84.509418,65.477438],[84.493406,65.390253],[84.567119,65.317042],[84.542418,65.244356],[84.38348,65.201851],[84.288352,65.104061],[84.393556,65.054653],[84.354288,64.977971],[84.284623,64.94824],[84.371262,64.901682],[84.587194,64.90822],[84.755948,64.943312],[84.921258,64.954149],[85.025955,64.924338],[84.923987,64.864172],[85.100654,64.820103],[85.167076,64.7772],[85.340311,64.791581],[85.527884,64.85222],[85.735818,64.823632],[85.833713,64.784334],[85.819372,64.679925],[85.907316,64.574106],[85.804287,64.496899],[85.921623,64.431646],[86.007285,64.272084],[85.933575,64.132014],[85.967046,64.048501],[85.75205,64.001927],[85.482025,63.914251],[85.491013,63.876445],[85.366722,63.844078],[85.329072,63.796407],[85.302541,63.647649],[85.085848,63.565094],[85.078386,63.533944],[85.317586,63.507781],[85.417437,63.437233],[85.374222,63.393427],[85.455583,63.361023],[85.577508,63.379641],[85.704665,63.345816],[85.598154,63.299987],[85.502517,63.177791],[85.502887,63.135314],[85.619849,63.034473],[85.502784,62.971997],[85.53983,62.938304],[85.471088,62.881443],[85.369446,62.879135],[85.214249,62.798508],[85.099163,62.641226],[84.89644,62.550588],[84.935707,62.482305],[84.698142,62.390519],[84.440859,62.195657],[84.491986,62.098471],[84.519392,61.927839],[84.677915,61.80813],[84.840892,61.773046],[84.91898,61.789921],[85.096852,61.751986],[85.277798,61.673722],[85.406556,61.687147],[85.492853,61.617215],[85.712839,61.572615],[85.842513,61.593921],[85.961137,61.54512],[85.965282,61.459195],[85.798192,61.454098],[85.640731,61.36709],[85.696583,61.283815],[84.735082,61.014263],[84.641651,60.997945],[84.26311,60.862518],[84.351305,60.796932],[84.791487,60.352366],[84.744393,60.271115],[84.616018,60.168548],[84.633451,60.029796],[84.581069,59.962095],[84.70755,59.89207],[85.499551,59.883032],[85.998473,59.947149],[86.636499,59.948654],[87.078047,59.879074],[87.174086,59.682528],[87.514225,59.66441],[87.902226,59.256238],[88.626467,59.295126],[88.575826,59.212216],[88.82866,59.022604],[88.382657,58.893119],[87.924013,58.511345],[88.016988,58.214258],[88.069853,58.220064],[88.106659,58.112772],[88.687253,58.036199],[88.858954,57.955186],[89.29641,57.948954],[89.353245,57.912996],[89.342479,57.825677],[89.355248,57.615657],[89.2115,57.594065],[89.130337,57.615341],[89.063639,57.457552],[88.86505,57.44362],[88.734155,57.208035],[88.622505,57.209349],[88.516982,57.090443],[88.649939,57.079165],[88.697349,57.047894],[88.597557,56.802198],[88.624413,56.719298],[88.674013,56.680068],[88.663149,56.619767],[88.500878,56.62189],[88.546388,56.529922],[88.605597,56.531251],[88.593416,56.430664],[88.696483,56.418182],[88.695147,56.36643],[88.860922,56.372908],[89.039898,56.300484],[89.036652,56.201266],[89.126689,56.184532],[89.247083,56.070401],[89.235652,56.013021],[89.320941,55.887192],[89.402644,55.866562],[89.33202,55.774602],[89.140517,55.694502],[88.913599,55.660203],[88.653079,55.499269],[88.601258,55.427377],[88.742338,55.431879],[88.750821,55.392331],[88.874789,55.391738],[88.900361,55.340356],[89.011422,55.323647],[89.009895,55.233704],[89.086482,55.189799],[89.064119,55.120055],[89.170443,55.124705],[89.27278,55.094979],[89.278195,55.042068],[89.371978,55.04258],[89.580251,55.087853],[89.664379,55.000658],[89.724446,55.068499],[89.995627,55.124243],[90.120482,55.109682],[90.216932,55.153584],[90.24387,55.078872],[90.499215,55.060849],[90.52982,54.989815],[90.507234,54.904443],[90.779157,54.912112],[90.780531,54.871266],[90.945677,54.848132],[90.914141,54.722113],[90.918748,54.653634],[91.09651,54.586661],[91.260237,54.506586],[91.250915,54.414755],[91.416507,54.279602],[91.52951,54.124141],[91.573678,54.091245],[91.564056,54.019147],[91.480156,53.945136],[91.427376,53.861709],[91.487686,53.737015],[91.567944,53.708647],[91.567396,53.596858],[91.625096,53.533874],[91.761159,53.492379],[91.903467,53.426054],[91.923697,53.349601],[91.840148,53.292922],[91.738462,53.177746],[91.575916,53.139195],[91.489048,53.159076],[91.419335,53.089087],[91.505196,52.993749],[91.387412,52.83389],[91.314188,52.776589],[91.228259,52.615591],[91.118591,52.633616],[90.894977,52.600995],[90.720166,52.470235],[90.688385,52.369668],[90.568068,52.298085],[90.486733,52.195871],[90.531362,52.145915],[90.633029,52.093725],[90.714413,52.090288],[90.818201,51.968044],[90.913079,51.92748],[91.072364,51.95189],[91.232675,51.89447],[91.485652,51.894428],[91.547942,51.908897],[91.635097,51.87945],[91.804399,51.886579],[91.897103,51.859396],[91.940068,51.80902],[92.07567,51.773091],[92.364189,51.818328],[92.529552,51.791057],[92.6447,51.81216],[92.693833,51.850903],[92.890612,51.84355],[92.957677,51.915782],[93.01168,51.914159],[93.119036,51.966484],[93.146524,52.015617],[93.237214,52.037694],[93.337751,52.128059],[93.472163,52.171023],[93.642072,52.192992],[93.687092,52.316365],[93.765445,52.381136],[93.754082,52.427726],[93.943363,52.566196],[93.999205,52.649311],[94.102883,52.68589],[94.093575,52.73854],[94.157642,52.830745],[94.296925,52.898276],[94.51402,52.909477],[94.583282,52.996542],[94.575706,53.07457],[94.62538,53.183712],[94.716503,53.240799],[94.618345,53.33111],[94.72029,53.376293],[94.954593,53.404864],[95.035869,53.366121],[95.212813,53.468174],[95.304586,53.444907],[95.336404,53.376456],[95.47309,53.400698],[95.531313,53.438468],[95.65209,53.455621],[95.732224,53.52522],[95.807498,53.491281],[95.967127,53.491281],[96.033252,53.457029],[96.103488,53.504484],[96.232057,53.517146],[96.240931,53.618767],[96.440278,53.535761],[96.658672,53.56417],[96.689007,53.645835],[96.483179,53.693692],[96.385146,53.799177],[96.187094,53.907754],[96.07278,53.985312],[96.073598,54.08123],[95.997764,54.080847],[95.802983,54.227496],[95.684428,54.237435],[95.647701,54.299588],[95.752729,54.422432],[95.846173,54.422233],[95.904026,54.389473],[96.064756,54.574173],[96.210108,54.5365],[96.338091,54.55553],[96.486433,54.515854],[96.538823,54.529775],[96.580866,54.626644],[96.566126,54.690612],[96.710014,54.869358],[96.691689,54.946426],[96.593417,55.030175],[96.685306,55.082735],[96.678578,55.25414],[96.927883,55.301909],[96.943629,55.321854],[96.847501,55.431695],[96.810292,55.569201],[96.854371,55.599766],[96.751024,55.662538],[96.786108,55.78958],[96.844137,55.839301],[96.990024,55.851758],[96.990726,56.003892],[97.063652,56.004181],[97.131942,56.112529],[97.301181,56.074375],[97.359519,56.03207],[97.471782,56.194531],[97.574179,56.187314],[97.557019,56.376301],[97.879988,56.375359],[97.879933,56.534101],[97.741605,56.547458],[97.779681,56.591282],[97.758067,56.702384],[97.802869,56.774852],[97.669615,56.805594],[97.528941,56.790406],[97.47862,56.883111],[97.63156,56.907463],[97.676532,56.95965],[97.501003,56.988336],[97.34397,57.032281],[97.9532,57.828574],[98.591332,57.783599],[98.747524,57.797018],[98.848295,57.72796],[98.965691,57.726323],[99.086604,57.778079],[99.204509,57.76101],[99.346934,57.798072],[99.433516,57.78925],[99.648951,58.026031],[99.681723,58.082698],[99.826649,58.068316],[99.942573,58.082863],[100.090969,58.068641],[100.080626,57.945216],[100.147703,57.870586],[100.375006,57.728841],[100.322777,57.684373],[100.515623,57.493958],[100.681985,57.456311],[100.785697,57.407934],[100.856577,57.463785],[100.97034,57.483276],[100.948439,57.569257],[100.847663,57.606073],[100.813734,57.665043],[100.873023,57.736424],[100.852007,57.855177],[101.02328,57.88148],[101.166866,58.044212],[101.106576,58.101445],[101.200103,58.129044],[101.363814,58.232678],[101.498147,58.229704],[101.68143,58.36107],[101.683149,58.397113],[101.805524,58.455298],[102.103653,58.489791],[102.27234,58.55896],[102.361201,58.660025],[102.43506,58.670759],[102.565799,58.740148],[102.558039,58.864971],[102.449866,58.939753],[102.491842,59.010768],[102.402553,59.083479],[102.497896,59.186055],[102.831598,59.205006],[102.939373,59.29874],[103.018591,59.31841],[103.217734,59.237867],[103.244019,59.16865],[103.324786,59.121472],[103.392745,59.029943],[103.564626,58.998519],[103.630515,58.922413],[103.781722,58.908954],[103.899953,58.921479],[103.977297,58.846605],[103.965114,58.770761],[104.07048,58.787199],[104.212756,58.755292],[104.257158,58.715693],[104.467538,58.608789],[104.590876,58.623504],[104.746754,58.676301],[104.804707,58.674798],[104.894032,58.744527],[104.754618,58.807188],[104.836726,58.901237],[104.920861,58.9587],[105.054788,58.996004],[105.135744,59.061288],[105.301725,59.075561],[105.368066,59.118101],[105.304037,59.245387],[105.214896,59.26885],[105.194948,59.476901],[104.993789,59.460772],[104.857115,59.549555],[104.842341,59.606501],[104.762143,59.684813],[104.861704,59.755578],[105.025709,59.779466],[105.02328,59.843555],[105.179557,59.865826],[105.379827,59.840989],[105.432799,59.857575],[105.409822,59.947871],[105.504517,60.000523],[105.422475,60.15293],[105.464623,60.252154],[105.343879,60.293087],[105.216103,60.276489],[105.079236,60.301824],[104.903699,60.299521],[104.795135,60.373956],[104.656759,60.406016],[104.644574,60.518049],[104.560996,60.552497],[104.503669,60.61562],[104.609339,60.724322],[104.50987,60.78285],[104.468419,60.850633],[104.6092,60.885441],[104.581359,60.936311],[104.623214,60.988873],[104.626259,61.079141],[104.690556,61.086311],[104.856982,61.191937],[105.022354,61.197355],[104.950299,61.316054],[104.864946,61.336101],[104.910016,61.395402],[105.156108,61.424142],[105.283294,61.425124],[105.319176,61.515602],[105.712403,61.662096],[105.841793,61.661362],[105.973387,61.713598],[105.899614,61.844031],[106.111178,61.957391],[106.249382,62.012443],[106.3957,62.042693],[106.455594,62.234367],[106.3487,62.28343],[106.483176,62.34107],[106.626944,62.462393],[106.728355,62.494846],[106.672482,62.556457],[106.773111,62.638657],[106.472495,62.697612],[106.512518,62.791116],[106.382422,62.880641],[106.192995,62.920967],[106.130644,63.037512],[106.184922,63.085993],[106.396808,63.125686],[106.344485,63.245063],[106.355847,63.301955],[106.44762,63.360785],[106.520189,63.322564],[106.657853,63.325542],[106.72663,63.40971],[106.594643,63.454353],[106.583515,63.497881],[106.471391,63.542362],[106.658126,63.627194],[106.686944,63.667414],[106.602442,63.722726],[106.69859,63.825001],[106.792636,63.881165],[106.645377,63.958855],[106.624071,64.008376],[106.807366,64.018026],[107.089406,63.927],[107.165218,63.968644],[107.307045,63.977563],[107.377132,63.936817],[107.565638,63.897369],[107.631215,63.981369],[107.769202,64.020085],[107.91115,63.998119],[108.214171,64.010304],[108.385109,64.046349],[108.364787,64.103807],[108.246822,64.250218],[108.085664,64.246468],[108.05893,64.187904],[107.892208,64.196355],[107.698538,64.295698],[107.560744,64.312666],[107.369929,64.261064],[107.25651,64.345425],[107.133377,64.35101],[106.885759,64.440323],[106.741122,64.422277],[106.652537,64.529516],[106.554992,64.516329],[106.554146,64.460234],[106.256347,64.447051],[105.98557,64.534101],[105.807422,64.497484],[105.709529,64.602223],[105.782152,64.668013],[105.862818,64.821242],[105.986937,64.83151],[105.914801,64.903497],[106.03182,64.9187],[106.070925,64.980394],[105.950465,65.039901],[106.154905,65.089094],[106.189947,65.133042],[106.314717,65.167082],[106.419395,65.228993],[106.439462,65.319506],[106.544958,65.380508],[106.776138,65.387228],[106.872231,65.422995],[106.967889,65.508284],[106.703752,65.539858],[106.720365,65.587637],[106.415123,65.671969],[106.42806,65.763081],[106.484043,65.855028],[106.464948,65.931961],[106.514476,65.995053],[106.413411,66.061489],[106.338582,66.152849],[106.205446,66.147],[106.106042,66.19724],[106.137001,66.24871],[106.095545,66.336202],[106.148658,66.409175],[106.330961,66.474971],[106.237461,66.563338],[106.258277,66.676895],[106.085487,66.779365],[105.985634,66.801503],[106.09415,66.859184],[106.080664,66.895417],[105.698989,66.925205],[105.509063,67.013985],[105.872565,67.029438],[105.962214,67.045478],[106.066743,67.11733],[106.076491,67.168536],[106.342143,67.200771],[106.505324,67.275583],[106.678428,67.251076],[106.822039,67.334093],[106.874489,67.667541],[106.870384,67.835794],[106.920682,68.254164],[106.905551,68.859042],[106.14286,69.409405],[106.344196,69.478153],[106.487412,69.581163],[106.630677,69.527968],[106.857426,69.523271],[107.606481,69.660499],[108.01942,69.69844],[108.006886,69.749899],[108.248733,69.854403],[108.800199,69.830515],[108.944624,69.770599],[109.201107,69.754623],[109.378434,69.837451],[109.400095,69.95813],[109.545224,70.030906],[109.365572,70.073329],[109.304333,70.209872],[109.575575,70.252447],[109.643766,70.372773],[110.062605,70.39786],[110.317634,70.429094],[110.133608,70.465111],[110.092425,70.537606],[110.123517,70.636983],[110.505705,70.711318],[110.517212,70.764128],[110.736653,70.799434],[110.813493,70.780047],[111.194968,70.861285],[111.432135,70.881283],[111.478798,70.928825],[111.946322,70.978864],[112.030505,71.05306],[112.184129,71.013275],[112.355982,71.071176],[112.599576,71.109193],[112.520897,71.176169],[112.675735,71.201036],[112.724997,71.252169],[112.593699,71.293798],[112.469258,71.276587],[112.193474,71.382586],[112.000514,71.402308],[112.000695,72.1244],[111.698145,72.172726],[111.639687,72.298523],[111.574805,72.324402],[111.291282,72.331478],[111.0102,72.39022],[111.291058,72.486607],[111.178717,72.557758],[110.863022,72.60242],[110.718647,72.678114],[110.645702,72.893732],[110.85016,73.16067],[110.468167,73.150456],[110.34862,73.196564],[110.624424,73.254833],[110.543538,73.333151],[110.374631,73.336874],[110.207085,73.396613],[110.531354,73.434333],[111.001102,73.556337],[111.282728,73.609245],[110.914279,73.698611]]],[[[94.42559,76.64503],[94.32564,76.61772],[94.4742,76.60387],[94.42559,76.64503]]],[[[94.40698,76.53988],[94.31309,76.56759],[94.1343,76.57241],[94.141002,76.542952],[94.30868,76.55599],[94.40698,76.53988]]],[[[95.50419,76.56871],[95.53895,76.56044],[95.57446,76.56801],[95.52106,76.57672],[95.50419,76.56871]]],[[[95.01558,76.56335],[95.09675,76.57292],[95.04682,76.57742],[95.01558,76.56335]]],[[[96.20633,76.5856],[96.33502,76.61387],[96.35465,76.67116],[96.19236,76.686258],[96.110428,76.631215],[96.20633,76.5856]]],[[[95.625,76.62206],[95.68651,76.64558],[95.4718,76.67563],[95.46576,76.62711],[95.625,76.62206]]],[[[95.290695,76.971926],[95.67339,76.96694],[95.94375,76.94421],[96.27623,77.0029],[96.57745,77.1243],[96.41694,77.17325],[96.01338,77.08648],[95.54606,77.03557],[95.290695,76.971926]]],[[[100.16243,77.14679],[100.16887,77.15742],[100.10955,77.1526],[100.16243,77.14679]]],[[[102.15815,77.374391],[102.073216,77.359086],[102.208379,77.36001],[102.15815,77.374391]]],[[[107.699271,77.267646],[107.427609,77.339496],[107.29984,77.269241],[107.699271,77.267646]]],[[[107.604215,77.340106],[107.6708,77.347749],[107.632076,77.357843],[107.604215,77.340106]]],[[[106.875,77.410014],[106.76209,77.459067],[106.561207,77.387271],[106.69587,77.364094],[106.875,77.410014]]],[[[97.50747,76.83726],[97.45076,76.85604],[97.30934,76.83117],[97.40594,76.82596],[97.50747,76.83726]]],[[[95.8138,76.87022],[95.70297,76.85633],[95.75246,76.84557],[95.8604,76.85667],[95.8138,76.87022]]],[[[96.903701,76.840396],[96.90717,76.85985],[96.84711,76.85256],[96.903701,76.840396]]],[[[96.26689,76.87308],[96.21216,76.91699],[95.99427,76.90732],[96.10358,76.86307],[96.26689,76.87308]]],[[[94.42559,76.64503],[94.52162,76.65341],[94.5566,76.67875],[94.4532,76.68613],[94.42559,76.64503]]],[[[94.83208,76.63374],[95.32544,76.6108],[95.14641,76.6755],[94.83208,76.63374]]],[[[97.47396,76.62605],[97.44419,76.69751],[97.30961,76.67319],[97.47396,76.62605]]],[[[94.73815,76.69419],[94.79128,76.68053],[94.834645,76.695049],[94.799279,76.700645],[94.73815,76.69419]]],[[[96.0689,76.685119],[95.97919,76.71878],[95.90194,76.66471],[96.0689,76.685119]]],[[[95.81738,76.70042],[95.83975,76.72497],[95.69697,76.72063],[95.70306,76.6899],[95.81738,76.70042]]],[[[94.55681,76.69025],[94.556551,76.711841],[94.41322,76.72812],[94.48403,76.69425],[94.55681,76.69025]]],[[[98.00356,76.71432],[98.06177,76.70753],[98.05582,76.72585],[98.00356,76.71432]]],[[[95.47199,76.69492],[95.51754,76.70099],[95.411479,76.708058],[95.447892,76.684214],[95.47199,76.69492]]],[[[94.80832,76.73766],[94.82953,76.72166],[94.91692,76.73405],[94.80832,76.73766]]],[[[110.721721,76.769263],[110.820684,76.775244],[110.79836,76.78845],[110.721721,76.769263]]],[[[97.50747,76.83726],[97.85885,76.77989],[97.81017,76.82846],[97.67605,76.81454],[97.50747,76.83726]]]]}},{"type":"Feature","properties":{"id":"r62","name":"Республика Саха (Якутия)","sourceName":"Республика Саха (Якутия)","disputed":false},"geometry":{"type":"MultiPolygon","coordinates":[[[[161.07324,69.356931],[161.093223,69.340408],[161.097253,69.357938],[161.07324,69.356931]]],[[[161.813863,69.485954],[161.75485,69.494244],[161.758596,69.483239],[161.798071,69.478011],[161.813863,69.485954]]],[[[161.159471,69.509375],[161.21843,69.511591],[161.178467,69.515482],[161.159471,69.509375]]],[[[161.186534,69.547048],[161.214794,69.528769],[161.238572,69.544525],[161.186534,69.547048]]],[[[161.060791,69.654765],[161.038902,69.6727],[160.951034,69.683992],[161.009939,69.653356],[161.060791,69.654765]]],[[[162.461278,70.628572],[162.380684,70.652564],[162.332204,70.63694],[162.38492,70.620146],[162.461278,70.628572]]],[[[161.71875,69.570028],[161.914972,69.551064],[161.889738,69.649852],[161.66246,69.619803],[161.71875,69.570028]]],[[[161.700397,70.670123],[161.678448,70.686512],[161.666686,70.659921],[161.707935,70.659812],[161.700397,70.670123]]],[[[161.703858,70.729607],[161.657407,70.789663],[161.50174,70.787363],[161.703858,70.729607]]],[[[160.58791,70.795582],[160.746286,70.822265],[160.563932,70.863952],[160.50102,70.814865],[160.58791,70.795582]]],[[[161.506036,70.896109],[161.447568,70.913966],[161.428699,70.889477],[161.506036,70.896109]]],[[[151.02531,71.410473],[151.092782,71.412954],[151.092277,71.418062],[151.02531,71.410473]]],[[[137.932902,71.298203],[137.935987,71.30644],[137.891652,71.301876],[137.93149,71.289482],[137.932902,71.298203]]],[[[137.617342,71.317619],[137.613082,71.298607],[137.659267,71.305957],[137.617342,71.317619]]],[[[137.507251,71.436654],[137.557825,71.427856],[137.56659,71.437227],[137.530892,71.448092],[137.507251,71.436654]]],[[[150.432513,71.537366],[150.508494,71.530192],[150.573164,71.548159],[150.48218,71.558486],[150.432513,71.537366]]],[[[139.849286,71.466082],[139.819925,71.473185],[139.819127,71.460019],[139.849286,71.466082]]],[[[130.023619,71.572098],[129.995339,71.595248],[129.979968,71.595199],[130.023619,71.572098]]],[[[139.037685,71.631221],[139.107693,71.611987],[139.072999,71.626723],[139.037685,71.631221]]],[[[136.398894,71.631483],[136.479632,71.626751],[136.554036,71.638486],[136.444464,71.631166],[136.398894,71.631483]]],[[[138.034603,71.490658],[137.983764,71.57325],[137.774109,71.598218],[137.376767,71.587635],[137.04466,71.533292],[137.18592,71.428409],[137.610272,71.462834],[137.785556,71.410237],[138.034603,71.490658]]],[[[129.02411,71.664337],[129.04391,71.647916],[129.068673,71.655574],[129.02411,71.664337]]],[[[138.34288,71.677177],[138.393873,71.678772],[138.367336,71.688384],[138.34288,71.677177]]],[[[144.987466,71.697752],[145.016991,71.698672],[145.055794,71.712449],[144.987466,71.697752]]],[[[150.000442,71.770607],[149.961138,71.766026],[149.902451,71.750253],[150.000272,71.761395],[150.000442,71.770607]]],[[[132.920629,71.894201],[133.007292,71.895242],[133.022242,71.903508],[132.93227,71.906509],[132.920629,71.894201]]],[[[146.051184,72.078787],[146.081185,72.078905],[146.095507,72.091604],[146.03973,72.088695],[146.051184,72.078787]]],[[[129.271418,72.018484],[129.329636,72.013028],[129.336616,72.033202],[129.27531,72.029976],[129.271418,72.018484]]],[[[129.535761,72.36518],[129.648099,72.371744],[129.57324,72.404424],[129.535761,72.36518]]],[[[129.536687,72.553998],[129.564778,72.539867],[129.593373,72.555371],[129.536687,72.553998]]],[[[129.39789,72.497472],[129.450121,72.515119],[129.356237,72.538048],[129.286138,72.517721],[129.39789,72.497472]]],[[[129.502702,72.694228],[129.545849,72.729759],[129.386985,72.741495],[129.34641,72.713081],[129.502702,72.694228]]],[[[111.119565,74.276303],[111.213643,74.305358],[111.084908,74.312309],[111.119565,74.276303]]],[[[112.808583,74.081781],[112.987776,74.184695],[113.229944,74.218551],[113.467419,74.381672],[113.405104,74.450331],[113.086019,74.506718],[112.511291,74.517843],[112.110339,74.548306],[112.019907,74.539102],[112.036853,74.360902],[111.836867,74.334579],[111.633019,74.363706],[111.511237,74.297481],[111.677728,74.240431],[112.000069,74.206281],[112.207752,74.135329],[112.808583,74.081781]]],[[[115.969117,74.316858],[116.073189,74.363307],[116.054892,74.368339],[115.965334,74.324249],[115.969117,74.316858]]],[[[112.972569,74.639302],[112.986512,74.671978],[112.916675,74.674466],[112.972569,74.639302]]],[[[149.259355,74.732794],[149.807524,74.777557],[150.06587,74.817611],[150.629724,74.861359],[150.695384,75.007706],[150.849814,75.090214],[150.770523,75.140112],[150.52916,75.09638],[150.38605,75.116211],[150.142474,75.20426],[149.828311,75.216526],[149.33985,75.26127],[148.927725,75.205701],[148.71711,75.194051],[148.523829,75.223347],[148.565677,75.373579],[148.368901,75.402009],[147.9852,75.392969],[147.61932,75.440618],[147.349357,75.406483],[147.186862,75.326884],[146.794877,75.350307],[146.64491,75.436949],[146.749744,75.512691],[146.515544,75.586615],[146.388662,75.547049],[146.360365,75.441716],[146.229442,75.38263],[146.298587,75.282878],[146.128677,75.225427],[146.323519,75.165392],[146.753073,75.104791],[147.121029,75.007485],[147.686092,74.953979],[148.109482,74.795453],[148.736885,74.736122],[149.259355,74.732794]]],[[[135.4996,75.438083],[135.579418,75.366037],[135.872672,75.375517],[136.05557,75.442513],[135.958282,75.479698],[136.1076,75.581535],[136.234284,75.623771],[136.000249,75.670676],[135.720527,75.801863],[135.60854,75.674563],[135.645821,75.592084],[135.4996,75.438083]]],[[[140.569761,75.695177],[140.619519,75.689131],[140.618113,75.703432],[140.569761,75.695177]]],[[[140.981062,75.670276],[141.046999,75.643964],[141.113082,75.66744],[140.981062,75.670276]]],[[[140.42839,75.663718],[140.495101,75.762464],[140.308368,75.803251],[139.99246,75.832559],[139.862197,75.912032],[140.001317,75.947209],[139.60113,75.984796],[139.426384,76.052225],[139.176164,76.088244],[139.039843,76.156929],[138.84264,76.200841],[138.268345,76.119416],[138.102617,75.999403],[137.6577,75.990807],[137.441492,75.880913],[137.610255,75.792673],[137.498356,75.752855],[137.26847,75.765249],[137.154998,75.725924],[137.225877,75.651389],[136.990709,75.585321],[137.297739,75.470513],[137.17778,75.432501],[137.196606,75.375117],[136.931515,75.34398],[136.95296,75.26351],[137.246147,75.106322],[137.388317,75.052281],[137.871068,74.938115],[137.997058,74.836752],[138.176369,74.756623],[138.656542,74.717357],[139.034194,74.640481],[139.24272,74.642007],[139.455803,74.706155],[139.60452,74.835639],[139.524607,74.910251],[139.642916,74.9624],[140.031225,74.877145],[140.189173,74.804701],[140.686654,74.868392],[141.554455,74.928984],[141.860759,74.997903],[142.0853,74.992606],[141.973682,74.930253],[142.359418,74.813607],[142.560701,74.801534],[142.740509,74.890945],[142.86513,74.863891],[143.47223,74.888029],[143.699589,74.949557],[143.539159,75.00281],[143.39464,74.996986],[143.059392,75.059757],[142.76855,75.071368],[142.448404,75.219273],[142.174051,75.392248],[142.183989,75.472928],[142.086874,75.543904],[142.161446,75.607673],[142.63852,75.730577],[142.920715,75.725159],[143.084919,75.67804],[143.020709,75.583267],[142.69647,75.50276],[142.524551,75.343985],[142.742504,75.299789],[142.963707,75.136005],[143.070817,75.132769],[143.377804,75.047201],[143.779672,75.066253],[144.059496,75.039536],[144.388005,75.048038],[144.72841,75.147816],[144.837761,75.29696],[144.779196,75.371328],[144.85661,75.428964],[145.294625,75.505217],[145.260909,75.5692],[144.799428,75.646914],[144.623753,75.700058],[144.396455,75.706593],[144.067371,75.796331],[143.584593,75.851979],[143.163615,75.798101],[142.608908,75.856487],[141.76025,76.113271],[141.447488,76.147244],[141.582547,76.034702],[141.01651,75.999638],[140.966017,75.930036],[141.065577,75.769116],[140.977867,75.737196],[141.182177,75.666887],[141.012989,75.611274],[140.700063,75.614661],[140.42839,75.663718]]],[[[141.35611,76.075876],[141.360113,76.066165],[141.40267,76.071462],[141.35611,76.075876]]],[[[140.92852,76.078168],[141.071742,76.070761],[141.088852,76.093232],[140.934831,76.09094],[140.92852,76.078168]]],[[[110.914279,73.698611],[111.282728,73.609245],[111.001102,73.556337],[110.531354,73.434333],[110.207085,73.396613],[110.374631,73.336874],[110.543538,73.333151],[110.624424,73.254833],[110.34862,73.196564],[110.468167,73.150456],[110.85016,73.16067],[110.645702,72.893732],[110.718647,72.678114],[110.863022,72.60242],[111.178717,72.557758],[111.291058,72.486607],[111.0102,72.39022],[111.291282,72.331478],[111.574805,72.324402],[111.639687,72.298523],[111.698145,72.172726],[112.000695,72.1244],[112.000514,71.402308],[112.193474,71.382586],[112.469258,71.276587],[112.593699,71.293798],[112.724997,71.252169],[112.675735,71.201036],[112.520897,71.176169],[112.599576,71.109193],[112.355982,71.071176],[112.184129,71.013275],[112.030505,71.05306],[111.946322,70.978864],[111.478798,70.928825],[111.432135,70.881283],[111.194968,70.861285],[110.813493,70.780047],[110.736653,70.799434],[110.517212,70.764128],[110.505705,70.711318],[110.123517,70.636983],[110.092425,70.537606],[110.133608,70.465111],[110.317634,70.429094],[110.062605,70.39786],[109.643766,70.372773],[109.575575,70.252447],[109.304333,70.209872],[109.365572,70.073329],[109.545224,70.030906],[109.400095,69.95813],[109.378434,69.837451],[109.201107,69.754623],[108.944624,69.770599],[108.800199,69.830515],[108.248733,69.854403],[108.006886,69.749899],[108.01942,69.69844],[107.606481,69.660499],[106.857426,69.523271],[106.630677,69.527968],[106.487412,69.581163],[106.344196,69.478153],[106.14286,69.409405],[106.905551,68.859042],[106.920682,68.254164],[106.870384,67.835794],[106.874489,67.667541],[106.822039,67.334093],[106.678428,67.251076],[106.505324,67.275583],[106.342143,67.200771],[106.076491,67.168536],[106.066743,67.11733],[105.962214,67.045478],[105.872565,67.029438],[105.509063,67.013985],[105.698989,66.925205],[106.080664,66.895417],[106.09415,66.859184],[105.985634,66.801503],[106.085487,66.779365],[106.258277,66.676895],[106.237461,66.563338],[106.330961,66.474971],[106.148658,66.409175],[106.095545,66.336202],[106.137001,66.24871],[106.106042,66.19724],[106.205446,66.147],[106.338582,66.152849],[106.413411,66.061489],[106.514476,65.995053],[106.464948,65.931961],[106.484043,65.855028],[106.42806,65.763081],[106.415123,65.671969],[106.720365,65.587637],[106.703752,65.539858],[106.967889,65.508284],[106.872231,65.422995],[106.776138,65.387228],[106.544958,65.380508],[106.439462,65.319506],[106.419395,65.228993],[106.314717,65.167082],[106.189947,65.133042],[106.154905,65.089094],[105.950465,65.039901],[106.070925,64.980394],[106.03182,64.9187],[105.914801,64.903497],[105.986937,64.83151],[105.862818,64.821242],[105.782152,64.668013],[105.709529,64.602223],[105.807422,64.497484],[105.98557,64.534101],[106.256347,64.447051],[106.554146,64.460234],[106.554992,64.516329],[106.652537,64.529516],[106.741122,64.422277],[106.885759,64.440323],[107.133377,64.35101],[107.25651,64.345425],[107.369929,64.261064],[107.560744,64.312666],[107.698538,64.295698],[107.892208,64.196355],[108.05893,64.187904],[108.085664,64.246468],[108.502827,64.306291],[108.524723,64.148757],[108.613007,64.068797],[108.762471,64.01662],[108.726077,63.962167],[108.798344,63.890804],[108.731835,63.842014],[108.496466,63.82235],[108.360629,63.860993],[108.287333,63.836652],[108.299315,63.716051],[108.227865,63.670016],[108.124333,63.658146],[108.144004,63.603945],[108.324941,63.609137],[108.495058,63.636415],[108.726957,63.620063],[108.925639,63.575649],[109.081238,63.577065],[109.188828,63.530199],[109.319332,63.393414],[109.411673,63.367869],[109.458555,63.109201],[109.522663,62.992972],[109.494455,62.95639],[109.669882,62.860569],[109.675732,62.829442],[109.507987,62.795014],[109.472373,62.68541],[109.387625,62.671617],[109.378151,62.607404],[109.254805,62.598724],[109.298355,62.521629],[109.430854,62.473591],[109.667902,62.435392],[109.91093,62.437021],[109.889907,62.37053],[109.99532,62.309658],[109.918588,62.26006],[110.00455,62.186047],[109.860159,62.1096],[109.8721,62.066979],[109.724054,62.001212],[109.642256,61.927687],[109.600187,61.745473],[109.725983,61.683838],[109.87049,61.549351],[109.808911,61.477883],[109.839155,61.425168],[109.761796,61.3317],[109.997213,61.314717],[110.111251,61.277886],[110.222093,61.168251],[110.381295,61.201345],[110.523942,61.179692],[110.542292,61.087795],[110.457916,60.981627],[110.367768,60.937577],[110.257592,60.821647],[110.299794,60.78213],[110.288624,60.701981],[110.099332,60.694398],[110.138172,60.59693],[109.907127,60.461395],[109.948778,60.41689],[109.804651,60.336441],[109.815246,60.273757],[109.740317,60.248555],[109.694643,60.161238],[109.692598,60.076711],[109.755081,60.026996],[109.67474,59.986677],[109.662596,59.876033],[109.508123,59.801529],[109.475642,59.721383],[109.543439,59.667295],[109.401759,59.584365],[109.252271,59.466906],[109.342886,59.417168],[109.239804,59.381485],[109.291664,59.316525],[109.4526,59.313018],[109.524361,59.247185],[109.509493,59.192734],[109.630401,59.16426],[109.617505,59.083333],[109.727389,59.090552],[109.811944,59.004253],[109.982887,59.024971],[110.023501,59.001598],[110.239422,58.999926],[110.399319,59.057215],[110.474673,59.046366],[110.603614,59.140373],[110.548603,59.183345],[110.720542,59.280902],[111.042328,59.222514],[111.217729,59.203733],[111.297237,59.277575],[111.451149,59.292353],[111.560631,59.23519],[111.649821,59.223848],[111.790191,59.29798],[111.898915,59.303685],[112.078895,59.392533],[112.093749,59.428747],[112.251292,59.5284],[112.340591,59.425588],[112.275442,59.373139],[112.368609,59.310569],[112.521975,59.348222],[112.651461,59.313623],[112.643807,59.281264],[112.505704,59.238225],[112.447849,59.136239],[112.441539,58.918129],[112.524731,58.894082],[112.599206,58.992301],[112.51428,59.044106],[112.594487,59.076389],[112.751869,59.051929],[112.805138,59.126996],[113.109606,59.150801],[113.201358,59.187265],[113.277556,59.158104],[113.485608,59.284619],[113.532065,59.349913],[113.432036,59.37874],[113.463385,59.432292],[113.614501,59.515156],[113.5913,59.594758],[113.761156,59.617057],[113.883414,59.678075],[113.969705,59.690922],[114.096977,59.76525],[114.216725,59.784636],[114.297153,59.890731],[114.529526,59.983615],[114.496649,60.069566],[114.651151,60.179064],[114.774705,60.202535],[114.906236,60.184778],[115.023475,60.236097],[115.145207,60.365985],[115.096025,60.413232],[115.300825,60.513756],[115.369457,60.491911],[115.696606,60.549035],[115.872447,60.523097],[115.937639,60.45355],[116.005434,60.469058],[116.291066,60.409652],[116.324623,60.374726],[116.540974,60.389983],[116.623588,60.349739],[116.608546,60.295133],[116.759277,60.27959],[116.770875,60.249365],[116.937166,60.19646],[117.0036,60.118831],[116.988643,60.048908],[117.103804,60.027719],[117.264106,60.057423],[117.34719,60.024205],[117.154029,59.973846],[117.077473,59.972628],[117.008568,59.916842],[117.096402,59.869285],[117.223793,59.874169],[117.228182,59.750281],[117.205544,59.681404],[117.112064,59.609812],[117.193248,59.582705],[117.24934,59.513227],[117.438608,59.525192],[117.497941,59.492639],[117.77047,59.565891],[117.826314,59.445463],[117.968651,59.497344],[117.938673,59.54007],[118.03129,59.575435],[118.033995,59.629318],[118.239862,59.640404],[118.346144,59.615041],[118.361812,59.525624],[118.6773,59.437983],[118.761284,59.428266],[118.7488,59.345128],[118.817384,59.329585],[118.670814,59.186608],[118.713828,59.049824],[118.819188,59.050707],[118.872731,58.991417],[118.748988,58.934514],[118.87273,58.820487],[118.861725,58.731207],[118.776802,58.611387],[118.991886,58.56155],[119.131251,58.487889],[119.063283,58.363496],[119.138674,58.292535],[119.116842,58.238128],[119.162911,58.169353],[119.163985,58.031456],[119.091565,57.913008],[119.103373,57.832283],[119.04583,57.764522],[119.166955,57.718408],[119.179843,57.589429],[119.420717,57.620952],[119.502115,57.599544],[119.486432,57.549482],[119.392819,57.485241],[119.419936,57.395929],[119.509504,57.370754],[119.586803,57.304075],[119.590954,57.250667],[119.661951,57.19039],[119.572568,57.076454],[119.597018,57.028036],[119.69011,56.985813],[119.791058,56.980033],[119.85614,56.896079],[120.035444,56.909939],[120.329354,57.021089],[120.543639,57.044459],[120.738392,57.026004],[120.9055,57.060508],[121.13937,57.001474],[121.40559,56.985529],[121.518671,56.920594],[121.511433,56.870348],[121.585622,56.848448],[121.683531,56.7596],[121.835604,56.740431],[121.989547,56.762514],[122.163943,56.74619],[122.295484,56.640747],[122.46076,56.599617],[122.571597,56.485402],[122.790152,56.508723],[122.794468,56.585153],[122.90191,56.556641],[123.194051,56.440672],[123.572502,56.409158],[123.753002,56.424536],[123.920806,56.387865],[124.032761,56.256009],[124.121072,56.230813],[124.212179,56.155897],[124.214495,56.084136],[124.394278,56.052636],[124.388335,55.993621],[124.505887,55.884648],[124.639793,55.937683],[124.761685,55.869899],[124.834786,55.882086],[124.91107,55.84187],[125.010704,55.869518],[125.253349,55.907761],[125.448967,55.851111],[125.444881,55.816352],[125.531076,55.746937],[125.616844,55.779446],[125.803634,55.806601],[125.993836,55.767387],[126.087762,55.667953],[126.096092,55.58978],[126.235033,55.607837],[126.492168,55.569373],[126.582764,55.654335],[126.692811,55.666712],[126.787303,55.627425],[126.926225,55.629892],[126.966224,55.699928],[127.321454,55.687805],[127.34013,55.61952],[127.458775,55.57803],[127.542464,55.66484],[127.637135,55.679242],[127.733709,55.731276],[127.80183,55.666932],[127.924375,55.662004],[128.200153,55.700994],[128.285067,55.6907],[128.491531,55.583673],[128.512443,55.544781],[128.70163,55.562326],[128.703037,55.515137],[128.95687,55.494389],[129.100958,55.539514],[129.09908,55.631036],[129.05084,55.69489],[129.584685,55.762091],[129.903307,55.77829],[130.00109,55.71328],[130.126605,55.712721],[130.287782,55.740975],[130.504554,55.727425],[130.624824,55.76245],[130.736202,55.753972],[130.85008,55.712481],[130.952768,55.712176],[130.964553,55.800008],[130.86022,55.915099],[130.93553,55.963596],[130.896693,56.018642],[130.971521,56.080218],[130.991287,56.167585],[131.073342,56.209382],[131.140401,56.290778],[131.103629,56.409936],[131.167571,56.435544],[131.222116,56.520844],[131.408278,56.509243],[131.501157,56.564587],[131.69251,56.526286],[131.700781,56.690527],[131.831681,56.742746],[131.759408,56.868136],[131.66088,56.907639],[131.507657,57.04964],[131.4323,57.137788],[131.333482,57.186913],[131.202333,57.20329],[131.255328,57.29879],[131.508821,57.268152],[131.608751,57.309362],[131.60628,57.4282],[131.780773,57.538616],[131.72291,57.56858],[131.849116,57.622865],[131.942162,57.616709],[132.068427,57.68172],[132.050971,57.731251],[131.879332,57.815483],[131.815722,57.868479],[131.799213,57.932452],[131.580677,58.038557],[131.644071,58.079844],[131.528286,58.110512],[131.495204,58.170494],[131.70549,58.201191],[131.769774,58.151824],[132.066274,58.049308],[132.104785,58.122059],[131.985865,58.158537],[132.111436,58.27843],[132.198077,58.254443],[132.22858,58.331669],[132.170937,58.430252],[132.175477,58.489555],[132.386507,58.561251],[132.546511,58.659689],[132.534671,58.820878],[132.588076,58.891657],[132.777245,58.887027],[132.844908,58.993174],[132.83699,59.06807],[132.988955,59.158992],[133.170973,59.24141],[133.271917,59.226689],[133.51856,59.312262],[133.572488,59.251018],[133.747541,59.228344],[133.869044,59.259041],[134.00117,59.26333],[134.241695,59.210743],[134.365691,59.202258],[134.483379,59.139514],[134.527989,59.186748],[134.716415,59.2047],[134.733111,59.157808],[134.842509,59.136602],[134.988606,59.164912],[135.193251,59.114383],[135.30238,59.202744],[135.26093,59.23396],[135.437829,59.396957],[135.613066,59.487839],[135.826448,59.526107],[135.947567,59.458813],[136.08988,59.419551],[136.317351,59.42381],[136.6729,59.345857],[136.768574,59.337881],[136.821174,59.388431],[137.294906,59.494901],[137.359772,59.541879],[137.501406,59.558085],[137.449793,59.613138],[137.491184,59.680838],[137.631978,59.751303],[137.97434,59.772345],[138.080477,59.74679],[138.022098,59.667668],[138.072804,59.640158],[138.21759,59.653979],[138.272096,59.705773],[138.194355,59.91419],[138.26242,60.068805],[138.211654,60.101969],[138.239475,60.173035],[138.178408,60.20899],[138.21322,60.277813],[138.306788,60.313082],[138.33563,60.401549],[138.316538,60.491307],[138.396839,60.620654],[138.397526,60.723003],[138.206922,60.857035],[138.269092,60.954915],[138.34398,60.977802],[138.397131,61.099381],[138.659701,61.20452],[138.649138,61.297307],[138.734927,61.336884],[138.982414,61.326873],[139.039548,61.345647],[139.091365,61.435135],[139.316815,61.435597],[139.452056,61.485956],[139.55376,61.473609],[139.64859,61.562251],[139.692293,61.662242],[139.927104,61.795297],[139.977237,61.860247],[139.952546,61.936529],[140.030227,61.987143],[140.116334,61.968794],[140.275988,62.037808],[140.313853,62.109324],[140.289673,62.234111],[140.312081,62.341879],[140.422095,62.416213],[140.666065,62.416365],[140.74471,62.513493],[140.845978,62.53015],[141.128164,62.404761],[141.322277,62.387475],[141.391841,62.323614],[141.492869,62.286735],[141.559283,62.155529],[141.729374,62.078307],[141.85493,62.082662],[141.833325,62.017922],[142.022489,62.037788],[142.14532,62.07551],[142.467313,61.891966],[142.767657,61.965786],[142.896399,61.905418],[143.006472,61.914842],[143.104672,62.014728],[143.135909,62.104004],[143.229693,62.117471],[143.285479,62.049911],[143.413333,62.021878],[143.547992,62.049755],[143.681857,61.859308],[143.78401,61.920851],[143.777093,61.954826],[143.93577,61.973307],[143.998537,61.891583],[143.951274,61.839507],[143.944683,61.754986],[144.13549,61.756068],[144.223743,61.727803],[144.411954,61.8333],[144.515905,61.845166],[144.655509,61.990844],[144.73642,62.045483],[144.736525,62.095409],[144.876847,62.133395],[145.202017,62.298957],[145.137654,62.478539],[145.280202,62.524484],[145.43741,62.530871],[145.425613,62.642819],[145.45657,62.707403],[145.353052,62.746696],[145.409515,62.866673],[145.30296,63.087796],[145.24951,63.161006],[145.25786,63.242875],[145.393119,63.308217],[145.440458,63.378698],[145.4683,63.526303],[145.60117,63.644897],[145.675889,63.673529],[145.65335,63.768658],[145.586,63.828036],[145.998187,63.909952],[146.165684,63.927209],[146.230759,64.019683],[146.33349,64.0701],[146.368627,64.185881],[146.542709,64.189356],[146.685668,64.1527],[147.012052,64.133424],[147.21371,64.042064],[147.358948,64.055362],[147.401753,64.129572],[147.569347,64.146041],[147.643774,64.178001],[147.73276,64.115184],[147.670816,64.011346],[147.788405,63.953647],[148.01834,63.936136],[148.1109,64.016339],[148.159692,64.102504],[148.278921,64.166849],[148.314505,64.220696],[148.1235,64.295166],[148.04783,64.407899],[148.224911,64.44223],[148.327615,64.528079],[148.501199,64.50981],[148.555713,64.450364],[148.708723,64.402203],[149.041135,64.431475],[149.192364,64.41919],[149.339492,64.376755],[149.474748,64.404078],[149.580637,64.470464],[149.871263,64.56237],[150.127874,64.468331],[150.134722,64.430507],[150.016771,64.350929],[150.083688,64.292798],[150.209798,64.258904],[150.233632,64.213203],[150.432291,64.204656],[150.54882,64.166332],[150.65081,64.167535],[150.675331,64.267998],[150.63959,64.337741],[150.993956,64.332985],[151.167177,64.359236],[151.371697,64.366406],[151.496874,64.425812],[151.974573,64.489108],[152.071538,64.452285],[152.150417,64.351137],[152.4448,64.389408],[152.43551,64.467784],[152.358914,64.50825],[152.72706,64.623176],[152.847283,64.701393],[152.808007,64.743132],[152.65378,64.808854],[152.585915,64.811292],[152.518397,64.91846],[152.519314,64.976629],[152.630224,65.060508],[152.66147,65.168483],[152.797821,65.206831],[153.18347,65.27024],[153.190035,65.295752],[153.500533,65.345736],[153.585837,65.398429],[153.442342,65.48533],[153.577082,65.689843],[153.483706,65.747972],[153.532184,65.810303],[153.68031,65.842535],[153.956673,65.873049],[154.099285,65.839377],[154.159725,65.769547],[154.266841,65.806328],[154.415657,65.950151],[154.374991,66.029176],[154.228944,66.047978],[154.364956,66.103399],[154.394493,66.182848],[154.585952,66.217985],[154.663521,66.18126],[154.887025,66.150144],[155.26268,66.181404],[155.372376,66.129588],[155.560239,66.142208],[155.659016,66.121953],[155.747972,66.161196],[155.948471,66.067757],[156.346148,66.061141],[156.42702,66.038272],[156.644273,66.148031],[156.766567,66.122456],[157.00252,66.012557],[156.961833,65.956736],[157.213991,65.895921],[157.449326,65.912874],[157.444713,66.000241],[157.621411,66.022685],[157.744936,66.099459],[158.04098,66.117201],[158.188291,66.142603],[158.283133,66.101296],[158.500697,66.093502],[158.432257,66.20337],[158.448307,66.272865],[158.543444,66.335235],[158.368873,66.430309],[158.504391,66.4629],[158.535021,66.548431],[158.63624,66.566424],[158.72259,66.641765],[158.71122,66.689077],[158.934868,66.768745],[158.787335,66.89387],[158.815415,66.94042],[158.71176,67.038389],[158.199036,67.171969],[158.093155,67.227682],[157.924251,67.259511],[157.811372,67.308325],[157.907708,67.420455],[157.793054,67.449008],[157.744088,67.557574],[157.810091,67.674568],[157.942039,67.72397],[158.15075,67.701194],[158.36058,67.734226],[158.249488,67.824492],[158.106031,67.821721],[158.103566,67.914021],[158.215908,67.934821],[158.372391,68.076162],[158.646984,68.127407],[158.770846,68.108175],[158.980483,68.123932],[159.251936,68.190598],[159.41762,68.186571],[159.827464,68.248196],[160.072613,68.267002],[160.397983,68.23932],[160.687007,68.25067],[161.028757,68.284424],[161.199905,68.341693],[161.44974,68.377936],[161.648387,68.374933],[161.710646,68.345468],[161.984553,68.359083],[162.39375,68.274591],[162.54795,68.333041],[162.616563,68.43732],[162.563824,68.483344],[162.751685,68.583955],[162.709587,68.658241],[162.603191,68.68753],[162.591608,68.777632],[162.733122,68.769073],[162.79937,68.822854],[162.726529,68.928539],[162.57955,68.961211],[162.510844,69.067557],[162.531907,69.105638],[162.772473,69.181351],[162.69896,69.244011],[162.513718,69.327776],[162.543629,69.372961],[162.3495,69.406387],[162.43208,69.454206],[162.32461,69.52943],[162.348009,69.59612],[162.469443,69.654961],[162.045097,69.594405],[161.942499,69.513114],[161.813863,69.485954],[161.798071,69.478011],[161.646494,69.431986],[161.657137,69.582168],[161.453397,69.618494],[161.362222,69.528982],[161.027826,69.427522],[160.969046,69.478114],[161.095347,69.537839],[161.097982,69.598728],[160.587098,69.670878],[160.434303,69.668215],[159.867603,69.772035],[159.708406,69.851092],[159.719658,69.895359],[159.859832,69.976237],[159.926375,70.106638],[160.095588,70.252874],[159.939132,70.471476],[159.792003,70.58349],[159.575228,70.694068],[159.344221,70.767307],[158.97,70.861862],[158.435622,70.958433],[157.81889,71.024474],[157.01823,71.07582],[156.57394,71.060667],[156.11275,71.076707],[155.860908,71.069909],[155.555765,71.036984],[155.11073,71.010703],[154.442896,70.952759],[153.953303,70.88927],[152.916177,70.810357],[152.587108,70.814684],[152.395345,70.8346],[151.991984,70.935066],[152.07138,70.992727],[151.958859,71.089248],[151.76229,71.194881],[151.695339,71.271869],[151.33679,71.380746],[151.128519,71.391582],[150.81368,71.350877],[150.95019,71.427315],[150.72025,71.452048],[150.608711,71.50923],[150.239368,71.511262],[150.29878,71.55572],[150.144337,71.635061],[149.958136,71.67312],[149.753791,71.648532],[149.483346,71.646312],[149.331633,71.687485],[148.973785,71.668026],[149.087661,71.757155],[149.46957,71.890706],[149.70138,71.746909],[150.105801,71.8455],[150.099626,71.901423],[149.889388,72.035111],[149.55853,72.145155],[149.199477,72.213928],[148.773337,72.261956],[148.385355,72.319],[147.937327,72.313444],[147.488377,72.32489],[147.141165,72.305334],[146.793218,72.157051],[146.71907,72.094839],[146.151159,71.806878],[145.796755,71.707129],[145.680716,71.722808],[145.473234,71.660134],[145.189056,71.658756],[144.987466,71.697752],[145.042058,71.758824],[145.228238,71.832667],[145.027327,71.906091],[145.069278,71.945539],[145.292443,71.899882],[145.33785,71.863015],[145.600237,71.915224],[145.749896,71.900464],[145.842916,71.944539],[145.778736,72.035813],[145.629171,72.093481],[145.857778,72.223357],[145.927603,72.152296],[146.231164,72.152878],[146.341043,72.095038],[146.107472,72.023363],[146.005787,72.018701],[145.96463,71.869443],[146.161111,71.956578],[146.50965,72.060856],[146.952666,72.309579],[146.563805,72.312727],[145.279626,72.257535],[144.765588,72.219784],[144.523136,72.152241],[144.310291,72.179617],[144.240564,72.229646],[144.371679,72.272987],[144.51448,72.235947],[144.781509,72.400696],[144.955039,72.430207],[145.117472,72.395286],[145.22579,72.428088],[145.456197,72.354919],[145.679263,72.338879],[146.550592,72.344134],[146.685358,72.366979],[145.77684,72.501683],[145.323473,72.549679],[144.038531,72.655251],[143.748664,72.659415],[143.501904,72.683358],[142.2529,72.705145],[141.756882,72.736871],[141.470136,72.794079],[141.311335,72.844973],[140.716084,72.871867],[140.767489,72.794236],[140.96705,72.7075],[141.144946,72.664783],[141.168934,72.61852],[140.89689,72.510617],[140.517374,72.468413],[140.163303,72.480912],[139.912954,72.510625],[139.601938,72.488501],[139.416954,72.419901],[139.152616,72.249941],[139.192284,72.178994],[139.419417,72.148493],[139.614559,72.223827],[140.083909,72.222481],[140.307517,72.170246],[140.120044,72.131549],[139.98566,72.168847],[139.740096,72.039902],[139.721807,71.920436],[139.788958,71.836532],[139.782722,71.717656],[139.929303,71.500795],[139.849286,71.466082],[139.819127,71.460019],[139.504071,71.493326],[139.40014,71.417588],[139.237176,71.402721],[139.151917,71.577654],[139.037685,71.631221],[138.973008,71.698038],[138.556817,71.713904],[138.542513,71.642123],[138.29235,71.586831],[138.10559,71.575138],[138.091612,71.473122],[137.883368,71.360835],[138.094891,71.326477],[138.039646,71.290958],[138.285201,71.267292],[138.094607,71.216611],[137.831569,71.242543],[137.726046,71.283718],[137.647434,71.249838],[137.55186,71.277408],[137.617342,71.317619],[137.493748,71.391748],[137.131871,71.417585],[136.965417,71.468644],[136.912026,71.534073],[136.589953,71.606278],[136.378639,71.584496],[136.31451,71.614572],[135.926775,71.648531],[135.6492,71.63553],[135.373647,71.571687],[134.987458,71.510337],[134.772252,71.441004],[134.770643,71.412454],[134.39284,71.362737],[134.070729,71.380322],[133.665009,71.440728],[133.340557,71.524635],[133.166667,71.593821],[132.947271,71.739417],[132.753319,71.800766],[132.786088,71.949352],[132.559198,71.872009],[132.30429,71.684638],[132.185905,71.558723],[132.004194,71.238079],[131.79511,71.121348],[131.807287,71.057477],[131.742797,70.962013],[131.517427,70.804095],[131.325519,70.724534],[131.0743,70.705299],[130.965214,70.744082],[130.931118,70.840315],[130.825251,70.87846],[130.643571,70.845655],[130.540712,70.91479],[130.357179,70.903957],[130.240125,70.961007],[130.163071,71.061948],[129.829324,71.087498],[129.7576,71.209445],[129.466084,71.301877],[129.297573,71.558513],[129.198831,71.611023],[128.952033,71.579563],[128.870731,71.652221],[129.03794,71.705154],[129.381021,71.735698],[129.349466,71.813947],[129.089378,71.745253],[128.809722,71.750162],[128.660458,71.880015],[128.948194,71.951211],[128.881181,72.015431],[128.764528,72.039738],[128.542088,72.026823],[128.339246,72.076068],[128.309182,72.125791],[128.122604,72.156475],[127.915629,72.239385],[127.797872,72.324439],[127.92763,72.356361],[128.138688,72.26719],[128.465114,72.171121],[128.550833,72.075902],[128.740317,72.05376],[128.919228,72.074612],[128.983481,72.03773],[129.1761,72.041334],[129.390576,72.07986],[129.45747,72.201084],[129.401765,72.232378],[129.539321,72.31458],[129.36795,72.444769],[129.092883,72.472008],[128.979283,72.529038],[129.15892,72.549416],[129.092831,72.612693],[129.43168,72.597176],[129.467938,72.645129],[129.385831,72.688226],[129.18429,72.698858],[129.318132,72.741488],[129.476571,72.84082],[129.168453,72.931241],[129.556656,72.93796],[129.421386,72.994875],[129.409445,73.044337],[128.756096,73.245921],[128.574399,73.250482],[128.444632,73.235612],[128.440917,73.268305],[128.483852,73.345061],[128.151357,73.384598],[128.167336,73.423242],[127.812002,73.513003],[127.662484,73.52616],[127.459718,73.468042],[127.279575,73.518523],[127.046862,73.522114],[126.955499,73.41338],[126.429742,73.454371],[126.437039,73.5102],[126.302826,73.550202],[126.183753,73.506448],[125.608709,73.536202],[125.203585,73.527874],[125.265784,73.605766],[125.15625,73.664731],[124.806394,73.695973],[124.577196,73.759443],[124.421576,73.762812],[124.088241,73.692851],[123.893038,73.729808],[123.746349,73.613239],[123.553646,73.648864],[123.41294,73.610039],[123.486935,73.576694],[123.265723,73.396993],[123.500844,73.275226],[123.607549,73.188608],[123.388433,73.046315],[123.42569,72.989312],[123.240813,72.898742],[122.982882,72.95053],[123.054579,72.990379],[122.595914,73.025913],[122.530943,72.987158],[122.639642,72.848742],[122.233419,72.879764],[121.753376,72.95165],[121.442398,72.961608],[121.0538,72.924126],[120.6324,72.975965],[120.459127,72.974366],[120.197231,73.003574],[119.855203,73.013745],[119.708739,72.977505],[119.630177,73.006659],[119.780552,73.064257],[119.565919,73.10515],[119.428868,73.077666],[119.105636,73.086855],[118.487268,73.187066],[118.402287,73.228036],[118.4709,73.358145],[118.397081,73.393405],[118.576416,73.467774],[118.767825,73.426634],[118.862288,73.455208],[118.794205,73.541164],[118.625811,73.561953],[117.316706,73.578965],[116.622841,73.668537],[116.300132,73.655071],[116.053374,73.686433],[115.656969,73.709338],[115.248748,73.694867],[114.979102,73.606974],[114.55472,73.580631],[114.317755,73.598336],[114.101113,73.58435],[113.955034,73.54674],[113.521718,73.507277],[113.542677,73.464126],[113.870709,73.346242],[113.590865,73.234902],[113.66677,73.158618],[113.517917,73.15488],[113.481776,73.226425],[113.581329,73.314317],[113.327494,73.384971],[113.197133,73.448159],[113.460881,73.630363],[113.162151,73.873423],[112.829406,73.974739],[112.99718,73.807175],[112.811923,73.71759],[112.297986,73.701064],[111.674971,73.75413],[111.32291,73.852293],[110.991666,73.812938],[110.883231,73.762895],[110.914279,73.698611]]],[[[129.511395,72.997609],[129.532976,72.989378],[129.5723,72.990805],[129.536086,73.005466],[129.511395,72.997609]]],[[[122.891958,73.042996],[122.835144,73.071566],[122.734221,73.059279],[122.891958,73.042996]]],[[[122.468945,73.057815],[122.511266,73.052576],[122.55285,73.06992],[122.535447,73.078854],[122.468945,73.057815]]],[[[122.139032,73.030468],[122.149382,73.019441],[122.206898,73.00491],[122.221062,73.017111],[122.181609,73.031958],[122.139032,73.030468]]],[[[122.530943,72.987158],[122.526446,73.024212],[122.332185,73.073599],[122.321207,73.026194],[122.530943,72.987158]]],[[[122.695797,73.069587],[122.683312,73.083914],[122.63168,73.079568],[122.656731,73.064513],[122.695797,73.069587]]],[[[128.980886,73.125],[129.006727,73.13723],[128.956548,73.13978],[128.947789,73.12496],[128.980886,73.125]]],[[[120.197231,73.003574],[120.338346,73.050954],[120.24096,73.135786],[120.101365,73.153537],[119.735188,73.158206],[119.673194,73.10225],[119.822656,73.076263],[119.796851,73.050993],[120.197231,73.003574]]],[[[113.676407,73.363699],[113.726972,73.349149],[113.795274,73.341769],[113.706586,73.366992],[113.676407,73.363699]]],[[[118.717078,73.376198],[118.788838,73.404987],[118.722727,73.423432],[118.674178,73.403125],[118.717078,73.376198]]],[[[128.671875,73.282338],[128.486647,73.281452],[128.47388,73.263537],[128.688352,73.269462],[128.671875,73.282338]]],[[[118.823876,73.352035],[118.768312,73.362225],[118.657215,73.329658],[118.791883,73.323176],[118.823876,73.352035]]],[[[120.12274,73.177643],[120.055633,73.187057],[120.053192,73.181644],[120.12274,73.177643]]],[[[123.220284,73.572425],[123.289916,73.560853],[123.329984,73.570948],[123.220284,73.572425]]],[[[125.595999,73.563501],[125.643175,73.571677],[125.596081,73.57655],[125.595999,73.563501]]],[[[125.298334,73.604035],[125.309705,73.579026],[125.329817,73.588462],[125.298334,73.604035]]],[[[123.41294,73.610039],[123.358914,73.616299],[123.289841,73.601938],[123.340253,73.595804],[123.41294,73.610039]]],[[[123.507147,73.682924],[123.400782,73.673586],[123.368578,73.653758],[123.391534,73.65178],[123.401316,73.666636],[123.441802,73.676963],[123.507147,73.682924]]],[[[123.525728,73.710607],[123.572766,73.702217],[123.573591,73.718246],[123.525728,73.710607]]],[[[124.774939,73.714041],[124.791335,73.708733],[124.80819,73.725198],[124.774939,73.714041]]],[[[123.151393,73.96209],[123.178808,73.957195],[123.182306,73.976349],[123.241004,73.986464],[123.195724,73.987259],[123.151393,73.96209]]],[[[140.067896,73.354443],[140.543081,73.423985],[140.93978,73.405728],[141.407962,73.31822],[141.735563,73.282573],[142.326748,73.247059],[142.497961,73.218805],[142.734227,73.228206],[143.23629,73.181086],[143.54316,73.230857],[143.480557,73.309816],[143.478736,73.449593],[143.527974,73.476107],[143.194809,73.62928],[142.814753,73.732773],[142.62419,73.808064],[142.284928,73.850488],[142.065523,73.908157],[141.842219,73.901227],[141.274756,73.83181],[141.146604,73.856844],[140.932942,73.7805],[140.795544,73.616657],[140.64552,73.52535],[140.366627,73.443356],[139.83426,73.430898],[139.864969,73.345207],[140.067896,73.354443]]],[[[124.772536,73.87505],[124.753276,73.851368],[124.785815,73.853675],[124.772536,73.87505]]],[[[123.743159,73.823798],[123.776988,73.803964],[123.791305,73.827665],[123.743159,73.823798]]],[[[140.625,73.89618],[140.528764,73.914495],[140.98069,73.980535],[141.073542,74.064788],[141.072509,74.224739],[140.871665,74.268121],[140.419051,74.256428],[140.20109,74.201326],[140.173116,74.078592],[140.386292,73.929337],[140.625,73.89618]]],[[[136.069398,73.920178],[136.299283,73.91485],[136.272032,73.980003],[136.074986,74.065974],[135.600817,74.222898],[135.449469,74.158708],[135.713175,74.089092],[135.756777,74.0336],[136.017129,73.961133],[136.069398,73.920178]]],[[[124.876171,73.904721],[124.900694,73.882149],[124.951846,73.891569],[124.876171,73.904721]]],[[[123.143233,73.899429],[123.152361,73.894032],[123.208137,73.907056],[123.143233,73.899429]]],[[[124.720572,73.935219],[124.406818,73.909273],[124.345028,73.85978],[124.538449,73.818694],[124.668634,73.842501],[124.720572,73.935219]]]]}},{"type":"Feature","properties":{"id":"r63","name":"Республика Дагестан","sourceName":"Дагестан","disputed":false},"geometry":{"type":"MultiPolygon","coordinates":[[[[45.705116,44.977363],[45.613474,44.873985],[45.655536,44.803692],[45.521916,44.679398],[45.41233,44.594161],[45.26072,44.589344],[45.22674,44.467518],[45.358414,44.464655],[45.429086,44.428803],[45.37151,44.290144],[45.136672,44.253797],[45.123923,44.193187],[45.503624,44.175802],[45.487471,44.010095],[45.712798,43.96295],[46.071198,43.930546],[46.094878,43.861081],[46.215883,43.859209],[46.252002,43.944929],[46.358893,43.94386],[46.320363,44.009813],[46.437555,44.002992],[46.461035,43.931487],[46.445518,43.878376],[46.58572,43.872391],[46.655132,43.793539],[46.548666,43.75443],[46.455128,43.663141],[46.411179,43.509929],[46.325255,43.451031],[46.367483,43.341315],[46.422286,43.298322],[46.385467,43.148154],[46.434699,43.084893],[46.524032,43.041767],[46.491927,42.950445],[46.531259,42.923288],[46.391426,42.854105],[46.334936,42.894072],[46.207711,42.889889],[46.120655,42.81539],[46.170155,42.731878],[46.013165,42.676742],[46.035407,42.617963],[45.772822,42.489153],[45.781574,42.446946],[45.734701,42.378317],[45.752271,42.308012],[45.650574,42.290635],[45.608972,42.233808],[45.647516,42.186408],[45.747982,42.146101],[45.78603,42.102069],[45.896377,42.106486],[45.954341,42.023821],[46.161577,41.990417],[46.256504,42.006129],[46.282439,41.945439],[46.399361,41.940573],[46.465413,41.88589],[46.546711,41.871551],[46.585857,41.800775],[46.634807,41.831782],[46.724977,41.825713],[46.802627,41.762262],[46.999716,41.635856],[47.002598,41.580985],[47.102259,41.586345],[47.173422,41.525636],[47.269788,41.335436],[47.405442,41.267187],[47.503373,41.261491],[47.546696,41.201221],[47.616706,41.230093],[47.700223,41.224518],[47.737946,41.187648],[47.872365,41.214977],[47.917994,41.304816],[47.999864,41.377105],[48.044423,41.476781],[48.203396,41.511708],[48.387563,41.602281],[48.434985,41.681569],[48.534867,41.760393],[48.58736,41.845057],[48.486778,41.908949],[48.41365,41.921468],[48.347904,41.97675],[48.286277,42.105638],[48.241302,42.135688],[48.111354,42.318349],[48.011791,42.391418],[47.866737,42.59571],[47.792579,42.607713],[47.721683,42.699624],[47.711383,42.832199],[47.574863,42.953697],[47.461676,43.02988],[47.48891,43.171035],[47.55191,43.255484],[47.49741,43.284937],[47.486335,43.401334],[47.521182,43.527173],[47.561351,43.593226],[47.581779,43.701293],[47.723228,43.923643],[47.579719,43.881343],[47.483779,43.599262],[47.453867,43.478591],[47.405735,43.490239],[47.331822,43.607017],[47.353871,43.64657],[47.483108,43.768296],[47.370292,44.008648],[47.289955,44.086873],[47.239486,44.202417],[47.141639,44.205617],[47.080528,44.245227],[47.00225,44.364634],[46.890499,44.325841],[46.879088,44.366255],[46.774627,44.370401],[46.67987,44.467996],[46.706993,44.669291],[46.767417,44.71359],[46.865779,44.744079],[46.895027,44.8121],[46.860148,44.799174],[46.63506,44.861066],[46.504579,44.934296],[46.358672,44.9408],[45.969277,44.980757],[45.793632,44.987632],[45.705116,44.977363]]],[[[47.8125,43.947923],[47.841331,43.991855],[47.652847,43.995559],[47.653877,43.946142],[47.8125,43.947923]]],[[[47.517937,44.448668],[47.529774,44.491941],[47.49473,44.489934],[47.48009,44.454023],[47.517937,44.448668]]]]}},{"type":"Feature","properties":{"id":"r64","name":"Омская область","sourceName":"Омская область","disputed":false},"geometry":{"type":"MultiPolygon","coordinates":[[[[75.108237,58.576245],[74.951106,58.493586],[74.913113,58.430885],[74.806145,58.410053],[74.661444,58.345004],[74.628585,58.288288],[74.455494,58.242033],[74.219631,58.136298],[73.47897,58.143947],[73.128287,58.155304],[72.947761,58.069781],[72.867559,58.001417],[72.167156,58.014698],[72.089325,58.086513],[71.990196,58.115843],[71.402441,58.064489],[71.214219,58.054221],[71.20606,58.111172],[71.237838,58.327859],[71.311412,58.383055],[71.122573,58.454975],[71.053455,58.511108],[70.852774,58.529271],[70.430413,57.952164],[70.429808,57.841476],[70.392336,57.782465],[70.557686,57.718741],[70.598864,57.577222],[70.681918,57.574278],[70.685693,57.515541],[70.57835,57.458047],[70.418236,57.415114],[70.372349,57.329437],[70.45883,57.282399],[70.606542,57.280058],[70.71734,57.232867],[70.780822,57.275989],[70.786795,57.364979],[71.065009,57.350892],[71.052905,57.293575],[71.115604,57.202398],[71.22941,57.174657],[71.297296,57.085244],[71.604991,56.932929],[71.677329,56.765223],[71.581371,56.743492],[71.553729,56.67029],[71.381898,56.678879],[71.369887,56.631768],[71.120526,56.652955],[71.084598,56.524166],[70.984133,56.462236],[70.800116,56.449525],[70.927466,56.379234],[70.928243,56.317054],[70.732229,56.253127],[70.902366,56.112283],[70.867412,55.962189],[70.80854,55.902622],[70.480612,55.905967],[70.47174,55.851273],[70.602565,55.837173],[70.698063,55.800149],[70.587837,55.764592],[70.531725,55.694373],[70.563457,55.650732],[70.710092,55.625407],[70.756972,55.584722],[70.673372,55.490529],[70.56696,55.493869],[70.439596,55.407525],[70.498739,55.330814],[70.460501,55.279672],[70.6241,55.2503],[70.6996,55.287],[70.8043,55.2694],[70.9924,55.0669],[71.0092,54.9651],[70.9601,54.8859],[71.0992,54.7136],[71.2103,54.7019],[71.2936,54.6662],[71.2884,54.6016],[71.1724,54.5734],[71.1739,54.4571],[71.2267,54.3494],[70.9983,54.3338],[70.9999,54.2725],[71.0736,54.2723],[71.0732,54.2021],[71.1764,54.0917],[71.2974,54.1827],[71.4904,54.1566],[71.4899,54.0971],[71.6118,54.1145],[71.7227,54.1038],[71.7555,54.2522],[72.0617,54.2005],[72.1008,54.1459],[72.1743,54.1223],[72.2197,54.1753],[72.0975,54.2148],[72.1347,54.2965],[72.0126,54.3693],[72.20079,54.353394],[72.2828,54.3108],[72.3092,54.1892],[72.4406,54.1455],[72.3789,54.1054],[72.4331,54.0447],[72.3752,53.9462],[72.49327,53.903469],[72.556,53.9797],[72.6931,53.9554],[72.6744,54.0449],[72.5309,54.043],[72.5602,54.1164],[72.608793,54.136841],[72.994581,54.098412],[73.059681,54.04015],[73.066968,53.985537],[73.3,53.9431],[73.5104,53.9378],[73.518798,54.00325],[73.609624,54.008405],[73.657973,54.046379],[73.767879,54.053821],[73.697,53.8609],[73.4609,53.876],[73.4482,53.8077],[73.3427,53.7881],[73.3273,53.6801],[73.2488,53.5649],[73.3986,53.5176],[73.3705,53.4642],[73.44547,53.43703],[73.6476,53.5557],[73.6686,53.6082],[73.8204,53.5827],[73.9078,53.6502],[74.0685,53.6307],[74.2889,53.5593],[74.3007,53.4885],[74.3945,53.4603],[74.4821,53.5622],[74.4258,53.5943],[74.4653,53.6888],[74.6335,53.669],[74.6737,53.7553],[74.7632,53.7437],[74.7946,53.8245],[74.9997,53.823],[75.056497,53.797823],[75.4464,54.0002],[75.3784,54.0695],[75.5318,54.1157],[75.6034,54.0991],[75.688494,54.123289],[75.691058,54.546033],[75.804033,54.540152],[75.851846,54.607591],[75.824601,54.666402],[75.685977,54.704694],[75.638859,54.81005],[75.545463,54.816804],[75.490561,54.884357],[75.332079,54.911162],[75.38183,54.990724],[75.36846,55.067782],[75.251974,55.150169],[75.275133,55.242491],[75.177661,55.352461],[75.091515,55.376632],[75.162293,55.44713],[75.321648,55.497983],[75.140769,55.583898],[75.245422,55.638263],[75.115461,55.685977],[75.104415,55.756425],[75.230193,55.730906],[75.369374,55.740665],[75.346748,55.800068],[75.262427,55.844122],[75.531388,56.008839],[75.653412,56.036933],[75.731579,56.112635],[75.959545,56.115103],[76.014015,56.163677],[76.162633,56.131939],[76.306639,56.157246],[76.170564,56.281305],[76.081243,56.325375],[76.055935,56.416088],[75.982405,56.464787],[75.901785,56.414096],[75.83133,56.417848],[75.855155,56.496727],[75.962049,56.507491],[76.038233,56.61783],[76.104664,56.610673],[76.289127,56.696968],[76.260543,56.884586],[76.195032,56.943321],[76.095015,57.235533],[75.965411,57.393694],[75.848267,57.3858],[75.704124,57.624997],[75.550039,57.625218],[75.576082,57.878807],[75.565762,57.934585],[75.071473,58.116793],[75.242489,58.202615],[75.056664,58.339153],[75.376835,58.454101],[75.108237,58.576245]]]]}},{"type":"Feature","properties":{"id":"r65","name":"Республика Коми","sourceName":"Республика Коми","disputed":false},"geometry":{"type":"MultiPolygon","coordinates":[[[[48.999789,66.113264],[49.03605,65.43562],[49.055647,65.22477],[49.636629,65.289107],[49.762888,65.176504],[50.245634,64.82851],[50.498827,64.791727],[50.360683,64.510388],[49.912503,64.557875],[49.552407,64.575831],[49.483163,64.425058],[48.961064,64.477553],[48.88379,64.326694],[48.52447,64.355617],[48.464726,64.204326],[48.196509,64.2266],[48.16144,64.345249],[47.344534,64.35439],[46.630221,64.316901],[46.321081,64.247987],[45.852006,64.278031],[45.714043,64.257442],[45.39935,64.174918],[45.594518,64.056964],[45.943394,63.956627],[46.151162,63.94385],[46.499691,63.864584],[46.809881,63.756648],[47.017316,63.577728],[47.011967,63.517972],[46.939262,63.453551],[46.942724,63.34941],[47.051019,63.253906],[47.16017,63.245445],[47.39005,63.156332],[47.570357,63.144764],[47.530814,63.049948],[47.409062,62.964802],[47.060895,62.826287],[47.245359,62.638732],[47.231909,62.337187],[47.402889,62.334427],[47.389083,62.181409],[47.642617,62.175714],[47.659359,62.328386],[48.322901,62.307153],[48.298019,62.476922],[48.255704,62.506109],[48.352231,62.733736],[48.681413,62.702136],[48.741332,62.8517],[49.640796,62.76916],[49.537706,62.539805],[49.374007,62.132736],[49.227262,62.1022],[49.043737,61.649069],[49.502104,61.605036],[49.321827,61.152372],[49.126753,61.17223],[48.957936,61.104959],[48.92158,61.136045],[48.474967,61.022139],[48.419677,60.837206],[48.560666,60.551513],[48.496802,60.517251],[48.555107,60.458759],[48.530512,60.400429],[48.676327,60.390446],[48.785465,60.354924],[48.769603,60.316144],[48.492226,60.195156],[48.472056,60.13227],[48.499928,60.021452],[48.523224,59.706844],[49.101547,59.661699],[49.039664,59.482398],[49.151193,59.507078],[49.216094,59.47503],[49.347335,59.465417],[49.344454,59.409331],[49.568798,59.392349],[49.519772,59.216079],[49.725497,59.198212],[49.815425,59.210155],[49.866896,59.360181],[49.870036,59.477682],[49.798092,59.484999],[49.859414,59.655265],[50.084931,59.680315],[49.982241,59.723801],[49.988744,59.778361],[50.268901,59.7488],[50.288832,59.805536],[50.735837,59.870694],[50.831023,59.863324],[51.047665,60.031904],[51.179065,60.048892],[51.390272,59.994091],[51.467194,59.915573],[51.551321,59.941533],[51.766358,60.085865],[51.859139,60.187993],[51.973869,60.279334],[52.065457,60.308487],[52.317282,60.227188],[52.368736,60.358377],[52.348937,60.438315],[52.12267,60.464806],[52.152814,60.541242],[51.771541,60.579912],[51.893792,60.8817],[52.360943,60.829175],[52.431433,60.976416],[52.806464,60.937746],[52.870558,61.09062],[53.413843,61.032158],[53.352946,60.882025],[53.826351,60.835202],[53.87597,60.982831],[54.976851,60.859908],[55.05005,61.009161],[55.19996,60.991563],[55.272479,61.146023],[55.730554,61.09171],[55.813087,61.246778],[56.274501,61.191858],[56.37827,61.443122],[56.56634,61.418999],[56.653124,61.5243],[57.080551,61.475297],[57.092687,61.50185],[57.922196,61.498826],[58.843882,61.495045],[58.918948,61.531536],[59.048309,61.536394],[59.148321,61.629707],[59.236325,61.62637],[59.348463,61.66377],[59.418551,61.753706],[59.327818,61.783702],[59.327587,61.842219],[59.486699,61.946069],[59.400125,62.157112],[59.612653,62.366442],[59.625152,62.54457],[59.442619,62.565955],[59.391679,62.73744],[59.434096,62.779641],[59.448193,62.918013],[59.325204,62.942026],[59.203794,63.027597],[59.288405,63.184708],[59.366262,63.266174],[59.313,63.390018],[59.377966,63.422055],[59.478645,63.572225],[59.473707,63.638534],[59.533165,63.714067],[59.561302,63.908559],[59.756326,63.985473],[59.836947,64.087144],[59.55983,64.247737],[59.653717,64.376185],[59.651175,64.433148],[59.507163,64.490439],[59.655024,64.65706],[59.626861,64.803015],[59.675885,64.801337],[59.812292,64.910195],[60.001153,64.939918],[60.033904,65.028322],[60.203559,65.076943],[60.417476,65.066288],[60.434454,65.00674],[60.609563,64.920501],[60.72944,64.925505],[60.807062,65.024702],[60.948215,65.014577],[61.076999,65.082361],[61.137374,65.174495],[61.27206,65.16841],[61.364851,65.2496],[61.285108,65.31284],[61.417349,65.386495],[61.47539,65.454127],[61.626756,65.561903],[62.000444,65.717736],[62.468907,65.823102],[62.496709,65.847722],[62.799675,65.857698],[62.775354,65.902371],[62.904052,65.965107],[62.831275,65.997422],[62.869189,66.064291],[63.138085,66.256855],[63.234032,66.30107],[63.308081,66.391106],[63.447751,66.468432],[63.802101,66.531855],[63.993179,66.639145],[64.261545,66.645425],[64.395068,66.72215],[64.496341,66.719664],[64.553329,66.796648],[64.877128,66.834849],[65.139159,66.907727],[65.081882,67.039277],[65.244684,67.09368],[65.18091,67.142545],[65.318911,67.203139],[65.426237,67.209387],[65.665897,67.32427],[65.698554,67.380796],[66.010179,67.409108],[66.093311,67.495058],[66.048175,67.580506],[65.822687,67.538601],[65.845715,67.667578],[66.220695,67.684884],[66.226747,67.753885],[66.021731,67.809888],[66.133509,67.914682],[65.920661,67.96083],[65.766259,67.921182],[65.5432,67.932502],[65.432183,67.90966],[65.319394,68.016118],[65.352139,68.107793],[65.288958,68.153982],[65.274676,68.234566],[65.364489,68.282158],[65.472578,68.417891],[65.300372,68.394449],[64.815797,68.409971],[64.580261,68.357235],[64.581889,68.200339],[64.448513,68.199108],[64.300616,68.112395],[63.866319,68.032518],[63.947447,67.944923],[63.92128,67.844874],[63.799436,67.828345],[63.607106,67.732291],[63.425642,67.768995],[63.30384,67.71355],[63.144213,67.691409],[63.119175,67.647476],[62.943157,67.605156],[62.880358,67.52098],[62.916956,67.445954],[62.863958,67.369734],[62.753512,67.350323],[62.150142,67.19611],[61.729305,67.09571],[61.644406,67.003309],[61.454837,66.981705],[61.320787,67.000614],[59.9735,67.000443],[58.83629,67.000428],[57.705899,67.000413],[57.068064,67.000404],[55.887852,67.000388],[54.92893,67.000375],[53.874727,67.000361],[52.14922,67.099397],[51.843661,66.990722],[51.831827,66.945829],[51.545692,66.880407],[51.488714,66.834436],[51.545125,66.773977],[49.779813,66.321395],[48.999789,66.113264]]]]}},{"type":"Feature","properties":{"id":"r66","name":"Чеченская Республика","sourceName":"Чеченская республика","disputed":false},"geometry":{"type":"MultiPolygon","coordinates":[[[[44.83243,43.681956],[44.847608,43.56497],[44.874142,43.534042],[45.066798,43.508619],[45.14014,43.400318],[45.104046,43.322612],[45.149602,43.149519],[45.189526,43.137981],[45.183265,43.008968],[45.242798,42.890254],[45.169194,42.82898],[45.086794,42.712221],[45.158036,42.708165],[45.353145,42.522086],[45.417998,42.551894],[45.493319,42.534989],[45.571877,42.548841],[45.613604,42.505861],[45.772822,42.489153],[46.035407,42.617963],[46.013165,42.676742],[46.170155,42.731878],[46.120655,42.81539],[46.207711,42.889889],[46.334936,42.894072],[46.391426,42.854105],[46.531259,42.923288],[46.491927,42.950445],[46.524032,43.041767],[46.434699,43.084893],[46.385467,43.148154],[46.422286,43.298322],[46.367483,43.341315],[46.325255,43.451031],[46.411179,43.509929],[46.455128,43.663141],[46.548666,43.75443],[46.655132,43.793539],[46.58572,43.872391],[46.445518,43.878376],[46.461035,43.931487],[46.437555,44.002992],[46.320363,44.009813],[46.358893,43.94386],[46.252002,43.944929],[46.215883,43.859209],[46.094878,43.861081],[46.071198,43.930546],[45.712798,43.96295],[45.487471,44.010095],[45.441289,44.009733],[45.437874,43.875638],[45.200171,43.876309],[45.201686,43.956407],[45.054674,43.958372],[45.063143,43.718963],[45.014124,43.726894],[44.883397,43.65829],[44.83243,43.681956]]]]}},{"type":"Feature","properties":{"id":"r67","name":"Кабардино-Балкарская Республика","sourceName":"Кабардино-Балкарская республика","disputed":false},"geometry":{"type":"MultiPolygon","coordinates":[[[[42.678289,43.809695],[42.681373,43.716046],[42.60262,43.656208],[42.456074,43.621092],[42.474425,43.529916],[42.403016,43.392464],[42.414023,43.256817],[42.45718,43.213178],[42.664413,43.140186],[42.684621,43.174604],[42.859797,43.178898],[42.989695,43.118912],[43.050805,43.018928],[43.11382,43.000414],[43.18487,42.938667],[43.398487,42.896923],[43.4291,42.955619],[43.572302,42.943093],[43.622618,43.01069],[43.652037,43.101212],[43.703382,43.131198],[43.750206,43.221695],[43.829874,43.323265],[43.861798,43.264182],[43.940236,43.286538],[44.098232,43.26719],[44.037769,43.352206],[44.146346,43.437676],[44.17493,43.3486],[44.333482,43.444053],[44.412997,43.452857],[44.474986,43.58225],[44.43545,43.605894],[44.429341,43.685154],[44.302567,43.688174],[44.267364,43.746333],[44.291438,43.810387],[44.270705,43.917312],[44.14435,43.928323],[44.143736,43.970477],[43.9874,43.969701],[43.920306,44.018403],[43.770114,43.926558],[43.743437,43.821234],[43.47387,43.86562],[43.411715,43.858126],[43.317604,43.799546],[43.224112,43.958254],[43.147482,43.958934],[43.147711,43.895076],[42.970441,43.897344],[42.865714,43.867429],[42.854704,43.801896],[42.678289,43.809695]]]]}},{"type":"Feature","properties":{"id":"r68","name":"Саратовская область","sourceName":"Саратовская область","disputed":false},"geometry":{"type":"MultiPolygon","coordinates":[[[[43.039706,52.370635],[42.941326,52.3358],[42.888997,52.213045],[42.790335,52.183798],[42.761829,52.082103],[42.797904,52.024283],[42.72749,52.006383],[42.712606,51.88562],[42.649988,51.790984],[42.523268,51.721259],[42.520795,51.596072],[42.568272,51.538178],[42.752124,51.494893],[42.834455,51.391738],[42.858106,51.316673],[42.947337,51.26722],[42.880894,51.233025],[43.182935,51.113982],[43.357075,50.998832],[43.561489,51.060632],[43.652666,51.053429],[43.694087,51.108361],[43.848525,51.099921],[43.916286,51.160594],[44.019169,51.159132],[44.058569,51.102738],[44.184978,51.093284],[44.210865,51.18176],[44.423273,51.179174],[44.499365,51.205177],[44.571332,51.123383],[44.643897,51.178614],[44.789676,51.148431],[44.863315,51.170724],[44.939155,51.106577],[44.993972,51.146763],[45.074757,51.087625],[45.188598,51.044445],[45.203797,50.967902],[45.326157,50.860856],[45.27866,50.718574],[45.206509,50.662741],[45.192553,50.585635],[45.385037,50.589915],[45.402934,50.613329],[45.553433,50.586653],[45.705741,50.582496],[45.678601,50.667025],[45.744223,50.757302],[45.893032,50.749988],[46.034078,50.665117],[46.06719,50.531507],[46.278413,50.527697],[46.345208,50.555483],[46.454607,50.556361],[46.45836,50.617155],[46.56871,50.61463],[46.56808,50.690451],[46.727447,50.703916],[46.775424,50.642726],[46.856582,50.641039],[46.870769,50.523747],[46.911452,50.489874],[47.038152,50.509679],[47.205309,50.509006],[47.204637,50.430211],[47.272176,50.379065],[47.430817,50.376814],[47.5337,50.4575],[47.582,50.466],[47.662,50.4097],[47.8303,50.33],[48.05,50.1174],[48.0958,50.099],[48.1339,50],[48.2319,49.8971],[48.3566,49.8308],[48.451,49.8349],[48.7485,49.9227],[48.9016,50.0228],[48.827,50.0988],[48.8084,50.1684],[48.7315,50.2542],[48.644,50.5221],[48.651,50.6068],[48.8295,50.5968],[49.0094,50.6863],[49.1213,50.788],[49.2716,50.8289],[49.4198,50.8517],[49.438,50.9032],[49.3972,50.9728],[49.3888,51.094],[49.5523,51.1141],[49.7809,51.1113],[49.8989,51.1925],[50.0478,51.2558],[50.2507,51.2859],[50.3718,51.3407],[50.3382,51.3819],[50.4971,51.4312],[50.5498,51.4782],[50.5401,51.5896],[50.5886,51.6447],[50.7289,51.6306],[50.8169,51.647],[50.763,51.7287],[50.768482,51.773511],[50.701438,51.819657],[50.70172,51.932973],[50.520058,51.993772],[50.352399,51.981541],[50.215367,52.036168],[50.159593,52.090682],[49.985816,52.171653],[49.798156,52.172336],[49.733409,52.272851],[49.65935,52.282221],[49.637919,52.34005],[49.520202,52.395764],[49.507461,52.322905],[49.450203,52.320162],[49.434658,52.39862],[49.310256,52.400847],[49.320768,52.45359],[49.258082,52.496366],[49.17145,52.49976],[48.91233,52.468457],[48.834615,52.541915],[48.7272,52.542621],[48.693213,52.639141],[48.574395,52.627327],[48.515914,52.67827],[48.349461,52.662993],[48.375575,52.768162],[48.428632,52.814407],[48.19549,52.769032],[48.115787,52.794915],[48.042756,52.678249],[47.933741,52.646579],[47.897102,52.724596],[47.812411,52.736339],[47.722415,52.570621],[47.679419,52.597673],[47.540305,52.610497],[47.442631,52.563272],[47.380715,52.57369],[47.20611,52.547227],[47.148724,52.5824],[47.006543,52.574224],[46.932318,52.620723],[46.801859,52.621141],[46.743722,52.611189],[46.571619,52.702207],[46.489002,52.681361],[46.325899,52.680843],[46.268342,52.610239],[46.166902,52.607934],[46.140302,52.549581],[46.004107,52.510991],[46.012701,52.454175],[45.961039,52.396793],[45.794148,52.41629],[45.732676,52.45693],[45.62145,52.477667],[45.524668,52.459737],[45.352976,52.396469],[45.267626,52.390862],[45.148294,52.418508],[45.061078,52.36153],[44.892952,52.356528],[44.853116,52.447721],[44.682972,52.463814],[44.507483,52.523551],[44.535785,52.450395],[44.401212,52.429344],[44.314552,52.306192],[44.156717,52.306612],[44.028928,52.330323],[43.891909,52.405085],[43.747019,52.432056],[43.669829,52.393654],[43.56725,52.407008],[43.488266,52.379427],[43.336238,52.373748],[43.283355,52.440201],[43.142162,52.438962],[43.117153,52.37877],[43.039706,52.370635]]]]}},{"type":"Feature","properties":{"id":"r69","name":"Калининградская область","sourceName":"Калининградская область","disputed":false},"geometry":{"type":"MultiPolygon","coordinates":[[[[20.953488,55.281096],[20.68016,55.05776],[20.54931,54.98768],[20.36994,54.93758],[20.27117,54.96303],[19.946906,54.928675],[19.92669,54.86852],[19.96524,54.78562],[19.93908,54.71803],[19.84456,54.60343],[19.651013,54.453089],[20.819355,54.359768],[21.00662,54.353611],[21.274325,54.328393],[21.495703,54.324015],[22.318666,54.340537],[22.792047,54.36332],[22.701062,54.453663],[22.680587,54.53379],[22.756186,54.654007],[22.743629,54.731513],[22.873647,54.788933],[22.855236,54.887883],[22.643714,54.982383],[22.589128,55.070525],[22.476537,55.044671],[22.291899,55.064898],[22.162123,55.055656],[22.117148,55.026738],[21.71752,55.136201],[21.653781,55.179283],[21.505347,55.185822],[21.383565,55.294581],[21.271322,55.245223],[20.953488,55.281096]]]]}},{"type":"Feature","properties":{"id":"r70","name":"Орловская область","sourceName":"Орловская область","disputed":false},"geometry":{"type":"MultiPolygon","coordinates":[[[[35.141099,53.279123],[35.10567,53.227345],[35.121884,53.15423],[35.269924,53.108502],[35.240067,52.994564],[35.052545,52.966675],[34.875969,52.916812],[34.825726,52.865741],[34.861173,52.808901],[34.925741,52.800581],[35.015803,52.709161],[35.02522,52.610608],[34.991555,52.50716],[34.922607,52.512414],[34.854596,52.451538],[34.848439,52.398047],[34.924193,52.369988],[35.083484,52.334013],[35.193696,52.347066],[35.282666,52.389463],[35.40203,52.374298],[35.431434,52.426658],[35.606443,52.437365],[35.595295,52.384266],[35.66483,52.33468],[35.645443,52.250453],[35.814661,52.301282],[35.951507,52.278092],[36.003516,52.310459],[36.189105,52.328057],[36.298401,52.381697],[36.41636,52.345507],[36.496133,52.232407],[36.64018,52.184415],[36.772347,52.161246],[36.792174,52.127743],[37.074764,52.07417],[37.329548,52.008185],[37.424947,51.934378],[37.507934,52.016485],[37.710247,51.970256],[37.738268,52.01703],[37.839406,52.20895],[37.984032,52.252771],[38.057294,52.297414],[37.928458,52.403076],[37.930833,52.472308],[37.789985,52.497305],[37.820162,52.528973],[37.775183,52.58957],[37.824277,52.632034],[37.810331,52.708182],[37.891259,52.740489],[37.884592,52.814333],[37.842658,52.868786],[37.866469,53.012217],[37.824341,53.086377],[37.730973,53.127954],[37.648876,53.096258],[37.572872,53.188019],[37.590463,53.278939],[37.475918,53.264215],[37.439863,53.29431],[37.158125,53.258045],[37.094112,53.286224],[36.784136,53.295815],[36.635626,53.420219],[36.573274,53.377057],[36.32032,53.473698],[36.296466,53.549973],[36.173945,53.539393],[36.060734,53.573425],[35.991189,53.626273],[35.925304,53.652394],[35.822518,53.587647],[35.794964,53.52476],[35.623268,53.523857],[35.463722,53.418108],[35.384099,53.397562],[35.383564,53.337393],[35.247443,53.319465],[35.141099,53.279123]]]]}},{"type":"Feature","properties":{"id":"r71","name":"Республика Карелия","sourceName":"Республика Карелия","disputed":false},"geometry":{"type":"MultiPolygon","coordinates":[[[[36.66163,64.09065],[36.69323,64.10163],[36.68317,64.11853],[36.66163,64.09065]]],[[[36.647,64.2001],[36.63942,64.24075],[36.5831,64.23984],[36.647,64.2001]]],[[[36.45351,64.22222],[36.4556,64.20836],[36.49585,64.21289],[36.50288,64.21976],[36.45351,64.22222]]],[[[36.41514,64.33527],[36.4648,64.32642],[36.45886,64.33552],[36.42408,64.34069],[36.41514,64.33527]]],[[[36.50387,64.28094],[36.48877,64.29666],[36.44378,64.29517],[36.42762,64.28377],[36.50387,64.28094]]],[[[36.10506,64.38108],[36.14905,64.37297],[36.12746,64.38572],[36.10506,64.38108]]],[[[35.43646,64.39448],[35.46102,64.39151],[35.46575,64.40474],[35.43646,64.39448]]],[[[35.72999,64.37869],[35.76306,64.38127],[35.74099,64.39422],[35.71064,64.39223],[35.72999,64.37869]]],[[[35.52888,64.40289],[35.5671,64.39404],[35.58413,64.41166],[35.52888,64.40289]]],[[[36.12996,64.33498],[36.12019,64.34774],[36.09618,64.33903],[36.12996,64.33498]]],[[[36,64.335937],[35.92471,64.39759],[35.8658,64.37725],[35.92816,64.31894],[36,64.335937]]],[[[29.305928,61.329293],[29.367141,61.277887],[29.563615,61.224882],[29.564198,61.183669],[29.854803,61.172328],[29.996847,61.147145],[30.384933,61.120144],[31.517454,60.921182],[32.09427,60.817666],[32.915654,60.679797],[32.923099,60.710952],[33.157684,60.739337],[33.179558,60.820888],[33.330695,60.899418],[33.466504,60.927591],[33.421693,60.983135],[33.542432,61.004323],[33.607877,60.958575],[33.785424,60.93703],[33.920413,61.089233],[33.738691,61.130023],[33.59135,61.063795],[33.471532,61.130554],[33.550967,61.21201],[33.667677,61.23243],[34.241961,61.237309],[34.333923,61.220559],[34.421774,61.145192],[34.545519,61.274948],[34.794331,61.289675],[35.084506,61.23741],[35.297757,61.252311],[35.416332,61.142716],[35.697879,61.207401],[36.459932,61.407254],[36.584329,61.53946],[36.695913,61.560066],[36.883783,61.56252],[37.029972,61.614232],[37.170795,61.557221],[37.29236,61.550556],[37.30461,61.510119],[37.467147,61.511015],[37.705644,61.539714],[37.81674,61.529811],[37.759843,61.615429],[37.85945,61.755579],[37.934746,61.909282],[37.943999,61.972526],[37.836783,61.98254],[37.773086,62.138087],[37.701812,62.212684],[37.452738,62.215169],[37.476446,62.26954],[37.596416,62.357571],[37.635381,62.477396],[37.577011,62.499195],[37.548008,62.622088],[37.368941,62.677886],[37.070641,62.648683],[36.821712,62.69601],[36.528467,62.793114],[36.487951,62.838889],[36.258139,63.01153],[36.307068,63.15076],[36.245765,63.211511],[36.261894,63.280401],[36.192072,63.425609],[36.029888,63.465428],[35.892773,63.576226],[35.93535,63.605399],[36.455216,63.626485],[36.590395,63.748201],[36.558627,63.794795],[36.553041,63.952169],[36.24853,64.00599],[36.26191,64.05305],[36.17209,64.09319],[36.09896,64.19844],[36.01777,64.18914],[35.90107,64.23527],[35.90797,64.30091],[35.74508,64.34629],[35.51922,64.32974],[35.41118,64.28843],[35.32185,64.30499],[35.32849,64.39751],[35.13218,64.3941],[35.00201,64.44556],[34.98803,64.52225],[34.86435,64.49445],[34.85904,64.56461],[34.99689,64.61909],[34.86053,64.67356],[34.90463,64.71471],[35.0465,64.73967],[34.96008,64.77001],[34.95936,64.86749],[34.71145,64.9611],[34.80359,64.99814],[34.79648,65.07675],[34.71031,65.09439],[34.61757,65.22561],[34.46792,65.28649],[34.42303,65.3492],[34.58044,65.4204],[34.6477,65.48387],[34.76446,65.5263],[34.79617,65.57939],[34.74421,65.6754],[34.96878,65.69211],[35.0531,65.74574],[34.73135,65.90984],[34.69867,65.98335],[34.51168,66.07993],[34.38552,66.1118],[34.10982,66.22655],[33.86251,66.23911],[33.91289,66.28255],[33.80492,66.3417],[33.59801,66.31298],[33.62284,66.36555],[33.54076,66.40024],[33.6089,66.47401],[33.12542,66.52168],[33.146063,66.554993],[32.865577,66.583263],[32.557279,66.576101],[32.548149,66.479487],[32.360389,66.475171],[32.342661,66.345393],[31.936984,66.351047],[31.83003,66.371375],[31.791938,66.495233],[31.621161,66.502378],[31.575857,66.654003],[30.639788,66.658435],[29.322073,66.662859],[29.472675,66.543448],[29.709818,66.268139],[29.923935,66.126249],[29.997496,65.978578],[30.068611,65.895381],[30.138463,65.668687],[30.017092,65.696527],[29.722582,65.636831],[29.864331,65.560209],[29.733681,65.472201],[29.74717,65.347239],[29.602179,65.259977],[29.893525,65.192955],[29.735422,65.091646],[29.625074,65.06191],[29.599663,64.994514],[29.647035,64.867447],[29.739663,64.789755],[30.043385,64.79223],[30.054709,64.712355],[30.136573,64.648883],[29.989621,64.587631],[29.987039,64.533619],[30.059068,64.451039],[30.045383,64.401775],[30.483432,64.261639],[30.466911,64.204338],[30.553811,64.131983],[30.528247,64.04911],[30.32251,63.909877],[30.260859,63.822138],[29.971745,63.75705],[30.245716,63.606968],[30.38562,63.54578],[30.484325,63.467039],[30.789711,63.405088],[30.933044,63.355921],[30.979874,63.307818],[31.241646,63.216642],[31.265855,63.115467],[31.462523,63.024219],[31.586855,62.908527],[31.439061,62.785375],[31.347378,62.643784],[31.221835,62.498295],[31.138311,62.442084],[30.602068,62.141349],[30.423175,62.022371],[30.070922,61.817965],[30.038728,61.765001],[29.818549,61.654928],[29.740299,61.573704],[29.502772,61.461093],[29.305928,61.329293]]],[[[35.08159,64.44036],[35.08651,64.42725],[35.11856,64.436],[35.08159,64.44036]]],[[[35.00201,64.44556],[35.02344,64.43887],[35.02612,64.43909],[35.00201,64.44556]]],[[[35.66279,64.61229],[35.64771,64.63496],[35.62586,64.62498],[35.66279,64.61229]]],[[[35.561498,64.6875],[35.50415,64.67968],[35.5687,64.65759],[35.59983,64.67087],[35.561498,64.6875]]],[[[34.980469,64.708868],[34.97235,64.69988],[34.99982,64.69951],[34.980469,64.708868]]],[[[35.0465,64.73967],[35.09766,64.74306],[35.09993,64.75684],[35.0465,64.73967]]],[[[35.09451,64.826],[35.10217,64.81642],[35.12983,64.82447],[35.09451,64.826]]],[[[35.00032,64.81962],[35.04517,64.82105],[34.99206,64.82971],[35.00032,64.81962]]],[[[35.21121,64.93407],[35.21643,64.92055],[35.23939,64.94285],[35.21121,64.93407]]],[[[35.0327,64.97012],[35.00163,64.97463],[34.93532,64.94302],[34.9566,64.9288],[35.0327,64.97012]]],[[[35.10098,64.92823],[35.191424,64.931391],[35.17289,64.95612],[35.10098,64.92823]]],[[[35.02168,65.03218],[35.0271,65.01982],[35.04729,65.03464],[35.02168,65.03218]]],[[[34.86234,65.04755],[34.91446,65.04792],[34.88946,65.05412],[34.86234,65.04755]]],[[[35.0327,64.97012],[35.08242,64.98043],[35.02526,64.99145],[35.0327,64.97012]]]]}},{"type":"Feature","properties":{"id":"r72","name":"Иркутская область","sourceName":"Иркутская область","disputed":false},"geometry":{"type":"MultiPolygon","coordinates":[[[[108.085664,64.246468],[108.246822,64.250218],[108.364787,64.103807],[108.385109,64.046349],[108.214171,64.010304],[107.91115,63.998119],[107.769202,64.020085],[107.631215,63.981369],[107.565638,63.897369],[107.377132,63.936817],[107.307045,63.977563],[107.165218,63.968644],[107.089406,63.927],[106.807366,64.018026],[106.624071,64.008376],[106.645377,63.958855],[106.792636,63.881165],[106.69859,63.825001],[106.602442,63.722726],[106.686944,63.667414],[106.658126,63.627194],[106.471391,63.542362],[106.583515,63.497881],[106.594643,63.454353],[106.72663,63.40971],[106.657853,63.325542],[106.520189,63.322564],[106.44762,63.360785],[106.355847,63.301955],[106.344485,63.245063],[106.396808,63.125686],[106.184922,63.085993],[106.130644,63.037512],[106.192995,62.920967],[106.382422,62.880641],[106.512518,62.791116],[106.472495,62.697612],[106.773111,62.638657],[106.672482,62.556457],[106.728355,62.494846],[106.626944,62.462393],[106.483176,62.34107],[106.3487,62.28343],[106.455594,62.234367],[106.3957,62.042693],[106.249382,62.012443],[106.111178,61.957391],[105.899614,61.844031],[105.973387,61.713598],[105.841793,61.661362],[105.712403,61.662096],[105.319176,61.515602],[105.283294,61.425124],[105.156108,61.424142],[104.910016,61.395402],[104.864946,61.336101],[104.950299,61.316054],[105.022354,61.197355],[104.856982,61.191937],[104.690556,61.086311],[104.626259,61.079141],[104.623214,60.988873],[104.581359,60.936311],[104.6092,60.885441],[104.468419,60.850633],[104.50987,60.78285],[104.609339,60.724322],[104.503669,60.61562],[104.560996,60.552497],[104.644574,60.518049],[104.656759,60.406016],[104.795135,60.373956],[104.903699,60.299521],[105.079236,60.301824],[105.216103,60.276489],[105.343879,60.293087],[105.464623,60.252154],[105.422475,60.15293],[105.504517,60.000523],[105.409822,59.947871],[105.432799,59.857575],[105.379827,59.840989],[105.179557,59.865826],[105.02328,59.843555],[105.025709,59.779466],[104.861704,59.755578],[104.762143,59.684813],[104.842341,59.606501],[104.857115,59.549555],[104.993789,59.460772],[105.194948,59.476901],[105.214896,59.26885],[105.304037,59.245387],[105.368066,59.118101],[105.301725,59.075561],[105.135744,59.061288],[105.054788,58.996004],[104.920861,58.9587],[104.836726,58.901237],[104.754618,58.807188],[104.894032,58.744527],[104.804707,58.674798],[104.746754,58.676301],[104.590876,58.623504],[104.467538,58.608789],[104.257158,58.715693],[104.212756,58.755292],[104.07048,58.787199],[103.965114,58.770761],[103.977297,58.846605],[103.899953,58.921479],[103.781722,58.908954],[103.630515,58.922413],[103.564626,58.998519],[103.392745,59.029943],[103.324786,59.121472],[103.244019,59.16865],[103.217734,59.237867],[103.018591,59.31841],[102.939373,59.29874],[102.831598,59.205006],[102.497896,59.186055],[102.402553,59.083479],[102.491842,59.010768],[102.449866,58.939753],[102.558039,58.864971],[102.565799,58.740148],[102.43506,58.670759],[102.361201,58.660025],[102.27234,58.55896],[102.103653,58.489791],[101.805524,58.455298],[101.683149,58.397113],[101.68143,58.36107],[101.498147,58.229704],[101.363814,58.232678],[101.200103,58.129044],[101.106576,58.101445],[101.166866,58.044212],[101.02328,57.88148],[100.852007,57.855177],[100.873023,57.736424],[100.813734,57.665043],[100.847663,57.606073],[100.948439,57.569257],[100.97034,57.483276],[100.856577,57.463785],[100.785697,57.407934],[100.681985,57.456311],[100.515623,57.493958],[100.322777,57.684373],[100.375006,57.728841],[100.147703,57.870586],[100.080626,57.945216],[100.090969,58.068641],[99.942573,58.082863],[99.826649,58.068316],[99.681723,58.082698],[99.648951,58.026031],[99.433516,57.78925],[99.346934,57.798072],[99.204509,57.76101],[99.086604,57.778079],[98.965691,57.726323],[98.848295,57.72796],[98.747524,57.797018],[98.591332,57.783599],[97.9532,57.828574],[97.34397,57.032281],[97.501003,56.988336],[97.676532,56.95965],[97.63156,56.907463],[97.47862,56.883111],[97.528941,56.790406],[97.669615,56.805594],[97.802869,56.774852],[97.758067,56.702384],[97.779681,56.591282],[97.741605,56.547458],[97.879933,56.534101],[97.879988,56.375359],[97.557019,56.376301],[97.574179,56.187314],[97.471782,56.194531],[97.359519,56.03207],[97.301181,56.074375],[97.131942,56.112529],[97.063652,56.004181],[96.990726,56.003892],[96.990024,55.851758],[96.844137,55.839301],[96.786108,55.78958],[96.751024,55.662538],[96.854371,55.599766],[96.810292,55.569201],[96.847501,55.431695],[96.943629,55.321854],[96.927883,55.301909],[96.678578,55.25414],[96.685306,55.082735],[96.593417,55.030175],[96.691689,54.946426],[96.710014,54.869358],[96.566126,54.690612],[96.580866,54.626644],[96.538823,54.529775],[96.486433,54.515854],[96.338091,54.55553],[96.210108,54.5365],[96.064756,54.574173],[95.904026,54.389473],[95.846173,54.422233],[95.752729,54.422432],[95.647701,54.299588],[95.684428,54.237435],[95.802983,54.227496],[95.997764,54.080847],[96.073598,54.08123],[96.07278,53.985312],[96.187094,53.907754],[96.385146,53.799177],[96.483179,53.693692],[96.689007,53.645835],[96.734819,53.724722],[96.88758,53.73011],[97.022052,53.648817],[97.297731,53.57986],[97.389376,53.544146],[97.456561,53.455465],[97.602759,53.425895],[97.58953,53.376688],[97.866066,53.346704],[97.96027,53.300753],[98.002828,53.249523],[98.142315,53.23677],[98.31543,53.186354],[98.31211,53.094827],[98.637103,53.101222],[98.667312,53.140974],[98.879942,53.125744],[98.927803,53.153476],[99.014152,53.102184],[98.999776,53.027406],[99.230567,52.963186],[99.369922,53.034086],[99.372187,53.101895],[99.530766,53.105663],[99.716792,53.149556],[99.871363,53.228474],[99.851758,53.286982],[99.977837,53.326257],[100.090411,53.304125],[100.123869,53.342594],[100.265894,53.372066],[100.331765,53.288921],[100.421104,53.249162],[100.407308,53.194145],[100.344661,53.17038],[100.377597,53.104531],[100.539923,53.036178],[100.599521,52.95031],[100.81369,52.864509],[100.91058,52.783194],[101.053911,52.764134],[101.127042,52.714552],[101.214722,52.698883],[101.278001,52.6513],[101.416426,52.632261],[101.457069,52.5704],[101.56973,52.505183],[101.677511,52.475645],[101.691714,52.416919],[101.926164,52.317848],[101.926968,52.220832],[102.008523,52.21201],[102.153423,52.282259],[102.301198,52.229981],[102.393482,52.263629],[102.515452,52.234572],[102.67046,52.060686],[102.764301,51.994902],[102.858141,51.968611],[102.926365,51.912237],[103.059328,51.90225],[103.077015,51.856441],[103.226932,51.80512],[103.179308,51.722303],[103.181311,51.619315],[103.237511,51.570173],[103.241083,51.506176],[103.338496,51.446557],[103.538632,51.470984],[103.586472,51.490601],[103.800815,51.434838],[103.810084,51.130227],[103.919139,51.151402],[104.038335,51.220758],[104.149776,51.242453],[104.196914,51.284058],[104.360285,51.277501],[104.487061,51.321742],[104.561907,51.286236],[104.672738,51.337817],[104.587705,51.622183],[104.601498,51.631356],[105.004265,51.688857],[105.308535,51.748854],[105.602595,51.851716],[105.773819,51.956291],[106.172533,52.361055],[106.999934,52.716939],[108.013798,53.235626],[108.297403,53.673511],[108.451478,53.848489],[108.635572,54.00124],[109.001352,54.335516],[109.068144,54.426243],[108.631518,54.545774],[108.701884,54.656122],[108.726168,54.794738],[108.718257,54.900716],[108.760949,54.932696],[108.695175,54.979171],[108.697524,55.062726],[108.796959,55.166257],[108.784639,55.23297],[108.708738,55.25283],[108.671484,55.31776],[108.639338,55.489723],[108.704029,55.499434],[108.682294,55.605975],[108.775659,55.61104],[108.781577,55.751346],[108.823035,55.848072],[108.904161,55.87729],[108.969228,55.938905],[109.080875,55.911808],[109.246675,55.923688],[109.239913,55.994201],[109.034617,55.99671],[108.953405,56.02863],[108.922169,56.123171],[108.80515,56.234776],[108.61132,56.270767],[108.549329,56.332141],[108.608517,56.407937],[108.740097,56.504686],[108.770375,56.572232],[108.903861,56.58077],[108.981358,56.631163],[109.142796,56.679836],[109.232027,56.650954],[109.423648,56.738455],[109.550381,56.741103],[109.6879,56.69595],[109.768487,56.707834],[109.853111,56.77911],[109.846152,56.846413],[109.886764,56.898718],[110.013516,56.975784],[110.106397,56.970138],[110.216932,56.930371],[110.270846,56.952484],[110.388608,56.911903],[110.508202,56.895323],[110.500766,56.85542],[110.629337,56.836687],[110.756987,56.887228],[110.837142,56.84103],[110.982002,56.874279],[111.11212,56.822805],[111.202212,56.84152],[111.24157,56.892394],[111.342361,56.896154],[111.333906,56.969545],[111.499414,57.117463],[111.609594,57.102289],[111.615676,57.01114],[111.680897,57.000444],[111.831171,56.912777],[111.876303,56.951835],[112.083403,56.956536],[112.217937,56.857332],[112.402457,56.857649],[112.550479,56.946112],[112.680348,56.965787],[112.738001,56.948522],[112.679139,56.856946],[112.734447,56.75958],[112.873837,56.723066],[112.866245,56.685793],[113.07874,56.682779],[113.138009,56.644092],[113.221356,56.658071],[113.322493,56.630184],[113.465105,56.671585],[113.788065,56.613572],[113.85827,56.520305],[114.001131,56.562754],[114.075664,56.606652],[114.157627,56.697082],[114.40596,56.66804],[114.61168,56.673304],[114.748582,56.700529],[114.839769,56.761427],[114.829728,56.816326],[115.06688,57.010205],[115.069984,57.112084],[115.256601,57.119593],[115.329419,57.096246],[115.653909,57.12056],[115.845042,57.24828],[116.107856,57.241266],[116.250508,57.138381],[116.099516,57.095463],[116.045866,57.046631],[115.935983,57.03225],[115.729827,56.962428],[115.828917,56.946525],[116.115518,56.819059],[116.230002,56.829235],[116.316016,56.87033],[116.520988,56.773756],[116.742915,56.738758],[116.970648,56.801782],[117.161698,56.840513],[117.17628,56.892906],[117.350371,56.936971],[117.402941,56.845418],[117.547597,56.954465],[117.629226,56.972867],[117.677128,57.027251],[117.675637,57.08947],[117.576207,57.165135],[117.702103,57.19996],[117.772521,57.264121],[117.779141,57.318355],[117.624161,57.324861],[117.540218,57.271448],[117.449871,57.259616],[117.451929,57.348377],[117.372771,57.343186],[117.32575,57.478756],[117.254805,57.537425],[117.335114,57.634848],[117.140152,57.665354],[117.181607,57.769668],[117.099101,57.79806],[117.119853,57.860793],[117.346079,57.864469],[117.409278,57.911606],[117.37973,58.018834],[117.404419,58.123508],[117.594369,58.184642],[117.472249,58.326015],[117.672319,58.406302],[118.001543,58.423339],[118.254371,58.397679],[118.474681,58.229584],[118.57685,58.232497],[118.680026,58.178824],[118.807119,58.230418],[119.116842,58.238128],[119.138674,58.292535],[119.063283,58.363496],[119.131251,58.487889],[118.991886,58.56155],[118.776802,58.611387],[118.861725,58.731207],[118.87273,58.820487],[118.748988,58.934514],[118.872731,58.991417],[118.819188,59.050707],[118.713828,59.049824],[118.670814,59.186608],[118.817384,59.329585],[118.7488,59.345128],[118.761284,59.428266],[118.6773,59.437983],[118.361812,59.525624],[118.346144,59.615041],[118.239862,59.640404],[118.033995,59.629318],[118.03129,59.575435],[117.938673,59.54007],[117.968651,59.497344],[117.826314,59.445463],[117.77047,59.565891],[117.497941,59.492639],[117.438608,59.525192],[117.24934,59.513227],[117.193248,59.582705],[117.112064,59.609812],[117.205544,59.681404],[117.228182,59.750281],[117.223793,59.874169],[117.096402,59.869285],[117.008568,59.916842],[117.077473,59.972628],[117.154029,59.973846],[117.34719,60.024205],[117.264106,60.057423],[117.103804,60.027719],[116.988643,60.048908],[117.0036,60.118831],[116.937166,60.19646],[116.770875,60.249365],[116.759277,60.27959],[116.608546,60.295133],[116.623588,60.349739],[116.540974,60.389983],[116.324623,60.374726],[116.291066,60.409652],[116.005434,60.469058],[115.937639,60.45355],[115.872447,60.523097],[115.696606,60.549035],[115.369457,60.491911],[115.300825,60.513756],[115.096025,60.413232],[115.145207,60.365985],[115.023475,60.236097],[114.906236,60.184778],[114.774705,60.202535],[114.651151,60.179064],[114.496649,60.069566],[114.529526,59.983615],[114.297153,59.890731],[114.216725,59.784636],[114.096977,59.76525],[113.969705,59.690922],[113.883414,59.678075],[113.761156,59.617057],[113.5913,59.594758],[113.614501,59.515156],[113.463385,59.432292],[113.432036,59.37874],[113.532065,59.349913],[113.485608,59.284619],[113.277556,59.158104],[113.201358,59.187265],[113.109606,59.150801],[112.805138,59.126996],[112.751869,59.051929],[112.594487,59.076389],[112.51428,59.044106],[112.599206,58.992301],[112.524731,58.894082],[112.441539,58.918129],[112.447849,59.136239],[112.505704,59.238225],[112.643807,59.281264],[112.651461,59.313623],[112.521975,59.348222],[112.368609,59.310569],[112.275442,59.373139],[112.340591,59.425588],[112.251292,59.5284],[112.093749,59.428747],[112.078895,59.392533],[111.898915,59.303685],[111.790191,59.29798],[111.649821,59.223848],[111.560631,59.23519],[111.451149,59.292353],[111.297237,59.277575],[111.217729,59.203733],[111.042328,59.222514],[110.720542,59.280902],[110.548603,59.183345],[110.603614,59.140373],[110.474673,59.046366],[110.399319,59.057215],[110.239422,58.999926],[110.023501,59.001598],[109.982887,59.024971],[109.811944,59.004253],[109.727389,59.090552],[109.617505,59.083333],[109.630401,59.16426],[109.509493,59.192734],[109.524361,59.247185],[109.4526,59.313018],[109.291664,59.316525],[109.239804,59.381485],[109.342886,59.417168],[109.252271,59.466906],[109.401759,59.584365],[109.543439,59.667295],[109.475642,59.721383],[109.508123,59.801529],[109.662596,59.876033],[109.67474,59.986677],[109.755081,60.026996],[109.692598,60.076711],[109.694643,60.161238],[109.740317,60.248555],[109.815246,60.273757],[109.804651,60.336441],[109.948778,60.41689],[109.907127,60.461395],[110.138172,60.59693],[110.099332,60.694398],[110.288624,60.701981],[110.299794,60.78213],[110.257592,60.821647],[110.367768,60.937577],[110.457916,60.981627],[110.542292,61.087795],[110.523942,61.179692],[110.381295,61.201345],[110.222093,61.168251],[110.111251,61.277886],[109.997213,61.314717],[109.761796,61.3317],[109.839155,61.425168],[109.808911,61.477883],[109.87049,61.549351],[109.725983,61.683838],[109.600187,61.745473],[109.642256,61.927687],[109.724054,62.001212],[109.8721,62.066979],[109.860159,62.1096],[110.00455,62.186047],[109.918588,62.26006],[109.99532,62.309658],[109.889907,62.37053],[109.91093,62.437021],[109.667902,62.435392],[109.430854,62.473591],[109.298355,62.521629],[109.254805,62.598724],[109.378151,62.607404],[109.387625,62.671617],[109.472373,62.68541],[109.507987,62.795014],[109.675732,62.829442],[109.669882,62.860569],[109.494455,62.95639],[109.522663,62.992972],[109.458555,63.109201],[109.411673,63.367869],[109.319332,63.393414],[109.188828,63.530199],[109.081238,63.577065],[108.925639,63.575649],[108.726957,63.620063],[108.495058,63.636415],[108.324941,63.609137],[108.144004,63.603945],[108.124333,63.658146],[108.227865,63.670016],[108.299315,63.716051],[108.287333,63.836652],[108.360629,63.860993],[108.496466,63.82235],[108.731835,63.842014],[108.798344,63.890804],[108.726077,63.962167],[108.762471,64.01662],[108.613007,64.068797],[108.524723,64.148757],[108.502827,64.306291],[108.085664,64.246468]]]]}},{"type":"Feature","properties":{"id":"r73","name":"Амурская область","sourceName":"Амурская область","disputed":false},"geometry":{"type":"MultiPolygon","coordinates":[[[[119.85614,56.896079],[119.812775,56.854107],[119.706492,56.829407],[119.655777,56.776279],[119.776596,56.733397],[119.833165,56.56601],[119.923613,56.54911],[119.949473,56.492727],[120.089185,56.500828],[120.254406,56.447785],[120.235379,56.403327],[120.466301,56.295101],[120.508655,56.248471],[120.378755,56.23746],[120.303761,56.202379],[120.173616,56.206326],[120.032566,56.108902],[120.12743,56.024235],[120.083189,55.935283],[120.159902,55.875223],[120.250885,55.93599],[120.340293,55.882653],[120.477545,55.886741],[120.477635,55.930509],[120.633166,55.930567],[120.657889,55.966889],[120.778611,55.977042],[120.855829,56.021638],[120.993658,56.041873],[121.045408,56.009329],[121.193811,56.041188],[121.269105,55.940675],[121.246779,55.88011],[121.3371,55.821683],[121.317121,55.65923],[121.36111,55.607218],[121.336304,55.530157],[121.419257,55.494462],[121.484099,55.522684],[121.607495,55.525772],[121.696744,55.614257],[121.780001,55.632219],[121.899496,55.619519],[121.999728,55.433874],[121.960947,55.374333],[121.985257,55.312551],[121.943818,55.232939],[122.03258,55.196149],[121.913876,55.119523],[121.95025,55.091264],[121.959649,55.000532],[121.74898,54.871431],[121.667207,54.834498],[121.640328,54.764774],[121.794049,54.772232],[121.879915,54.803022],[121.937792,54.713422],[121.889118,54.654598],[121.93917,54.629767],[121.929866,54.569081],[122.14582,54.458755],[122.128962,54.413104],[121.912289,54.377137],[121.890032,54.417087],[121.759862,54.439438],[121.664952,54.377032],[121.730633,54.283649],[121.715283,54.216169],[121.779499,54.175246],[121.654548,54.134028],[121.626528,54.096369],[121.774529,53.935273],[121.848812,53.952169],[121.946601,53.826274],[121.9249,53.77003],[121.96676,53.697527],[121.948005,53.616322],[121.974671,53.55462],[122.071742,53.489639],[122.112072,53.431152],[122.162861,53.471613],[122.243665,53.463018],[122.341714,53.501621],[122.429487,53.44243],[122.596168,53.463199],[122.849535,53.455768],[123.059949,53.506877],[123.137336,53.497452],[123.273263,53.562153],[123.375479,53.535874],[123.511003,53.555642],[123.621595,53.545029],[123.685279,53.498004],[123.87687,53.480941],[124.061118,53.398431],[124.109707,53.346183],[124.232104,53.377488],[124.320107,53.328851],[124.369549,53.252403],[124.43404,53.212231],[124.636647,53.206857],[124.711483,53.1511],[124.823669,53.14277],[124.975221,53.195437],[125.157561,53.203446],[125.302036,53.145581],[125.497623,53.08859],[125.604696,53.081677],[125.727203,52.944057],[125.655017,52.869139],[125.829062,52.895464],[125.938818,52.763321],[126.048138,52.797338],[126.055485,52.6766],[125.982921,52.673273],[125.972286,52.608699],[126.067354,52.603317],[126.201243,52.530031],[126.346406,52.383202],[126.31066,52.328877],[126.345774,52.262438],[126.299927,52.206269],[126.489397,52.159807],[126.556106,52.120166],[126.511989,52.053244],[126.43782,52.025537],[126.464674,51.93645],[126.537351,51.885086],[126.617228,51.7745],[126.714904,51.72689],[126.708536,51.567349],[126.83299,51.533086],[126.775655,51.442552],[126.89599,51.40691],[126.972722,51.296487],[126.894102,51.202043],[126.920881,51.052082],[127.134942,50.911159],[127.232961,50.77263],[127.291154,50.753412],[127.287378,50.663731],[127.365312,50.582054],[127.310693,50.522605],[127.292049,50.455532],[127.353907,50.441068],[127.325145,50.333852],[127.367396,50.290608],[127.60139,50.236611],[127.603074,50.179651],[127.501373,50.058193],[127.498878,49.970634],[127.541513,49.915729],[127.525291,49.817772],[127.648205,49.775136],[127.687097,49.665741],[127.798156,49.592117],[127.884838,49.569493],[127.958904,49.595093],[128.034322,49.55428],[128.20127,49.536765],[128.335795,49.540841],[128.366794,49.582445],[128.552785,49.600663],[128.802029,49.548989],[128.756831,49.474475],[128.879161,49.487563],[128.983516,49.455628],[129.072689,49.353716],[129.174427,49.387221],[129.377778,49.37436],[129.430169,49.440305],[129.536643,49.398036],[129.548116,49.307697],[129.599921,49.274464],[129.710373,49.289777],[129.749471,49.203109],[129.84233,49.175741],[129.858295,49.106993],[129.922155,49.092983],[129.927694,49.031403],[129.997745,49.018696],[130.050528,48.970801],[130.190304,48.898795],[130.224189,48.863933],[130.42115,48.902689],[130.537365,48.852226],[130.631293,48.881824],[130.657789,48.91905],[130.897397,48.992001],[131.022827,49.000475],[131.068732,49.167351],[131.132601,49.24081],[131.419462,49.255472],[131.527884,49.427865],[131.504,49.458674],[131.524086,49.57231],[131.44572,49.670272],[131.369935,49.719508],[131.478651,49.779948],[131.520539,49.903465],[131.387403,49.975901],[131.42796,50.063009],[131.375446,50.100153],[131.38882,50.158784],[131.443446,50.200249],[131.393811,50.27161],[131.310048,50.322809],[131.141332,50.396245],[131.13055,50.431843],[130.949018,50.376262],[130.893439,50.489683],[130.933201,50.495098],[131.026452,50.577456],[130.984524,50.637969],[130.907408,50.669539],[130.763969,50.656391],[130.723473,50.605954],[130.644752,50.662002],[130.704787,50.698033],[130.672734,50.742222],[130.845384,50.879121],[130.831865,50.92282],[130.756983,50.956274],[130.795499,51.024091],[130.927046,51.027766],[130.97155,51.142668],[131.026889,51.17331],[131.042859,51.239123],[131.161662,51.250492],[131.253109,51.363298],[131.36059,51.389378],[131.434723,51.338543],[131.490443,51.346711],[131.467645,51.486221],[131.386529,51.625973],[131.46287,51.688939],[131.604323,51.66596],[131.779877,51.700424],[131.85849,51.758266],[131.95629,51.745314],[132.065705,51.800509],[132.117926,51.778549],[132.218875,51.839784],[132.264218,51.800098],[132.4506,51.885684],[132.412036,51.985695],[132.525827,51.962229],[132.540104,52.050249],[132.645882,52.114255],[132.736646,52.116705],[132.818207,52.162822],[133.0927,52.153126],[133.32591,52.193529],[133.431421,52.258165],[133.337664,52.32188],[133.313884,52.400007],[133.233804,52.447453],[133.300754,52.529183],[133.229284,52.616671],[133.26003,52.681092],[133.379752,52.667598],[133.588637,52.614426],[133.708484,52.558646],[133.819143,52.566742],[133.869705,52.514491],[133.99851,52.540358],[134.09752,52.4816],[134.167189,52.513573],[134.30573,52.457656],[134.485739,52.460792],[134.522152,52.424738],[134.643588,52.45882],[134.59916,52.501069],[134.62184,52.573821],[134.752147,52.679678],[134.638526,52.747317],[134.5946,52.900874],[134.694515,52.97697],[134.77177,53.070249],[134.86279,53.099726],[134.809652,53.148667],[134.907069,53.230265],[134.878661,53.308016],[134.783393,53.338948],[134.794439,53.398195],[134.890271,53.435472],[134.729792,53.491356],[134.72309,53.528952],[134.531237,53.621482],[134.360207,53.55917],[134.259308,53.542171],[134.195285,53.482235],[133.94648,53.438939],[133.794385,53.491222],[133.706805,53.467333],[133.59901,53.551287],[133.467075,53.500835],[133.26115,53.457848],[133.159513,53.405444],[133.139159,53.307675],[133.027988,53.306549],[132.861201,53.235276],[132.662759,53.245534],[132.506664,53.215431],[132.300443,53.23916],[132.062511,53.220296],[132.038072,53.15787],[131.896795,53.135808],[131.828641,53.162787],[131.854688,53.231578],[131.441549,53.221315],[131.506918,53.268192],[131.533441,53.33366],[131.504989,53.448214],[131.45127,53.51011],[131.49141,53.602354],[131.418264,53.68338],[131.444139,53.739173],[131.345268,53.783016],[131.031688,53.824599],[130.89644,53.783358],[130.851848,53.849167],[130.719581,53.858272],[130.673976,53.902561],[130.587779,53.878462],[130.517043,53.909166],[130.441599,53.888155],[130.405295,53.949055],[130.496274,53.987317],[130.511178,54.122416],[130.659953,54.215587],[130.735983,54.298827],[130.814952,54.284583],[130.939163,54.339254],[131.037037,54.291559],[131.13416,54.367465],[131.16702,54.470686],[131.231634,54.558683],[131.169472,54.635017],[131.28665,54.658811],[131.39489,54.73728],[131.494919,54.748459],[131.618409,54.793791],[131.671538,54.775446],[131.810106,54.861455],[132.01127,54.933345],[132.061569,54.987634],[131.979317,55.013703],[132.127398,55.066661],[132.294485,55.062012],[132.415874,55.081978],[132.336473,55.230074],[132.372203,55.247707],[132.611489,55.235266],[132.739113,55.346101],[132.965341,55.42034],[132.763257,55.456295],[132.639372,55.556642],[132.661506,55.626406],[132.558152,55.709942],[132.441057,55.742781],[132.234955,55.728821],[132.156486,55.679722],[131.974634,55.714083],[131.827437,55.647814],[131.773743,55.694409],[131.636182,55.708917],[131.564349,55.655679],[131.493274,55.697194],[131.33524,55.651016],[131.21572,55.694136],[131.147458,55.649038],[131.05933,55.656553],[130.952768,55.712176],[130.85008,55.712481],[130.736202,55.753972],[130.624824,55.76245],[130.504554,55.727425],[130.287782,55.740975],[130.126605,55.712721],[130.00109,55.71328],[129.903307,55.77829],[129.584685,55.762091],[129.05084,55.69489],[129.09908,55.631036],[129.100958,55.539514],[128.95687,55.494389],[128.703037,55.515137],[128.70163,55.562326],[128.512443,55.544781],[128.491531,55.583673],[128.285067,55.6907],[128.200153,55.700994],[127.924375,55.662004],[127.80183,55.666932],[127.733709,55.731276],[127.637135,55.679242],[127.542464,55.66484],[127.458775,55.57803],[127.34013,55.61952],[127.321454,55.687805],[126.966224,55.699928],[126.926225,55.629892],[126.787303,55.627425],[126.692811,55.666712],[126.582764,55.654335],[126.492168,55.569373],[126.235033,55.607837],[126.096092,55.58978],[126.087762,55.667953],[125.993836,55.767387],[125.803634,55.806601],[125.616844,55.779446],[125.531076,55.746937],[125.444881,55.816352],[125.448967,55.851111],[125.253349,55.907761],[125.010704,55.869518],[124.91107,55.84187],[124.834786,55.882086],[124.761685,55.869899],[124.639793,55.937683],[124.505887,55.884648],[124.388335,55.993621],[124.394278,56.052636],[124.214495,56.084136],[124.212179,56.155897],[124.121072,56.230813],[124.032761,56.256009],[123.920806,56.387865],[123.753002,56.424536],[123.572502,56.409158],[123.194051,56.440672],[122.90191,56.556641],[122.794468,56.585153],[122.790152,56.508723],[122.571597,56.485402],[122.46076,56.599617],[122.295484,56.640747],[122.163943,56.74619],[121.989547,56.762514],[121.835604,56.740431],[121.683531,56.7596],[121.585622,56.848448],[121.511433,56.870348],[121.518671,56.920594],[121.40559,56.985529],[121.13937,57.001474],[120.9055,57.060508],[120.738392,57.026004],[120.543639,57.044459],[120.329354,57.021089],[120.035444,56.909939],[119.85614,56.896079]]]]}},{"type":"Feature","properties":{"id":"r74","name":"Еврейская автономная область","sourceName":"Еврейская автономная область","disputed":false},"geometry":{"type":"MultiPolygon","coordinates":[[[[130.631293,48.881824],[130.681732,48.848159],[130.620621,48.793796],[130.52315,48.629454],[130.60837,48.577726],[130.609259,48.498656],[130.713394,48.510752],[130.769557,48.35338],[130.835304,48.304761],[130.764936,48.246206],[130.74863,48.179412],[130.667638,48.1305],[130.676517,48.052824],[130.862083,47.93588],[130.95164,47.813754],[130.957561,47.719086],[131.0897,47.680298],[131.254715,47.733549],[131.366477,47.72303],[131.431562,47.739466],[131.544552,47.722861],[131.565486,47.663366],[131.622042,47.655653],[131.677865,47.701193],[131.812279,47.665937],[131.903357,47.687237],[131.929991,47.734103],[132.018428,47.746281],[132.133964,47.700141],[132.25289,47.706834],[132.309253,47.755546],[132.484893,47.714562],[132.603743,47.740861],[132.598721,47.809104],[132.680554,47.870847],[132.652193,47.934364],[132.719254,47.960657],[132.815858,47.933773],[132.863126,47.990495],[133.007884,48.03924],[133.049539,48.103642],[133.18189,48.107483],[133.286765,48.09153],[133.567418,48.13537],[133.613715,48.198627],[133.710147,48.186412],[133.74647,48.255522],[133.949621,48.303095],[134.033834,48.342736],[134.14004,48.337012],[134.18838,48.382486],[134.408753,48.386938],[134.470763,48.420646],[134.687222,48.404728],[134.765455,48.375203],[134.844333,48.392645],[134.936202,48.513926],[134.995785,48.532681],[134.976974,48.602619],[134.85976,48.614619],[134.73236,48.570618],[134.568489,48.633703],[134.419568,48.715602],[134.399664,48.746428],[134.25613,48.718611],[134.24324,48.683001],[134.046514,48.63543],[133.902691,48.66129],[133.759577,48.748359],[133.589277,48.729502],[133.463447,48.829097],[133.281351,48.848458],[133.224739,48.958946],[133.272472,49.034188],[133.079814,49.172064],[133.053719,49.214828],[132.809333,49.23666],[132.732994,49.330695],[132.632373,49.286292],[132.59698,49.310076],[132.48581,49.264958],[132.371428,49.307934],[132.400927,49.347657],[132.384763,49.41336],[132.304147,49.421765],[132.273653,49.463876],[132.111332,49.494486],[132.06406,49.457305],[132.00432,49.268777],[131.776878,49.315773],[131.665912,49.312318],[131.556983,49.247656],[131.419462,49.255472],[131.132601,49.24081],[131.068732,49.167351],[131.022827,49.000475],[130.897397,48.992001],[130.657789,48.91905],[130.631293,48.881824]]]]}},{"type":"Feature","properties":{"id":"r75","name":"Хабаровский край","sourceName":"Хабаровский край","disputed":false},"geometry":{"type":"MultiPolygon","coordinates":[[[[136.44575,54.6285],[136.332,54.66175],[136.33025,54.697],[136.27725,54.7015],[136.28575,54.652],[136.44575,54.6285]]],[[[138.21825,54.7045],[138.2265,54.72325],[138.18275,54.716],[138.21825,54.7045]]],[[[137.68875,54.6425],[137.85925,54.71675],[137.891,54.75875],[138.0005,54.786],[138.00225,54.90075],[138.091,54.97525],[138.21675,55.03425],[138.0745,55.048],[137.8905,55.128],[137.73325,55.149],[137.6145,55.18675],[137.502,55.1115],[137.479,55.032],[137.3025,54.90575],[137.236,54.76175],[137.48525,54.868],[137.559,54.76975],[137.6185,54.73375],[137.68875,54.6425]]],[[[138.4135,55.04675],[138.4115,55.09225],[138.33525,55.09],[138.3245,55.05475],[138.4135,55.04675]]],[[[141.41111,53.321302],[141.358079,53.352149],[141.327279,53.329435],[141.41111,53.321302]]],[[[139.78775,54.3415],[139.78075,54.35825],[139.75825,54.35225],[139.756,54.3395],[139.78775,54.3415]]],[[[137.7875,54.37175],[137.8785,54.4365],[137.955,54.461],[137.91675,54.49475],[137.843,54.48475],[137.7875,54.37175]]],[[[137.59175,54.38325],[137.66225,54.4885],[137.609,54.55425],[137.5555,54.50825],[137.59225,54.452],[137.59175,54.38325]]],[[[130.952768,55.712176],[131.05933,55.656553],[131.147458,55.649038],[131.21572,55.694136],[131.33524,55.651016],[131.493274,55.697194],[131.564349,55.655679],[131.636182,55.708917],[131.773743,55.694409],[131.827437,55.647814],[131.974634,55.714083],[132.156486,55.679722],[132.234955,55.728821],[132.441057,55.742781],[132.558152,55.709942],[132.661506,55.626406],[132.639372,55.556642],[132.763257,55.456295],[132.965341,55.42034],[132.739113,55.346101],[132.611489,55.235266],[132.372203,55.247707],[132.336473,55.230074],[132.415874,55.081978],[132.294485,55.062012],[132.127398,55.066661],[131.979317,55.013703],[132.061569,54.987634],[132.01127,54.933345],[131.810106,54.861455],[131.671538,54.775446],[131.618409,54.793791],[131.494919,54.748459],[131.39489,54.73728],[131.28665,54.658811],[131.169472,54.635017],[131.231634,54.558683],[131.16702,54.470686],[131.13416,54.367465],[131.037037,54.291559],[130.939163,54.339254],[130.814952,54.284583],[130.735983,54.298827],[130.659953,54.215587],[130.511178,54.122416],[130.496274,53.987317],[130.405295,53.949055],[130.441599,53.888155],[130.517043,53.909166],[130.587779,53.878462],[130.673976,53.902561],[130.719581,53.858272],[130.851848,53.849167],[130.89644,53.783358],[131.031688,53.824599],[131.345268,53.783016],[131.444139,53.739173],[131.418264,53.68338],[131.49141,53.602354],[131.45127,53.51011],[131.504989,53.448214],[131.533441,53.33366],[131.506918,53.268192],[131.441549,53.221315],[131.854688,53.231578],[131.828641,53.162787],[131.896795,53.135808],[132.038072,53.15787],[132.062511,53.220296],[132.300443,53.23916],[132.506664,53.215431],[132.662759,53.245534],[132.861201,53.235276],[133.027988,53.306549],[133.139159,53.307675],[133.159513,53.405444],[133.26115,53.457848],[133.467075,53.500835],[133.59901,53.551287],[133.706805,53.467333],[133.794385,53.491222],[133.94648,53.438939],[134.195285,53.482235],[134.259308,53.542171],[134.360207,53.55917],[134.531237,53.621482],[134.72309,53.528952],[134.729792,53.491356],[134.890271,53.435472],[134.794439,53.398195],[134.783393,53.338948],[134.878661,53.308016],[134.907069,53.230265],[134.809652,53.148667],[134.86279,53.099726],[134.77177,53.070249],[134.694515,52.97697],[134.5946,52.900874],[134.638526,52.747317],[134.752147,52.679678],[134.62184,52.573821],[134.59916,52.501069],[134.643588,52.45882],[134.522152,52.424738],[134.485739,52.460792],[134.30573,52.457656],[134.167189,52.513573],[134.09752,52.4816],[133.99851,52.540358],[133.869705,52.514491],[133.819143,52.566742],[133.708484,52.558646],[133.588637,52.614426],[133.379752,52.667598],[133.26003,52.681092],[133.229284,52.616671],[133.300754,52.529183],[133.233804,52.447453],[133.313884,52.400007],[133.337664,52.32188],[133.431421,52.258165],[133.32591,52.193529],[133.0927,52.153126],[132.818207,52.162822],[132.736646,52.116705],[132.645882,52.114255],[132.540104,52.050249],[132.525827,51.962229],[132.412036,51.985695],[132.4506,51.885684],[132.264218,51.800098],[132.218875,51.839784],[132.117926,51.778549],[132.065705,51.800509],[131.95629,51.745314],[131.85849,51.758266],[131.779877,51.700424],[131.604323,51.66596],[131.46287,51.688939],[131.386529,51.625973],[131.467645,51.486221],[131.490443,51.346711],[131.434723,51.338543],[131.36059,51.389378],[131.253109,51.363298],[131.161662,51.250492],[131.042859,51.239123],[131.026889,51.17331],[130.97155,51.142668],[130.927046,51.027766],[130.795499,51.024091],[130.756983,50.956274],[130.831865,50.92282],[130.845384,50.879121],[130.672734,50.742222],[130.704787,50.698033],[130.644752,50.662002],[130.723473,50.605954],[130.763969,50.656391],[130.907408,50.669539],[130.984524,50.637969],[131.026452,50.577456],[130.933201,50.495098],[130.893439,50.489683],[130.949018,50.376262],[131.13055,50.431843],[131.141332,50.396245],[131.310048,50.322809],[131.393811,50.27161],[131.443446,50.200249],[131.38882,50.158784],[131.375446,50.100153],[131.42796,50.063009],[131.387403,49.975901],[131.520539,49.903465],[131.478651,49.779948],[131.369935,49.719508],[131.44572,49.670272],[131.524086,49.57231],[131.504,49.458674],[131.527884,49.427865],[131.419462,49.255472],[131.556983,49.247656],[131.665912,49.312318],[131.776878,49.315773],[132.00432,49.268777],[132.06406,49.457305],[132.111332,49.494486],[132.273653,49.463876],[132.304147,49.421765],[132.384763,49.41336],[132.400927,49.347657],[132.371428,49.307934],[132.48581,49.264958],[132.59698,49.310076],[132.632373,49.286292],[132.732994,49.330695],[132.809333,49.23666],[133.053719,49.214828],[133.079814,49.172064],[133.272472,49.034188],[133.224739,48.958946],[133.281351,48.848458],[133.463447,48.829097],[133.589277,48.729502],[133.759577,48.748359],[133.902691,48.66129],[134.046514,48.63543],[134.24324,48.683001],[134.25613,48.718611],[134.399664,48.746428],[134.419568,48.715602],[134.568489,48.633703],[134.73236,48.570618],[134.85976,48.614619],[134.976974,48.602619],[134.995785,48.532681],[134.936202,48.513926],[134.844333,48.392645],[134.765455,48.375203],[134.718028,48.281236],[134.668408,48.25154],[134.669329,48.159348],[134.567668,48.04446],[134.573771,47.920752],[134.639569,47.902405],[134.669095,47.815097],[134.761792,47.760426],[134.76522,47.717017],[134.67218,47.635413],[134.670057,47.585955],[134.49494,47.446502],[134.30474,47.431061],[134.2348,47.352303],[134.168348,47.318667],[134.147018,47.253035],[134.218802,47.187199],[134.21678,47.107993],[134.13885,47.092803],[134.015255,46.811106],[134.04444,46.780786],[134.005313,46.655228],[134.208552,46.652323],[134.253648,46.675955],[134.38773,46.675392],[134.432745,46.697497],[134.4731,46.771852],[134.407427,46.860999],[134.452845,46.920243],[134.576479,46.992909],[134.566672,47.040818],[134.66213,47.124291],[134.840304,47.168467],[134.92173,47.130525],[135.009433,47.133498],[135.085318,47.2134],[135.195766,47.16975],[135.29866,47.160907],[135.294236,47.122724],[135.430889,47.04274],[135.360953,46.97988],[135.427752,46.926585],[135.58378,46.977145],[135.690852,46.966775],[135.70902,46.931164],[135.807087,46.884219],[135.836668,46.828593],[135.986826,46.796438],[136.054106,46.867438],[136.14701,46.807],[136.234199,46.775458],[136.33941,46.774742],[136.383611,46.81365],[136.553191,46.810001],[136.724632,46.858134],[136.794725,46.901476],[136.822763,46.95333],[136.894715,46.956691],[136.978112,47.024922],[136.926188,47.068695],[136.948004,47.166323],[136.998428,47.199509],[137.037267,47.284049],[137.081325,47.304003],[137.18618,47.261232],[137.247544,47.287408],[137.392805,47.201723],[137.46519,47.209447],[137.59321,47.313797],[137.717522,47.356281],[137.746703,47.330604],[137.917787,47.406988],[138.004259,47.463419],[138.055471,47.553966],[137.972363,47.616192],[138.054115,47.671263],[137.992177,47.722331],[137.87853,47.751656],[137.776607,47.720545],[137.595012,47.805015],[137.453039,47.784418],[137.413487,47.805803],[137.5119,47.874249],[137.61103,47.897851],[137.515768,47.976169],[137.322777,48.065076],[137.366841,48.152737],[137.451324,48.202961],[137.56734,48.238077],[137.678197,48.24828],[137.83457,48.209318],[137.928393,48.228069],[138.099146,48.327854],[138.17634,48.335274],[138.171966,48.385896],[138.236041,48.443342],[138.310583,48.464346],[138.396588,48.443937],[138.500415,48.380261],[138.462646,48.318773],[138.538843,48.26815],[138.52233,48.21394],[138.601987,48.180091],[138.703497,48.210105],[138.726952,48.154513],[138.636706,48.12218],[138.574884,48.047638],[138.748746,47.891795],[138.831636,47.868139],[138.737744,47.769878],[138.506695,47.67705],[138.6304,47.60423],[138.5976,47.521009],[138.53684,47.481983],[138.725347,47.440569],[138.862704,47.469589],[139.032543,47.396181],[139.051505,47.469094],[139.11739,47.577032],[139.197912,47.656691],[139.263663,47.802],[139.409333,47.927385],[139.53878,47.990909],[139.690654,48.11607],[139.721755,48.162857],[139.8669,48.246601],[139.952204,48.313421],[140.032756,48.330069],[140.058562,48.380084],[140.165189,48.441711],[140.193579,48.595824],[140.17524,48.674262],[140.236706,48.845166],[140.360874,48.920799],[140.372677,48.96928],[140.319858,49.09493],[140.361397,49.150011],[140.31237,49.19993],[140.411821,49.3211],[140.423093,49.414201],[140.54682,49.564583],[140.499399,49.679187],[140.52839,49.783247],[140.452278,49.805509],[140.398466,49.873065],[140.484874,49.996886],[140.657046,50.060619],[140.648559,50.094794],[140.538045,50.121622],[140.501575,50.168154],[140.498499,50.368355],[140.483422,50.459065],[140.413083,50.543969],[140.491874,50.628926],[140.430234,50.718748],[140.518575,50.833399],[140.501573,50.871861],[140.566645,50.930107],[140.640816,50.952009],[140.67947,51.035714],[140.647602,51.118886],[140.669759,51.322536],[140.858235,51.370762],[140.782743,51.435072],[140.797823,51.486717],[140.888017,51.496752],[140.872881,51.612215],[140.969237,51.66861],[141.104702,51.682262],[141.16827,51.828469],[141.249132,51.880921],[141.421821,51.956796],[141.349577,51.989963],[141.348889,52.097003],[141.499347,52.16177],[141.538119,52.205713],[141.39092,52.220949],[141.316658,52.291174],[141.259498,52.293596],[141.115573,52.411484],[141.108822,52.481543],[141.211035,52.508679],[141.25931,52.601004],[141.246597,52.73716],[141.16353,52.790359],[141.197973,52.840654],[141.140312,52.868607],[141.1487,52.992064],[141.443017,53.165211],[141.38006,53.253006],[141.401559,53.304929],[141.245026,53.304674],[141.088378,53.377255],[140.908802,53.427545],[140.94576,53.499171],[140.73231,53.563011],[140.522223,53.66461],[140.519533,53.712208],[140.34666,53.780199],[140.25628,53.870787],[140.328675,53.9544],[140.207608,53.999317],[140.196114,54.055626],[139.956,54.1235],[139.79175,54.203],[139.7855,54.2915],[139.432,54.19225],[139.31825,54.1745],[139.18975,54.185],[138.922942,54.240477],[138.7535,54.302],[138.73275,54.15325],[138.76875,53.97825],[138.694,53.9065],[138.70075,53.82875],[138.6595,53.707],[138.5885,53.61675],[138.4895,53.54275],[138.40925,53.5185],[138.274,53.554],[138.36625,53.605],[138.387,53.667],[138.586,53.806],[138.58225,53.9945],[138.37075,53.902],[138.32225,53.75525],[138.1815,53.67325],[138.01275,53.626],[137.95025,53.581],[137.702,53.549],[137.4585,53.54875],[137.320833,53.533869],[137.241374,53.561895],[137.3095,53.6305],[137.47925,53.661],[137.556,53.72825],[137.606,53.83075],[137.66575,53.8705],[137.80525,53.90475],[137.77475,53.94975],[137.567,53.96225],[137.43075,54.03875],[137.315,54.0665],[137.3705,54.127],[137.49275,54.13375],[137.74425,54.3065],[137.57375,54.292],[137.45175,54.314],[137.26775,54.248],[137.251,54.209],[137.12825,54.173],[137.0845,54.12475],[137.19425,54.038482],[137.290165,54.038169],[137.172,53.84425],[136.94475,53.85325],[136.85675,53.83],[136.793,53.779],[136.69425,53.84875],[136.679,53.9515],[136.722,54.033],[136.786,54.0625],[136.814,54.1685],[136.804,54.2945],[136.753,54.3585],[136.74975,54.417],[136.803549,54.510108],[136.876309,54.568419],[136.783001,54.642383],[136.693,54.60275],[136.643,54.6235],[136.48,54.585],[136.22125,54.614],[136.01825,54.5765],[135.84825,54.562],[135.71825,54.5735],[135.68875,54.64575],[135.30575,54.72425],[135.1745,54.825],[135.23175,54.91325],[135.36,54.9945],[135.45575,55.02825],[135.53725,55.08925],[135.698169,55.114035],[135.899578,55.188699],[136.062792,55.286997],[136.133397,55.289082],[136.301858,55.425425],[136.35042,55.527549],[136.556421,55.623856],[136.6231,55.621917],[136.799623,55.695228],[136.90317,55.769083],[137.05039,55.787478],[137.099131,55.860952],[137.245352,55.919676],[137.291537,55.961837],[137.41502,55.970183],[137.42619,56.034862],[137.55053,56.105803],[137.725108,56.137901],[137.77853,56.216979],[137.834425,56.229675],[137.892861,56.337298],[138.06791,56.399057],[138.062948,56.43865],[138.176651,56.447507],[138.10775,56.538868],[138.136084,56.60137],[138.248236,56.627249],[138.2863,56.694723],[138.393389,56.733007],[138.44925,56.844677],[138.564299,56.852407],[138.610632,56.955256],[138.708112,56.977723],[138.8045,57.031941],[138.9286,57.064433],[138.926132,57.142852],[139.032199,57.162301],[139.182962,57.2719],[139.415408,57.300607],[139.516078,57.353007],[139.60188,57.460137],[139.78781,57.484173],[139.87577,57.599917],[139.99351,57.698496],[140.114753,57.743132],[140.32271,57.768404],[140.48858,57.843047],[140.489559,57.883339],[140.602526,58.059533],[140.658167,58.178085],[140.777209,58.303902],[141.01217,58.43139],[141.314581,58.506772],[141.54203,58.601575],[141.676047,58.68179],[141.85244,58.828903],[141.984867,58.965703],[142.079535,59.033055],[142.399831,59.180626],[142.57169,59.228567],[142.853156,59.274845],[143.212751,59.356477],[143.321659,59.360046],[143.482087,59.319404],[143.76254,59.387623],[143.87686,59.40137],[144.133788,59.396339],[144.39043,59.369909],[144.77269,59.383379],[144.980273,59.367333],[145.205335,59.409008],[145.357798,59.388133],[145.572079,59.420626],[145.81529,59.371812],[145.918554,59.422212],[145.948081,59.348323],[145.85124,59.302082],[145.82965,59.241875],[146.06682,59.156203],[146.193114,59.204926],[146.352857,59.206626],[146.30183,59.278511],[146.303374,59.389637],[146.44101,59.46173],[146.511008,59.465413],[146.696052,59.42139],[146.691814,59.394451],[146.850337,59.359945],[146.94151,59.368693],[147.108655,59.408506],[147.148458,59.504515],[147.168798,59.646334],[147.12605,59.696004],[147.21618,59.73206],[147.11826,59.886198],[147.03927,59.947898],[146.942227,59.951859],[146.80077,59.905055],[146.70214,59.971554],[146.689112,60.087294],[146.500442,60.12335],[146.484631,60.192764],[146.372387,60.250587],[146.21731,60.208566],[145.978902,60.202491],[145.857411,60.170272],[145.636964,60.264846],[145.57439,60.335558],[145.659894,60.361861],[145.637327,60.414645],[145.53005,60.422181],[145.528851,60.494829],[145.792376,60.614177],[145.930939,60.619104],[146.085257,60.73658],[146.34966,60.659897],[146.444025,60.671125],[146.446264,60.755915],[146.52209,60.867943],[146.499321,60.941147],[146.705414,60.949364],[146.712682,61.040488],[146.757117,61.100403],[146.757482,61.209857],[146.698001,61.306826],[146.747149,61.38622],[146.68859,61.408637],[146.739752,61.468605],[146.580909,61.531723],[146.603855,61.615183],[146.427952,61.738466],[146.347697,61.841445],[145.965418,62.004494],[145.818152,62.001761],[145.753758,62.03661],[145.65273,61.993842],[145.450543,61.949333],[145.290614,62.00536],[145.05248,61.996843],[144.987821,62.051919],[144.73642,62.045483],[144.655509,61.990844],[144.515905,61.845166],[144.411954,61.8333],[144.223743,61.727803],[144.13549,61.756068],[143.944683,61.754986],[143.951274,61.839507],[143.998537,61.891583],[143.93577,61.973307],[143.777093,61.954826],[143.78401,61.920851],[143.681857,61.859308],[143.547992,62.049755],[143.413333,62.021878],[143.285479,62.049911],[143.229693,62.117471],[143.135909,62.104004],[143.104672,62.014728],[143.006472,61.914842],[142.896399,61.905418],[142.767657,61.965786],[142.467313,61.891966],[142.14532,62.07551],[142.022489,62.037788],[141.833325,62.017922],[141.85493,62.082662],[141.729374,62.078307],[141.559283,62.155529],[141.492869,62.286735],[141.391841,62.323614],[141.322277,62.387475],[141.128164,62.404761],[140.845978,62.53015],[140.74471,62.513493],[140.666065,62.416365],[140.422095,62.416213],[140.312081,62.341879],[140.289673,62.234111],[140.313853,62.109324],[140.275988,62.037808],[140.116334,61.968794],[140.030227,61.987143],[139.952546,61.936529],[139.977237,61.860247],[139.927104,61.795297],[139.692293,61.662242],[139.64859,61.562251],[139.55376,61.473609],[139.452056,61.485956],[139.316815,61.435597],[139.091365,61.435135],[139.039548,61.345647],[138.982414,61.326873],[138.734927,61.336884],[138.649138,61.297307],[138.659701,61.20452],[138.397131,61.099381],[138.34398,60.977802],[138.269092,60.954915],[138.206922,60.857035],[138.397526,60.723003],[138.396839,60.620654],[138.316538,60.491307],[138.33563,60.401549],[138.306788,60.313082],[138.21322,60.277813],[138.178408,60.20899],[138.239475,60.173035],[138.211654,60.101969],[138.26242,60.068805],[138.194355,59.91419],[138.272096,59.705773],[138.21759,59.653979],[138.072804,59.640158],[138.022098,59.667668],[138.080477,59.74679],[137.97434,59.772345],[137.631978,59.751303],[137.491184,59.680838],[137.449793,59.613138],[137.501406,59.558085],[137.359772,59.541879],[137.294906,59.494901],[136.821174,59.388431],[136.768574,59.337881],[136.6729,59.345857],[136.317351,59.42381],[136.08988,59.419551],[135.947567,59.458813],[135.826448,59.526107],[135.613066,59.487839],[135.437829,59.396957],[135.26093,59.23396],[135.30238,59.202744],[135.193251,59.114383],[134.988606,59.164912],[134.842509,59.136602],[134.733111,59.157808],[134.716415,59.2047],[134.527989,59.186748],[134.483379,59.139514],[134.365691,59.202258],[134.241695,59.210743],[134.00117,59.26333],[133.869044,59.259041],[133.747541,59.228344],[133.572488,59.251018],[133.51856,59.312262],[133.271917,59.226689],[133.170973,59.24141],[132.988955,59.158992],[132.83699,59.06807],[132.844908,58.993174],[132.777245,58.887027],[132.588076,58.891657],[132.534671,58.820878],[132.546511,58.659689],[132.386507,58.561251],[132.175477,58.489555],[132.170937,58.430252],[132.22858,58.331669],[132.198077,58.254443],[132.111436,58.27843],[131.985865,58.158537],[132.104785,58.122059],[132.066274,58.049308],[131.769774,58.151824],[131.70549,58.201191],[131.495204,58.170494],[131.528286,58.110512],[131.644071,58.079844],[131.580677,58.038557],[131.799213,57.932452],[131.815722,57.868479],[131.879332,57.815483],[132.050971,57.731251],[132.068427,57.68172],[131.942162,57.616709],[131.849116,57.622865],[131.72291,57.56858],[131.780773,57.538616],[131.60628,57.4282],[131.608751,57.309362],[131.508821,57.268152],[131.255328,57.29879],[131.202333,57.20329],[131.333482,57.186913],[131.4323,57.137788],[131.507657,57.04964],[131.66088,56.907639],[131.759408,56.868136],[131.831681,56.742746],[131.700781,56.690527],[131.69251,56.526286],[131.501157,56.564587],[131.408278,56.509243],[131.222116,56.520844],[131.167571,56.435544],[131.103629,56.409936],[131.140401,56.290778],[131.073342,56.209382],[130.991287,56.167585],[130.971521,56.080218],[130.896693,56.018642],[130.93553,55.963596],[130.86022,55.915099],[130.964553,55.800008],[130.952768,55.712176]]]]}},{"type":"Feature","properties":{"id":"r76","name":"Кемеровская область — Кузбасс","sourceName":"Кемеровская область","disputed":false},"geometry":{"type":"MultiPolygon","coordinates":[[[[84.45382,56.043149],[84.529289,55.975096],[84.497994,55.917215],[84.549343,55.802138],[84.539147,55.718644],[84.683261,55.681579],[84.740925,55.641355],[84.784063,55.525339],[84.755728,55.468435],[84.621925,55.403696],[84.691568,55.372194],[84.856888,55.373887],[84.914373,55.27573],[84.818268,55.227091],[84.927188,55.163608],[84.8781,55.02024],[84.90761,54.945771],[84.97177,54.944508],[85.088092,54.816346],[85.002817,54.799558],[84.894531,54.72854],[85.004037,54.680076],[85.010792,54.637058],[84.931938,54.60875],[85.116875,54.437789],[85.159972,54.452634],[85.425309,54.187304],[85.53601,54.226006],[85.624222,54.214501],[85.690469,54.144769],[85.749045,54.164294],[85.871253,54.037556],[86.048114,54.010187],[86.124254,53.982905],[86.184139,53.811626],[86.295755,53.829757],[86.393733,53.597287],[86.497461,53.571923],[86.538865,53.527643],[86.813396,53.461834],[86.904921,53.412325],[86.809388,53.295087],[86.691453,53.237471],[86.64421,53.180464],[86.840509,53.116922],[86.874548,53.083015],[87.001462,53.062706],[87.063437,53.025748],[87.019462,52.97432],[87.007914,52.899184],[86.912424,52.846971],[86.946332,52.789268],[87.053243,52.704893],[87.16865,52.696089],[87.1327,52.617593],[87.174017,52.588911],[87.297967,52.592209],[87.428271,52.49947],[87.542327,52.482901],[87.653327,52.422416],[87.75407,52.484511],[87.84665,52.492152],[87.891813,52.538161],[88.000199,52.519339],[88.123465,52.462634],[88.143614,52.428852],[88.25208,52.399897],[88.369192,52.441723],[88.441906,52.335631],[88.380696,52.273858],[88.375832,52.177457],[88.475288,52.170883],[88.700993,52.270618],[88.699479,52.363788],[88.986759,52.495625],[89.013374,52.552605],[89.110396,52.58785],[89.053054,52.705816],[89.137409,52.706822],[89.2194,52.857751],[89.116679,52.903341],[89.075433,52.958189],[88.941186,52.964502],[88.935776,53.045581],[89.062157,53.131653],[89.005738,53.19619],[89.036455,53.280057],[88.945876,53.317429],[88.910521,53.392139],[88.786875,53.382874],[88.859936,53.464],[88.874174,53.597039],[89.002941,53.687142],[89.044724,53.79211],[89.188202,53.795978],[89.237828,53.818508],[89.165088,53.885376],[89.194799,53.952626],[89.074112,53.956496],[89.007465,54.000501],[89.041004,54.108859],[89.127271,54.117711],[89.201,54.1834],[89.21672,54.24977],[89.125804,54.345714],[89.029732,54.331375],[88.906129,54.403487],[88.83563,54.420038],[88.663695,54.328411],[88.5812,54.323219],[88.363813,54.382062],[88.524409,54.415688],[88.592093,54.54169],[88.595401,54.68305],[88.659798,54.76744],[88.754163,54.790547],[88.732001,54.892945],[88.673682,54.949111],[88.550427,55.001677],[88.560741,55.119048],[88.518298,55.143557],[88.442366,55.304549],[88.535042,55.342633],[88.601258,55.427377],[88.653079,55.499269],[88.913599,55.660203],[89.140517,55.694502],[89.33202,55.774602],[89.402644,55.866562],[89.320941,55.887192],[89.235652,56.013021],[89.247083,56.070401],[89.126689,56.184532],[89.036652,56.201266],[89.039898,56.300484],[88.860922,56.372908],[88.695147,56.36643],[88.696483,56.418182],[88.593416,56.430664],[88.605597,56.531251],[88.546388,56.529922],[88.500878,56.62189],[88.663149,56.619767],[88.674013,56.680068],[88.624413,56.719298],[88.597557,56.802198],[88.523953,56.768973],[88.424416,56.83442],[88.142033,56.709407],[87.701479,56.551007],[87.596665,56.663656],[87.36458,56.592957],[87.349474,56.635181],[87.149549,56.622909],[87.199818,56.561724],[87.118012,56.535604],[86.848797,56.555901],[86.67819,56.643265],[86.532459,56.577249],[86.382675,56.548036],[86.338887,56.636074],[86.216043,56.628059],[86.195642,56.578759],[86.105171,56.537152],[86.11507,56.499507],[86.002583,56.480861],[85.979234,56.436525],[85.804184,56.411439],[85.81228,56.339641],[85.628966,56.3174],[85.571628,56.266407],[85.671139,56.211846],[85.413864,56.206097],[85.290164,56.228356],[85.11621,56.195871],[84.986862,56.107777],[84.897481,56.162817],[84.45382,56.043149]]]]}},{"type":"Feature","properties":{"id":"r77","name":"Республика Хакасия","sourceName":"Республика Хакасия","disputed":false},"geometry":{"type":"MultiPolygon","coordinates":[[[[88.375832,52.177457],[88.348632,52.118443],[88.252557,52.08198],[88.126426,52.068234],[88.087596,52.000021],[87.993432,51.956262],[87.89145,51.812562],[87.988046,51.75182],[88.110094,51.740266],[88.076042,51.674834],[88.004116,51.641954],[88.000642,51.58864],[87.934449,51.526312],[87.983963,51.466309],[88.119042,51.430628],[88.156395,51.348495],[88.258637,51.353447],[88.445489,51.285126],[88.572836,51.319959],[88.636336,51.386999],[88.702876,51.393362],[88.658053,51.52805],[88.791531,51.553761],[88.950574,51.562961],[89.073396,51.588621],[89.086614,51.623982],[89.20975,51.658379],[89.263824,51.641242],[89.236473,51.554119],[89.371724,51.605179],[89.439673,51.606774],[89.605862,51.532166],[89.709556,51.562191],[89.952207,51.755495],[90.079633,51.730862],[90.136214,51.764436],[90.081351,51.819487],[90.045184,51.973643],[90.158465,52.060766],[90.143443,52.148488],[90.486733,52.195871],[90.568068,52.298085],[90.688385,52.369668],[90.720166,52.470235],[90.894977,52.600995],[91.118591,52.633616],[91.228259,52.615591],[91.314188,52.776589],[91.387412,52.83389],[91.505196,52.993749],[91.419335,53.089087],[91.489048,53.159076],[91.575916,53.139195],[91.738462,53.177746],[91.840148,53.292922],[91.923697,53.349601],[91.903467,53.426054],[91.761159,53.492379],[91.625096,53.533874],[91.567396,53.596858],[91.567944,53.708647],[91.487686,53.737015],[91.427376,53.861709],[91.480156,53.945136],[91.564056,54.019147],[91.573678,54.091245],[91.52951,54.124141],[91.416507,54.279602],[91.250915,54.414755],[91.260237,54.506586],[91.09651,54.586661],[90.918748,54.653634],[90.914141,54.722113],[90.945677,54.848132],[90.780531,54.871266],[90.779157,54.912112],[90.507234,54.904443],[90.52982,54.989815],[90.499215,55.060849],[90.24387,55.078872],[90.216932,55.153584],[90.120482,55.109682],[89.995627,55.124243],[89.724446,55.068499],[89.664379,55.000658],[89.580251,55.087853],[89.371978,55.04258],[89.278195,55.042068],[89.27278,55.094979],[89.170443,55.124705],[89.064119,55.120055],[89.086482,55.189799],[89.009895,55.233704],[89.011422,55.323647],[88.900361,55.340356],[88.874789,55.391738],[88.750821,55.392331],[88.742338,55.431879],[88.601258,55.427377],[88.535042,55.342633],[88.442366,55.304549],[88.518298,55.143557],[88.560741,55.119048],[88.550427,55.001677],[88.673682,54.949111],[88.732001,54.892945],[88.754163,54.790547],[88.659798,54.76744],[88.595401,54.68305],[88.592093,54.54169],[88.524409,54.415688],[88.363813,54.382062],[88.5812,54.323219],[88.663695,54.328411],[88.83563,54.420038],[88.906129,54.403487],[89.029732,54.331375],[89.125804,54.345714],[89.21672,54.24977],[89.201,54.1834],[89.127271,54.117711],[89.041004,54.108859],[89.007465,54.000501],[89.074112,53.956496],[89.194799,53.952626],[89.165088,53.885376],[89.237828,53.818508],[89.188202,53.795978],[89.044724,53.79211],[89.002941,53.687142],[88.874174,53.597039],[88.859936,53.464],[88.786875,53.382874],[88.910521,53.392139],[88.945876,53.317429],[89.036455,53.280057],[89.005738,53.19619],[89.062157,53.131653],[88.935776,53.045581],[88.941186,52.964502],[89.075433,52.958189],[89.116679,52.903341],[89.2194,52.857751],[89.137409,52.706822],[89.053054,52.705816],[89.110396,52.58785],[89.013374,52.552605],[88.986759,52.495625],[88.699479,52.363788],[88.700993,52.270618],[88.475288,52.170883],[88.375832,52.177457]],[[88.634506,55.31622],[88.646141,55.318868],[88.664144,55.303534],[88.651407,55.299072],[88.634506,55.31622]]]]}},{"type":"Feature","properties":{"id":"r78","name":"Ярославская область","sourceName":"Ярославская область","disputed":false},"geometry":{"type":"MultiPolygon","coordinates":[[[[37.628222,58.482944],[37.624237,58.420457],[37.368606,58.338433],[37.38433,58.202757],[37.582835,58.161892],[37.605225,58.07703],[37.51363,58.041175],[37.499022,57.987764],[37.407551,57.939816],[37.379967,57.837475],[37.649168,57.703003],[37.736112,57.621813],[37.85767,57.5797],[37.800582,57.501326],[37.882599,57.39494],[38.016234,57.336215],[38.089051,57.331697],[38.284207,57.365971],[38.32641,57.282261],[38.245701,57.239084],[38.148415,57.224503],[38.161622,57.170992],[38.242694,57.117297],[38.251866,57.028605],[38.194199,56.902533],[38.108268,56.87657],[38.244299,56.793463],[38.304354,56.759976],[38.318131,56.658578],[38.398327,56.68225],[38.492388,56.648677],[38.531709,56.590182],[38.620283,56.576062],[38.841929,56.605497],[38.972406,56.535227],[39.106371,56.571705],[39.273024,56.536674],[39.323495,56.578197],[39.312824,56.660539],[39.402019,56.771048],[39.379646,56.833224],[39.501841,56.935981],[39.621221,57.060488],[39.723018,57.074697],[39.824378,57.128063],[39.853334,57.17419],[40.193111,57.203873],[40.29796,57.287611],[40.430464,57.285829],[40.443977,57.417478],[40.40563,57.493452],[40.524801,57.59297],[40.631984,57.56882],[40.707318,57.625776],[40.673414,57.697475],[40.638259,57.864494],[40.597672,57.897109],[40.680084,57.981601],[40.809087,58.006626],[40.892504,58.138565],[40.882116,58.178652],[41.037442,58.283714],[41.138783,58.306043],[41.189698,58.350375],[41.048341,58.441757],[41.078738,58.468862],[41.019201,58.541739],[40.930072,58.576336],[40.69444,58.594323],[40.512763,58.546907],[40.185873,58.555134],[40.088303,58.595198],[40.014392,58.721089],[39.870957,58.752406],[39.793261,58.837057],[39.571404,58.875857],[39.234881,58.915334],[39.124124,58.95099],[38.944178,58.907422],[39.005826,58.832894],[38.842299,58.746996],[38.690658,58.747472],[38.557291,58.772827],[38.482592,58.699892],[38.412961,58.726816],[38.064554,58.730111],[37.927378,58.647451],[37.712146,58.625677],[37.694258,58.523322],[37.628222,58.482944]]]]}},{"type":"Feature","properties":{"id":"r79","name":"Удмуртская Республика","sourceName":"Удмуртская республика","disputed":false},"geometry":{"type":"MultiPolygon","coordinates":[[[[53.842667,56.617525],[53.853217,56.599894],[53.957127,56.602785],[54.044127,56.642096],[53.889345,56.645707],[53.882409,56.625908],[53.842667,56.617525]]],[[[53.785599,58.455538],[53.620923,58.474256],[53.488413,58.440007],[53.373651,58.384282],[53.213692,58.401361],[53.160667,58.450482],[53.179509,58.500687],[53.090581,58.522298],[52.892691,58.533618],[52.843074,58.392879],[52.327908,58.436177],[52.173006,58.489411],[51.964705,58.453088],[51.794519,58.339565],[51.820346,58.285681],[51.685395,58.148137],[51.790292,58.146398],[51.897684,58.012314],[51.891882,57.948546],[51.824634,57.913884],[51.872235,57.828392],[51.954249,57.766864],[51.883104,57.69754],[51.832307,57.571415],[51.767267,57.575104],[51.705575,57.517389],[51.530113,57.458263],[51.400422,57.468212],[51.165254,57.440762],[51.124165,57.243277],[51.208393,57.200064],[51.219129,57.086311],[51.427397,56.895925],[51.513325,56.879499],[51.483415,56.799073],[51.391373,56.766567],[51.393202,56.666895],[51.180423,56.684637],[51.137559,56.529242],[51.19735,56.433924],[51.403791,56.286327],[51.378545,56.199425],[51.444008,56.127376],[51.64003,56.135744],[51.635028,56.090631],[51.489833,56.068076],[51.397933,56.029644],[51.417425,55.960242],[51.647675,55.971199],[51.76259,55.922068],[51.884322,55.93559],[51.952489,55.989862],[52.023252,55.969476],[52.088767,55.900923],[52.234172,55.947442],[52.206527,56.020273],[52.319793,56.072618],[52.379718,56.019136],[52.558678,56.035469],[52.699262,55.999127],[52.756607,56.06278],[52.87093,56.115299],[52.84695,56.187453],[52.737629,56.221247],[52.55531,56.242863],[52.733103,56.361814],[52.812366,56.397297],[52.924081,56.400796],[52.967203,56.520349],[53.093198,56.52073],[53.087366,56.453921],[53.006075,56.43261],[52.96874,56.279893],[52.999291,56.177529],[53.064148,56.129808],[53.155232,56.158943],[53.193653,56.103465],[53.33283,56.062106],[53.370341,56.102424],[53.306748,56.250358],[53.426542,56.275065],[53.48834,56.234566],[53.575332,56.236981],[53.568052,56.125731],[53.480002,56.101205],[53.451607,56.018596],[53.295859,55.947775],[53.200002,55.926013],[53.271711,55.859569],[53.413967,55.858484],[53.532241,55.906764],[53.697341,55.925082],[53.791142,55.972595],[53.84536,56.044852],[53.974165,56.005389],[54.035782,56.022081],[54.087819,56.108145],[54.195177,56.198227],[54.392322,56.258322],[54.377579,56.378702],[54.328795,56.482895],[54.244086,56.458165],[54.191302,56.534463],[54.10796,56.541972],[54.054993,56.592409],[53.84102,56.59672],[53.838854,56.625688],[53.851004,56.654217],[53.884968,56.662533],[53.796359,56.800024],[53.873961,56.815064],[53.943293,56.761489],[54.014841,56.752071],[54.08791,56.81075],[54.150754,56.922388],[54.153452,56.980931],[54.36676,56.981221],[54.434826,57.035921],[54.311305,57.0841],[54.344605,57.158853],[54.311665,57.305716],[54.141776,57.315905],[54.154916,57.401067],[54.292475,57.432529],[54.143876,57.483947],[54.173095,57.521944],[53.991837,57.559337],[54.126741,57.615644],[54.056055,57.680584],[54.155006,57.71436],[54.130595,57.875985],[54.136468,57.957979],[53.989937,58.069713],[53.881299,58.200116],[53.785463,58.236607],[53.88668,58.31436],[53.772575,58.420644],[53.785599,58.455538]],[[52.198188,56.063163],[52.222115,56.073613],[52.22231,56.056262],[52.198188,56.063163]]]]}},{"type":"Feature","properties":{"id":"r80","name":"Вологодская область","sourceName":"Вологодская область","disputed":false},"geometry":{"type":"MultiPolygon","coordinates":[[[[34.722362,59.084852],[34.864922,59.055515],[34.868292,58.990594],[34.998257,58.939983],[35.17886,58.948819],[35.131941,58.868317],[35.175289,58.816589],[35.295517,58.779846],[35.409386,58.84934],[35.552567,58.847333],[35.57926,58.810316],[35.744992,58.82213],[35.783203,58.753698],[35.962167,58.751129],[35.996759,58.714157],[36.103803,58.724755],[36.116421,58.674069],[36.228686,58.582474],[36.181682,58.51165],[36.503051,58.515478],[36.630504,58.619255],[36.66368,58.701748],[36.829193,58.742107],[36.765447,58.800944],[36.847863,58.836168],[36.959319,58.828296],[37.070959,58.863139],[37.18322,58.826327],[37.202669,58.747582],[37.304705,58.696169],[37.413973,58.583469],[37.512288,58.553923],[37.628222,58.482944],[37.694258,58.523322],[37.712146,58.625677],[37.927378,58.647451],[38.064554,58.730111],[38.412961,58.726816],[38.482592,58.699892],[38.557291,58.772827],[38.690658,58.747472],[38.842299,58.746996],[39.005826,58.832894],[38.944178,58.907422],[39.124124,58.95099],[39.234881,58.915334],[39.571404,58.875857],[39.793261,58.837057],[39.870957,58.752406],[40.014392,58.721089],[40.088303,58.595198],[40.185873,58.555134],[40.512763,58.546907],[40.69444,58.594323],[40.930072,58.576336],[41.052204,58.606772],[41.230467,58.741234],[41.156287,58.803261],[41.243286,58.852072],[41.172,58.931752],[41.268229,58.992002],[41.334083,58.983058],[41.515481,59.013879],[41.525212,59.041272],[41.71442,59.084944],[41.878227,59.083329],[42.001337,59.104732],[42.090339,59.15592],[42.098663,59.24982],[41.951354,59.261145],[41.986462,59.3929],[42.034862,59.429549],[42.216254,59.408483],[42.202767,59.327548],[42.348388,59.304629],[42.573804,59.329918],[42.668402,59.314497],[42.654928,59.264309],[42.799691,59.170034],[43.175206,59.263005],[43.263919,59.246937],[43.420694,59.291302],[43.610897,59.189801],[43.692617,59.25915],[43.900833,59.239426],[43.94817,59.208092],[44.090678,59.234088],[44.207774,59.225699],[44.190221,59.17012],[45.039644,59.121812],[45.056262,59.198298],[45.333896,59.183884],[45.340468,59.216042],[45.979028,59.171648],[46.020292,59.323947],[46.163072,59.313612],[46.165765,59.353715],[46.368871,59.343196],[46.406308,59.496395],[46.408911,59.618645],[46.78983,59.593086],[46.79716,59.623604],[47.117822,59.598969],[47.152877,59.752233],[46.922349,59.765497],[47.034772,60.126381],[46.920587,60.123228],[46.835014,60.054234],[46.588522,60.080352],[46.378059,60.12861],[46.329626,60.214766],[46.415822,60.268916],[46.510605,60.243046],[46.635985,60.2627],[46.763025,60.233679],[46.816341,60.297448],[46.758457,60.36478],[46.871727,60.414204],[46.873836,60.513505],[46.952612,60.535232],[47.013141,60.624541],[46.964361,60.657176],[47.03308,60.725683],[47.072164,60.844481],[46.820444,60.881563],[46.823677,60.963126],[46.542857,60.982266],[46.552399,61.023029],[46.312821,60.995849],[46.299524,60.968742],[45.759413,61.011219],[45.809008,61.161534],[45.338405,61.195118],[45.251136,60.89404],[44.92503,60.910785],[44.159802,60.965034],[44.180954,61.061493],[43.978624,61.057391],[43.782949,61.037182],[43.734947,60.881055],[43.544626,60.85791],[43.523734,60.766376],[43.135143,60.809201],[43.077678,60.744464],[42.994978,60.729891],[42.919692,60.813687],[42.658296,60.887947],[42.566334,60.819468],[42.570482,60.773183],[42.429209,60.768388],[42.173689,60.786259],[42.111598,60.835738],[41.926889,60.84368],[41.94381,60.905249],[41.824642,60.916387],[41.768515,60.873382],[41.509109,60.895225],[41.377683,60.85032],[41.424661,60.818025],[41.342462,60.687545],[41.140831,60.635816],[41.085131,60.666039],[40.895154,60.684256],[40.785138,60.715341],[40.72106,60.780623],[40.574868,60.719656],[40.453539,60.777337],[40.333945,60.6991],[40.185938,60.671378],[40.048809,60.674312],[39.885604,60.65393],[39.758875,60.741187],[39.375122,60.687016],[39.19359,60.722709],[39.143225,60.679941],[38.89625,60.7715],[38.807283,60.708491],[38.619959,60.716362],[38.586728,60.797676],[38.404946,60.806727],[38.392299,60.892972],[38.21795,60.931051],[38.181332,60.985107],[38.211378,61.063861],[38.123649,61.160507],[38.007959,61.141705],[38.018173,61.224792],[37.872908,61.290487],[37.88074,61.366033],[37.823888,61.400439],[37.81674,61.529811],[37.705644,61.539714],[37.467147,61.511015],[37.30461,61.510119],[37.29236,61.550556],[37.170795,61.557221],[37.029972,61.614232],[36.883783,61.56252],[36.695913,61.560066],[36.584329,61.53946],[36.459932,61.407254],[35.697879,61.207401],[35.696684,61.003459],[35.526136,60.920639],[35.461678,60.856936],[35.241953,60.834339],[35.175541,60.770072],[35.237252,60.714475],[35.298761,60.601439],[35.237984,60.291391],[35.162628,60.256032],[35.155502,60.151927],[35.321386,59.980802],[35.446386,59.977593],[35.447103,59.916773],[35.375027,59.8579],[35.407351,59.719425],[35.615236,59.712406],[35.605574,59.614381],[35.49466,59.651901],[35.493687,59.535701],[35.316317,59.520275],[35.440613,59.425505],[35.178108,59.257808],[34.999124,59.246607],[34.84926,59.201096],[34.834593,59.127253],[34.722362,59.084852]]]]}},{"type":"Feature","properties":{"id":"r81","name":"Республика Ингушетия","sourceName":"Ингушетия","disputed":false},"geometry":{"type":"MultiPolygon","coordinates":[[[[44.847608,43.56497],[44.797311,43.594948],[44.63363,43.614966],[44.503346,43.587919],[44.479066,43.513722],[44.486887,43.434263],[44.577958,43.416361],[44.568979,43.234828],[44.653688,43.219464],[44.697017,43.270732],[44.773101,43.1577],[44.903326,43.096648],[44.953009,42.946579],[44.882929,42.912537],[44.853651,42.835576],[44.75094,42.843453],[44.701413,42.884269],[44.630115,42.883143],[44.678461,42.756177],[44.737557,42.728843],[44.766573,42.642795],[44.803788,42.61473],[44.887471,42.747044],[44.979751,42.744936],[45.086794,42.712221],[45.169194,42.82898],[45.242798,42.890254],[45.183265,43.008968],[45.189526,43.137981],[45.149602,43.149519],[45.104046,43.322612],[45.14014,43.400318],[45.066798,43.508619],[44.874142,43.534042],[44.847608,43.56497]]]]}},{"type":"Feature","properties":{"id":"r82","name":"Челябинская область","sourceName":"Челябинская область","disputed":false},"geometry":{"type":"MultiPolygon","coordinates":[[[[59.04205,56.168357],[59.239408,56.129463],[59.330086,56.156337],[59.308165,56.04629],[59.192583,56.025162],[59.24644,55.9488],[59.221148,55.85022],[59.135546,55.789102],[59.27135,55.788039],[59.320522,55.761379],[59.298611,55.701453],[59.335809,55.63157],[59.464419,55.643457],[59.468494,55.594828],[59.65493,55.591895],[59.578942,55.516595],[59.281366,55.463963],[59.183238,55.468431],[59.144287,55.412556],[59.160041,55.342419],[59.086392,55.325815],[58.725384,55.289678],[58.693031,55.23194],[58.773067,55.212571],[58.693034,55.150735],[58.806493,55.028715],[58.727088,54.967864],[58.59768,54.956288],[58.529352,54.972677],[58.362464,55.140886],[58.271146,55.171377],[58.128532,55.127048],[58.193243,55.070535],[58.128323,55.017213],[58.117319,54.938628],[58.005081,54.906153],[57.932921,54.948617],[58.008779,54.99885],[58.04041,55.068191],[58.005712,55.142425],[58.117674,55.191703],[58.023161,55.276526],[57.882886,55.302333],[57.641291,55.301479],[57.530101,55.337019],[57.393947,55.317228],[57.263255,55.219152],[57.241546,55.1496],[57.131288,55.085049],[57.259434,54.950259],[57.156626,54.870329],[57.244966,54.772469],[57.603152,54.67859],[57.627054,54.617672],[57.746043,54.58186],[57.753361,54.501668],[57.826507,54.48549],[57.901312,54.420698],[58.012124,54.396783],[58.16921,54.502576],[58.38526,54.560103],[58.587267,54.464],[58.714982,54.47789],[58.739246,54.536906],[58.953697,54.584371],[59.065343,54.649671],[59.263303,54.616893],[59.288845,54.658241],[59.522773,54.779786],[59.53682,54.841409],[59.617976,54.906111],[59.736906,54.885739],[59.875479,54.838432],[59.947215,54.770372],[59.853775,54.609024],[59.689025,54.521804],[59.739901,54.455659],[59.736071,54.400688],[59.67179,54.33965],[59.755019,54.314268],[59.789291,54.244344],[59.715218,54.19512],[59.707982,54.141639],[59.525348,54.186125],[59.325654,54.187793],[59.188185,54.003595],[59.10879,53.956286],[59.051317,53.97076],[58.954468,53.923664],[58.907744,53.862662],[58.925523,53.784827],[58.891255,53.719639],[58.906865,53.642514],[58.813353,53.591603],[58.906374,53.547702],[58.90021,53.276521],[58.913414,53.056053],[58.839127,53.024017],[58.7608,52.849632],[58.804657,52.695086],[58.751016,52.611018],[58.824027,52.593299],[58.781245,52.520394],[58.796148,52.431792],[58.854927,52.425806],[59.001885,52.42465],[59.001908,52.361888],[59.165674,52.276502],[59.217112,52.304759],[59.249241,52.476566],[59.547646,52.442167],[59.658279,52.441261],[59.677565,52.408694],[59.824166,52.480058],[59.918259,52.42202],[60.037555,52.422929],[60.162998,52.400119],[60.173892,52.260282],[60.055011,52.182318],[59.968139,52.151874],[59.907917,52.040168],[60.0096,51.9938],[60.2011,51.9831],[60.5015,52.1485],[60.6109,52.156],[60.7857,52.227],[60.9737,52.2779],[61.0658,52.3495],[60.990466,52.424097],[60.980854,52.50754],[60.841464,52.521976],[60.8436,52.6317],[60.7195,52.6606],[60.7143,52.7605],[60.8365,52.7771],[60.8899,52.8374],[61.0712,52.9331],[61.1444,52.9934],[61.2591,53.0312],[61.3962,52.9918],[61.4662,53.035],[61.5655,53.0066],[61.6342,52.9535],[61.7329,52.9878],[61.8517,53.0007],[61.961261,52.949689],[62.132,52.9887],[62.147035,53.0683],[62.1115,53.1161],[61.9257,53.1407],[61.787,53.1825],[61.6829,53.2624],[61.6332,53.2221],[61.5241,53.2156],[61.3704,53.2808],[61.1852,53.2997],[61.1582,53.4036],[61.2272,53.481],[61.3195,53.5093],[61.4239,53.4586],[61.5963,53.5254],[61.5579,53.5907],[61.3958,53.6039],[61.3627,53.5619],[61.2223,53.5627],[61.1249,53.6153],[60.9037,53.6249],[61.1156,53.7203],[61.22659,53.794853],[61.137479,53.904418],[60.9992,53.9072],[61.099897,53.974818],[61.1866,53.9721],[61.294,54.0671],[61.474209,54.082722],[61.4894,54.0275],[61.569781,54.007875],[61.729144,54.030036],[61.893938,54.00885],[61.857614,53.962046],[62.037044,53.947999],[62.006791,54.030387],[62.335692,54.03178],[62.3963,54.0004],[62.4445,53.9286],[62.5163,53.9057],[62.596308,53.953068],[62.5924,54.0694],[62.8213,54.1087],[63.0583,54.098],[63.1547,54.1204],[63.1534,54.1845],[63.3541,54.1904],[63.344,54.251514],[63.171626,54.308113],[63.125166,54.380913],[63.181211,54.394922],[63.2851,54.581361],[63.226293,54.609063],[63.199821,54.699085],[62.978433,54.70545],[62.671724,54.624012],[62.550252,54.652031],[62.441153,54.715725],[62.319144,54.670853],[62.077854,54.675609],[62.037149,54.764265],[62.111899,54.798037],[61.995558,54.980732],[62.046347,55.021295],[62.147238,55.03827],[62.237112,55.108568],[62.160815,55.231132],[62.071679,55.259332],[62.161149,55.312684],[62.18825,55.445441],[62.319534,55.413737],[62.47628,55.433965],[62.454923,55.467246],[62.62009,55.490569],[62.523405,55.590302],[62.525893,55.769909],[62.469247,55.800751],[62.360737,55.805429],[62.304293,55.837975],[62.31766,55.947603],[62.238595,55.933735],[62.230419,56.027999],[62.061058,56.130821],[61.851164,56.177883],[61.73458,56.286702],[61.618051,56.320227],[61.581456,56.287675],[61.444061,56.353236],[61.337796,56.314242],[61.154796,56.357224],[61.091777,56.319243],[61.185875,56.208264],[61.103532,56.181438],[60.963869,56.190952],[60.705005,56.242695],[60.679792,56.310093],[60.576364,56.318084],[60.553838,56.221309],[60.363341,56.233296],[60.258947,56.199749],[60.004012,56.220641],[59.863296,56.260554],[59.757861,56.223543],[59.634706,56.248048],[59.714008,56.323517],[59.554775,56.338906],[59.28884,56.327483],[59.159478,56.34547],[59.198336,56.271061],[59.168521,56.198713],[59.04205,56.168357]]]]}},{"type":"Feature","properties":{"id":"r83","name":"Республика Башкортостан","sourceName":"Башкортостан","disputed":false},"geometry":{"type":"MultiPolygon","coordinates":[[[[53.697341,55.925082],[53.879525,55.886982],[53.952013,55.790528],[54.106772,55.774039],[54.240793,55.676896],[54.182916,55.622447],[53.966076,55.529181],[53.8827,55.3707],[53.685995,55.318991],[53.602269,55.262642],[53.616626,55.214323],[53.482911,55.216589],[53.318673,55.16222],[53.158294,55.165716],[53.170297,55.1052],[53.250295,55.10447],[53.319335,55.043372],[53.47511,54.978258],[53.5535,54.8881],[53.636504,54.899498],[53.593066,54.809682],[53.6192,54.7474],[53.571059,54.640495],[53.437896,54.571828],[53.404462,54.397053],[53.432359,54.327856],[53.4366,54.1875],[53.500606,54.056129],[53.57019,53.946731],[53.644587,53.753514],[53.850762,53.684026],[54.074814,53.441663],[54.151671,53.387978],[54.253711,53.361851],[54.316259,53.40333],[54.401955,53.369312],[54.547572,53.355177],[54.552032,53.263175],[54.675103,53.225767],[54.840853,53.252209],[54.927072,53.211115],[54.956557,53.119799],[55.053578,52.958721],[55.122748,52.914446],[55.1395,52.814367],[55.245713,52.818871],[55.34878,52.851411],[55.420737,52.791133],[55.427082,52.733112],[55.367311,52.683087],[55.269045,52.700114],[55.280618,52.630418],[55.403601,52.66772],[55.463937,52.624612],[55.499997,52.462045],[55.618275,52.371895],[55.773394,52.345755],[55.88206,52.396155],[55.848236,52.470308],[55.872231,52.5345],[55.944062,52.515294],[56.036609,52.570241],[56.067469,52.623386],[56.148457,52.632301],[56.26441,52.545861],[56.322344,52.580871],[56.445379,52.581714],[56.3508,52.496325],[56.432392,52.428407],[56.453994,52.297024],[56.338466,52.274525],[56.200487,52.166709],[56.268194,52.12193],[56.427945,52.144086],[56.487422,52.169284],[56.616321,52.128919],[56.704598,52.060058],[56.610845,51.827073],[56.743173,51.771281],[56.771116,51.666638],[56.723,51.591497],[56.892302,51.606433],[56.886129,51.677138],[56.795624,51.747499],[56.996857,51.720548],[57.002686,51.666984],[57.095569,51.66702],[57.160507,51.575738],[57.305837,51.60709],[57.407274,51.691396],[57.395935,51.727277],[57.573735,51.725647],[57.610925,51.785107],[57.715197,51.860028],[57.754365,51.825371],[57.912408,51.83583],[57.955184,51.793786],[58.109535,51.791877],[58.188301,51.733406],[58.329165,51.770234],[58.574905,51.771697],[58.574732,51.827034],[58.655641,51.893001],[58.652715,52.078787],[58.616724,52.136593],[58.742554,52.25867],[58.890892,52.250576],[58.952477,52.28167],[58.945428,52.339689],[58.837006,52.355784],[58.854927,52.425806],[58.796148,52.431792],[58.781245,52.520394],[58.824027,52.593299],[58.751016,52.611018],[58.804657,52.695086],[58.7608,52.849632],[58.839127,53.024017],[58.913414,53.056053],[58.90021,53.276521],[58.906374,53.547702],[58.813353,53.591603],[58.906865,53.642514],[58.891255,53.719639],[58.925523,53.784827],[58.907744,53.862662],[58.954468,53.923664],[59.051317,53.97076],[59.10879,53.956286],[59.188185,54.003595],[59.325654,54.187793],[59.525348,54.186125],[59.707982,54.141639],[59.715218,54.19512],[59.789291,54.244344],[59.755019,54.314268],[59.67179,54.33965],[59.736071,54.400688],[59.739901,54.455659],[59.689025,54.521804],[59.853775,54.609024],[59.947215,54.770372],[59.875479,54.838432],[59.736906,54.885739],[59.617976,54.906111],[59.53682,54.841409],[59.522773,54.779786],[59.288845,54.658241],[59.263303,54.616893],[59.065343,54.649671],[58.953697,54.584371],[58.739246,54.536906],[58.714982,54.47789],[58.587267,54.464],[58.38526,54.560103],[58.16921,54.502576],[58.012124,54.396783],[57.901312,54.420698],[57.826507,54.48549],[57.753361,54.501668],[57.746043,54.58186],[57.627054,54.617672],[57.603152,54.67859],[57.244966,54.772469],[57.156626,54.870329],[57.259434,54.950259],[57.131288,55.085049],[57.241546,55.1496],[57.263255,55.219152],[57.393947,55.317228],[57.530101,55.337019],[57.641291,55.301479],[57.882886,55.302333],[58.023161,55.276526],[58.117674,55.191703],[58.005712,55.142425],[58.04041,55.068191],[58.008779,54.99885],[57.932921,54.948617],[58.005081,54.906153],[58.117319,54.938628],[58.128323,55.017213],[58.193243,55.070535],[58.128532,55.127048],[58.271146,55.171377],[58.362464,55.140886],[58.529352,54.972677],[58.59768,54.956288],[58.727088,54.967864],[58.806493,55.028715],[58.693034,55.150735],[58.773067,55.212571],[58.693031,55.23194],[58.725384,55.289678],[59.086392,55.325815],[59.160041,55.342419],[59.144287,55.412556],[59.183238,55.468431],[59.281366,55.463963],[59.578942,55.516595],[59.65493,55.591895],[59.468494,55.594828],[59.464419,55.643457],[59.335809,55.63157],[59.298611,55.701453],[59.320522,55.761379],[59.27135,55.788039],[59.135546,55.789102],[59.221148,55.85022],[59.24644,55.9488],[59.192583,56.025162],[59.308165,56.04629],[59.330086,56.156337],[59.239408,56.129463],[59.04205,56.168357],[58.96063,56.065224],[58.71401,56.094745],[58.582806,56.16517],[58.469786,56.121835],[58.25713,56.10478],[58.164541,56.140715],[58.071391,56.116052],[57.912709,56.106608],[57.893824,56.141311],[57.686242,56.136622],[57.645798,56.093041],[57.521365,56.096742],[57.473738,56.13444],[57.50828,56.19462],[57.4065,56.27247],[57.406237,56.34266],[57.285038,56.304739],[57.219294,56.249383],[57.167776,56.162307],[57.064534,56.159073],[56.921333,56.103883],[56.85044,56.166111],[56.783004,56.164346],[56.725129,56.230841],[56.652679,56.232966],[56.40723,56.40379],[56.267411,56.305743],[56.162298,56.317164],[56.081113,56.290316],[55.952536,56.373755],[55.919867,56.449547],[55.83681,56.42065],[55.774309,56.445925],[55.691955,56.408486],[55.522033,56.380746],[55.459557,56.331608],[55.196512,56.307451],[55.116014,56.3494],[55.021814,56.324292],[54.788421,56.426413],[54.679644,56.4862],[54.5398,56.5114],[54.4864,56.4107],[54.377579,56.378702],[54.392322,56.258322],[54.195177,56.198227],[54.087819,56.108145],[54.035782,56.022081],[53.974165,56.005389],[53.84536,56.044852],[53.791142,55.972595],[53.697341,55.925082]]]]}},{"type":"Feature","properties":{"id":"r84","name":"Республика Крым","sourceName":"Республика Крым","disputed":true},"geometry":{"type":"MultiPolygon","coordinates":[[[[33.696591,44.1910397],[33.9514382,44.184598],[34.2375152,44.2321868],[34.5551531,44.405695],[34.6661359,44.547163],[34.8085382,44.6038903],[34.9291911,44.6108698],[35.0602428,44.5838827],[35.1585704,44.5927308],[35.3016121,44.6497386],[35.3975542,44.7373268],[35.5347937,44.7754503],[35.6322493,44.8491155],[35.7803291,44.7955387],[36.0327666,44.8108361],[36.1028199,44.8336163],[36.2162022,44.8192829],[36.5091495,44.8756119],[36.6097225,44.9406672],[36.530486,45.1992024],[36.5941742,45.252542],[36.6030245,45.3093876],[36.6635019,45.3599397],[36.6815681,45.4566115],[36.6684499,45.6266206],[36.3387005,45.6715002],[36.1353542,45.6476547],[35.9817734,45.6167329],[35.8711492,45.6454011],[35.7357321,45.6327546],[35.6275014,45.5744253],[35.5764936,45.4903874],[35.459695,45.5603381],[35.4290297,45.6175579],[35.3373014,45.6827713],[35.2334204,45.7917299],[34.9750748,45.7619919],[34.7990874,45.8104643],[34.8021689,45.9006479],[34.6699108,45.9676437],[34.5611691,45.9943843],[34.4985264,45.9425606],[34.4430184,45.9618096],[34.320021,46.0682092],[34.2477875,46.0532232],[34.1174996,46.1072692],[34.0526389,46.1091293],[33.811324,46.203796],[33.7358354,46.1861025],[33.6152408,46.2262179],[33.6355706,46.1463365],[33.5721329,46.1025643],[33.5911874,46.0612472],[33.5407189,46.0120312],[32.9687926,45.8740416],[32.8714205,45.833181],[32.7727018,45.8266419],[32.5890615,45.7123247],[32.3502547,45.6164136],[32.23115,45.4915401],[32.2027213,45.3829294],[32.229222,45.2890568],[32.314094,45.195744],[32.3800301,45.1645297],[32.6313994,45.1120768],[32.8314558,45.1507864],[32.8902144,45.0890467],[33.0279839,45.0074406],[33.192902,44.9506562],[33.2951871,44.9405202],[33.5542562,44.8402319],[33.6161203,44.711976],[33.7265921,44.716636],[33.7769711,44.690265],[33.7168675,44.6332156],[33.8272108,44.5712636],[33.8456566,44.519124],[33.9244377,44.423187],[33.7617836,44.3893566],[33.696591,44.1910397]]]]}},{"type":"Feature","properties":{"id":"r85","name":"г. Севастополь","sourceName":"г. Севастополь","disputed":true},"geometry":{"type":"MultiPolygon","coordinates":[[[[33.696591,44.1910397],[33.7617836,44.3893566],[33.9244377,44.423187],[33.8456566,44.519124],[33.8272108,44.5712636],[33.7168675,44.6332156],[33.7769711,44.690265],[33.7265921,44.716636],[33.6161203,44.711976],[33.5542562,44.8402319],[33.2951871,44.9405202],[33.2511423,44.8492319],[33.2462933,44.763327],[33.1406578,44.6958248],[33.0914175,44.5894752],[33.1270087,44.4802021],[33.2953982,44.3348338],[33.4203481,44.2946542],[33.4779254,44.2581591],[33.696591,44.1910397]]]]}}]}